,residual,rolling_mean,rolling_std,z_score,is_anomaly
0,10.209410853338113,,,,False
1,-11.453695994854115,,,,False
2,-4.3802546314179835,,,,False
3,-5.234004324978741,,,,False
4,-21.675546683889706,,,,False
5,-5.549297615200203,,,,False
6,-15.892832515239661,,,,False
7,5.056265460392865,,,,False
8,0.8506208864004066,,,,False
9,13.950182536965599,,,,False
10,-11.118612056931852,,,,False
11,-55.28097119454151,,,,False
12,-26.011696443289566,,,,False
13,-19.839577720838633,,,,False
14,-55.86602043703806,,,,False
15,-30.325454498434055,,,,False
16,-15.431729272055463,,,,False
17,-28.934756260406857,,,,False
18,28.314196941465298,,,,False
19,69.31785561667084,,,,False
20,91.99823945313688,,,,False
21,47.42555421987163,,,,False
22,-15.496567203569384,,,,False
23,18.547719631898417,,,,False
24,41.69463500348934,,,,False
25,27.608142024457493,,,,False
26,26.34704425651421,,,,False
27,5.71320187463175,,,,False
28,-0.9761124410570119,,,,False
29,20.96775772917863,,,,False
30,-8.160155252784534,,,,False
31,2.343363473618183,,,,False
32,-5.406390290567288,,,,False
33,-18.41657360647025,,,,False
34,-5.930710516977342,,,,False
35,-54.621659902578585,,,,False
36,-43.88540315921887,,,,False
37,9.021293454819897,,,,False
38,-8.678029382514978,,,,False
39,18.088802784079462,,,,False
40,36.58774318145515,,,,False
41,51.6099379837633,,,,False
42,96.32941327825779,,,,False
43,77.62336846475614,,,,False
44,18.492531997168044,,,,False
45,-26.928926995378788,,,,False
46,-83.34049077245595,,,,False
47,-16.876559643602377,,,,False
48,31.297118755817337,,,,False
49,26.259060691308832,,,,False
50,26.014712161034367,,,,False
51,-7.39966663048267,,,,False
52,-19.560925401216764,,,,False
53,-5.332542902290925,,,,False
54,10.590446790397209,,,,False
55,20.1894009792386,,,,False
56,35.57544212746018,,,,False
57,42.81806525638103,,,,False
58,26.620042105364746,,,,False
59,-28.45224142123459,,,,False
60,-19.734781529206202,,,,False
61,17.61699374290106,,,,False
62,17.172552340257198,,,,False
63,35.51791731147773,,,,False
64,46.44861245643506,,,,False
65,19.070946660626078,,,,False
66,-0.4984227502761769,,,,False
67,-25.544712550502936,,,,False
68,-50.722487644404055,,,,False
69,-79.57612109747515,,,,False
70,-86.47103197041747,,,,False
71,-16.322798472708428,,,,False
72,25.28603936094055,,,,False
73,10.006830013829585,,,,False
74,-18.05736392658946,,,,False
75,-33.497838780104985,,,,False
76,-62.50444451578278,,,,False
77,-52.80348367422221,,,,False
78,-38.05292964777948,,,,False
79,-27.204827472558577,,,,False
80,-5.296655861127306,,,,False
81,-5.616811996212618,,,,False
82,-16.170429333650986,,,,False
83,-66.16533737564384,,,,False
84,-83.48630072541835,,,,False
85,-82.7494100944698,,,,False
86,-65.2165548766493,,,,False
87,-39.923353186065015,,,,False
88,6.028872129571482,,,,False
89,7.409995463758833,,,,False
90,5.314071631103843,,,,False
91,-19.363169710099783,,,,False
92,-70.12388157691953,,,,False
93,-88.49684036550525,,,,False
94,-109.43798438558588,,,,False
95,-54.920668316978436,,,,False
96,-17.040237724202825,,,,False
97,-12.73839175415037,,,,False
98,-11.105455988270023,,,,False
99,-37.5727519898594,,,,False
100,-26.187738966643792,,,,False
101,-10.07159255239958,,,,False
102,-9.031923859870517,,,,False
103,3.5693281298339343,,,,False
104,14.526297715643068,,,,False
105,4.599572704410548,,,,False
106,18.08329909919496,,,,False
107,-37.57784101355378,,,,False
108,4.285033343625173,,,,False
109,51.482373123157004,,,,False
110,31.790264000040224,,,,False
111,48.718015452361215,,,,False
112,55.806158439803085,,,,False
113,44.841084112554654,,,,False
114,61.0479282379747,,,,False
115,68.02403731119625,,,,False
116,75.4255133723259,,,,False
117,49.8752217439951,,,,False
118,-34.74340560166229,,,,False
119,-11.370386792153113,,,,False
120,26.152228890198558,,,,False
121,20.065605765813643,,,,False
122,6.463437056601151,,,,False
123,-0.6880360034822388,,,,False
124,-8.071191579311972,,,,False
125,2.6634065192877188,,,,False
126,22.85778343280549,,,,False
127,49.99765988443494,,,,False
128,70.16881577131744,,,,False
129,75.16578468155262,,,,False
130,68.78429975466736,,,,False
131,2.4770351626575575,,,,False
132,16.989950630807698,,,,False
133,42.58773981361992,,,,False
134,38.37108786985891,,,,False
135,60.295808232414856,,,,False
136,64.4845647870361,,,,False
137,80.71304668727521,,,,False
138,111.10673179968603,,,,False
139,63.92454600182191,,,,False
140,31.66646878661504,,,,False
141,28.290749735999043,,,,False
142,-27.38173701476444,,,,False
143,5.177459617263139,,,,False
144,57.40230244919644,,,,False
145,68.02592213478692,,,,False
146,59.081378696572756,,,,False
147,21.974328919458458,,,,False
148,-7.613631804478246,,,,False
149,8.403448281848569,,,,False
150,15.538033322560977,,,,False
151,49.85765518813139,,,,False
152,62.42053216953286,,,,False
153,64.85519649787545,,,,False
154,51.54819116293788,,,,False
155,-0.5064897952438514,,,,False
156,3.6703546742855906,,,,False
157,32.25355363858944,,,,False
158,-10.995080718809504,,,,False
159,7.549924767118682,,,,False
160,24.26114768536104,,,,False
161,15.993482094973388,,,,False
162,-10.395329852306759,,,,False
163,12.881110596424378,,,,False
164,25.653956925809325,,,,False
165,-9.733153628486434,,,,False
166,-46.44461663042307,,,,False
167,4.099792881149142,,,,False
168,50.133819540613786,5.533321491433054,40.529728420477305,1.1004391045128914,False
169,31.461852337628443,5.770966781238267,40.67410162651564,0.6316276089461842,False
170,46.91310838208187,6.02641647369352,40.70003122974179,1.0045862539414996,False
171,23.008343141216073,6.331734110678637,40.81373026384699,0.40860291188109454,False
172,0.7835588630498478,6.499843321786941,40.82396939737857,-0.14002274994611752,False
173,-20.85579920790201,6.633528473852057,40.7678863119825,-0.6742887642343723,False
174,13.411122990077729,6.54241834532407,40.812355758221806,0.1682996366454522,False
175,29.519654717016124,6.7168466519033405,40.77850254556839,0.5591869892630691,False
176,41.78849921829692,6.862462064145146,40.81619786381413,0.8556906077014997,False
177,45.168817238473935,7.106139911358815,40.9022030304721,0.9305776830347857,False
178,44.46856757812486,7.291965117915411,41.00427105000648,0.9066519537652792,False
179,-6.152591950052965,7.6228411871717014,41.079027733121144,-0.33533980469839186,False
180,-8.301893986791356,7.915272016007944,40.80248576506255,-0.3974553436811778,False
181,4.621135086286131,8.020687506820432,40.73713348517549,-0.08345094830423991,False
182,-24.14911377114049,8.166286987815223,40.68063484315099,-0.7943681528951447,False
183,-35.89367574248331,8.355078098921757,40.45466209407818,-1.0937862671675183,False
184,-93.81935600629458,8.321933924850034,40.48880909036069,-2.5227042292894146,False
185,-143.39066879455459,7.855340908574801,41.20944189772193,-3.6701785498213773,True
186,-97.1781116445959,7.174055714919161,42.73902772922619,-2.44161303857074,False
187,-70.5943335451127,6.427077687621177,43.45794438245778,-1.7723206269237235,False
188,-56.62010065913205,5.594267037848656,43.58593595477957,-1.427395473657561,False
189,-47.87708255921598,4.709634060989912,43.32919907153693,-1.2136554043702656,False
190,-85.01783298212877,4.142356461114391,43.390422594074536,-2.0548357013563407,False
191,-44.28551351101396,3.7285394029086802,43.90727764524565,-1.0935329059081775,False
192,-23.276968199336352,3.354532062772297,44.04767620685165,-0.6046062483987771,False
193,-25.84402253667713,2.967796329422144,43.9942276835917,-0.6548999808182805,False
194,-39.96708109336487,2.6496286832249143,44.0082424998423,-0.9683801796161821,False
195,-44.096880366074856,2.2549017466184913,44.09173776250597,-1.0512577744692395,False
196,-51.743232708084406,1.9584131618523803,44.235579425254436,-1.2139921431497762,False
197,-52.23057269564856,1.6562279221676934,44.42872631691351,-1.2128819591504283,False
198,-22.717137896481177,1.2205235744008651,44.5968109856125,-0.5367572465799099,False
199,4.882258546516255,1.133874868188385,44.62927599213096,0.08398934544644608,False
200,24.29775095948878,1.1489873388603973,44.63011785984671,0.5186803156855452,False
201,26.449767142197516,1.3257977034440644,44.66281923331723,0.5625253817388147,False
202,24.600566717541255,1.5928592555194678,44.678199347810896,0.5149649672071912,False
203,-20.850823273623064,1.7745930485820784,44.70949690327852,-0.5060539234237287,False
204,-24.300050444269345,1.9756099332782422,44.529974802483714,-0.5900668144119864,False
205,-11.27493932552943,2.0921894137243706,44.43472707936207,-0.30082616948180224,False
206,-34.420723802965995,1.9713785043175291,44.44336540981348,-0.8188421819929917,False
207,-41.04731118956215,1.8181481803862731,44.52460507917824,-0.9627364306481923,False
208,-55.189217982155014,1.4661475019717396,44.62883884417897,-1.2694788157482262,False
209,-82.48719343655716,0.9198560664740602,44.75787294582743,-1.86351682985433,False
210,-49.674073370415044,0.12165885563881927,45.04328167266288,-1.1055085326137613,False
211,-2.8202992349624765,-0.7474095172699476,44.58206671399815,-0.046496043599559514,False
212,0.7031899851501748,-1.2262408726254155,44.16534199401725,0.04368653724082916,False
213,-33.3993755957365,-1.332129813173141,44.13909969747217,-0.726504301228415,False
214,-85.16537697279455,-1.3706443881752701,44.16438423430231,-1.8973372783840656,False
215,-48.41139235065589,-1.3815068060344284,44.18488545057069,-1.0643885361484857,False
216,17.246135853230953,-1.5692141435764138,44.31788944376298,0.42455428796272066,False
217,16.16198532396561,-1.6528509465679992,44.26872387859376,0.4024248884921666,False
218,12.621004940933062,-1.712952585659328,44.2374453478133,0.32402317570313616,False
219,1.743989571833481,-1.7926770333980262,44.199228017792116,0.08001647910700713,False
220,-24.161930571556013,-1.7382505083842397,44.197911966116656,-0.5073470457238429,False
221,0.3586442328034991,-1.7656374439219733,44.21044550899219,0.04804931622535683,False
222,26.450031017500123,-1.7317613300226018,44.209876436329026,0.6374546734621637,False
223,42.798161519265136,-1.637359042956513,44.25325723456266,1.0041186420853252,False
224,52.904208646899406,-1.502783087361117,44.35429250396339,1.226645464571413,False
225,56.54549934141937,-1.39963566760255,44.461056333326894,1.3032784145883576,False
226,52.503721330386384,-1.3179247504297027,44.55532088972689,1.2079734811925849,False
227,-8.61575481108423,-1.1638552312331454,44.69703383236614,-0.1667202259505416,False
228,-10.893677209639463,-1.0457809061727266,44.65069215699418,-0.22055416898893784,False
229,32.1360914324282,-0.9931552852229246,44.63374014680086,0.7422467086264488,False
230,65.71595773519266,-0.906732084690025,44.68401845544454,1.4909735543662819,False
231,92.12919699620602,-0.6177832430535043,44.95774244112927,2.062981262030867,False
232,91.02197622619269,-0.2808113401682169,45.439787373296866,2.009313705988331,False
233,50.44587093426003,-0.015493698681564319,45.84261268757602,1.1007523715291498,False
234,54.059454721999145,0.1712618029472092,45.98452198106821,1.1718767663005751,False
235,13.853151818525703,0.49601107361551466,46.1720297264421,0.2892907421234881,False
236,-7.135037398373925,0.730522171050209,46.139015511024176,-0.17047523624652947,False
237,-25.270433021611098,0.9899712796575312,45.97019391815077,-0.5712484995826835,False
238,-30.409593023514844,1.3132194229662457,45.589641058778,-0.695833783941869,False
239,57.68276419946551,1.6469184643168566,45.146264060551125,1.241206706716467,False
240,72.71136740198153,2.0874277659369396,45.3305508692362,1.5579766466940044,False
241,87.26363798670172,2.3697213852288503,45.622612580265674,1.860785952407167,False
242,12.982589498537664,2.8295833374483275,46.087051724104136,0.22030062200266937,False
243,20.42251596091387,3.0143449649788456,46.065029027989226,0.37790426627882456,False
244,4.03631202262045,3.3352994574849104,45.996902464497715,0.01524042984582733,False
245,9.509538157707539,3.73137538926112,45.71217394466929,0.1264031497482573,False
246,29.14103135415303,4.1022862334987975,45.50302745123052,0.5502654773353354,False
247,44.877348118436316,4.502250287081729,45.425517181345505,0.8888197721595797,False
248,50.09288117222775,4.931310856075746,45.464643313076856,0.9933338749665791,False
249,50.52808693927818,5.261010481274288,45.59068986632485,0.9929017654861153,False
250,44.72659992766671,5.595206308271257,45.7160826281113,0.8559655895654792,False
251,-8.575494979190807,5.95768862530291,45.783845449310625,-0.3174303831814229,False
252,-37.1227692058593,6.300485306234178,45.45502120629582,-0.9553016005650675,False
253,-31.28633756487966,6.5764587081363155,45.045530001703035,-0.8405450279214052,False
254,-37.998345156598134,6.882786520812447,44.60729365237928,-1.0061388621144625,False
255,-20.47702505915163,7.04479967390799,44.39277395006902,-0.619961815497606,False
256,5.899648624205611,7.16055162704438,44.294818082260974,-0.02846615151454321,False
257,-6.0018814557552105,7.159782439512439,44.29483897374566,-0.29713763951300964,False
258,-90.10497185293434,7.079949838801045,44.30646990213301,-2.193470206640333,False
259,-82.72437963718767,6.511979341872247,44.93635968518727,-1.9858386305483398,False
260,-101.55700920302866,6.134829282782437,45.41814181399569,-2.371119429034537,False
261,-87.13780716379893,5.947727332627028,45.79733604087651,-2.0325534745807543,False
262,-104.72456833630804,5.955816815970517,45.78067077937325,-2.4176226181934024,False
263,-55.58827283273945,5.983872863882885,45.7109209754283,-1.3469898304984964,False
264,-29.709720327883815,5.979899027479545,45.716276064853766,-0.7806764335908191,False
265,-20.49406386440978,5.9044854405528735,45.76490141281819,-0.5768295897075558,False
266,-26.754769295615006,5.858320725610853,45.78772579024905,-0.7122670859571527,False
267,-47.55440076051946,5.765170051162371,45.83833413219294,-1.1632091746160274,False
268,-53.62504058085676,5.705755475146537,45.90126988600609,-1.2925741750358735,False
269,-57.2493301665902,5.542438203633365,46.06394967552182,-1.3631433868032128,False
270,-49.82768649304205,5.26161833688223,46.30289275530332,-1.1897594632165742,False
271,-37.136264542767435,5.0187864164466855,46.4849203021959,-0.9068543236207884,False
272,-29.538540649393212,4.776491221966915,46.59846761964226,-0.7363982899921714,False
273,-11.889844173699657,4.514200517413128,46.66722392235916,-0.35151104591960297,False
274,-2.2841046199321227,4.416049226471996,46.684380546820535,-0.14352024741303837,False
275,-63.7740616863548,4.29481468052481,46.67512068211818,-1.4583545874570742,False
276,-63.89815847155455,4.1388847955676615,46.85923873825963,-1.4519451254245694,False
277,-16.75110578541762,3.733032463334449,47.15231937807838,-0.4344248282784445,False
278,-19.708243213051446,3.326880803164362,47.03227783485244,-0.4897726641499391,False
279,3.4478700976610526,3.0203420697531023,47.01347353762339,0.009093734109346616,False
280,22.046555359446984,2.750876918832268,46.87952738128298,0.41160138590302137,False
281,-15.017369653916376,2.549926900496815,46.722836799667526,-0.3759895108624525,False
282,23.316926459455544,2.1936265804582966,46.62653643396534,0.45303171744084064,False
283,62.674455603647175,1.9690372841575876,46.431815456910364,1.3074099671124297,False
284,72.70164171225429,1.9371945358983669,46.38805769205344,1.5254884704620497,False
285,39.23772975677866,1.9209810141122263,46.36268738503352,0.8048875258838591,False
286,-38.250986910671145,1.8576626094264141,46.30403000429359,-0.8662021322199913,False
287,-8.512994228929301,1.8367841492537424,46.3214197451762,-0.22343396284309364,False
288,31.438706703936987,1.8537924383205509,46.317065684357196,0.6387475939696292,False
289,39.575942501860936,1.885259568164232,46.33546465627959,0.8134305593628852,False
290,51.1084241227984,2.0013925249264184,46.405700492515535,1.0582111912262184,False
291,34.231110549759705,2.2671364955585447,46.558982999315155,0.6865264658953424,False
292,6.145052655690961,2.474988558375461,46.62361076773773,0.078716856907511,False
293,15.733828797143588,2.5596090597742878,46.61725574219579,0.28260393126154365,False
294,31.72519988969566,2.6374091923805727,46.62833538894565,0.6238221985554954,False
295,52.186844788348594,2.6901914331953956,46.656371894268844,1.0608766036785053,False
296,67.23520094209312,2.703222295718691,46.669967455090855,1.3827303117035954,False
297,71.03560844412436,2.685760302687594,46.64511563698412,1.4653162974955374,False
298,68.29062675983903,2.6611759203219494,46.607759627696744,1.4081228397109364,False
299,-3.946519026768101,2.6582373905908283,46.60358110330311,-0.14172207931228714,False
300,6.455520797520876,2.6200019489871043,46.60636564624918,0.08229602963779797,False
301,34.90821457641732,2.557297009503254,46.59400127477139,0.6943150766583912,False
302,20.790508918726346,2.5115855497580006,46.5582472047814,0.39260334025399374,False
303,37.35991771001818,2.4069392464774495,46.49688221566326,0.7517273588672194,False
304,12.21961290909644,2.2704160886060407,46.35936091906319,0.2146103100484986,False
305,24.568901681220495,1.9593151845706855,46.11408101491187,0.4902968030380692,False
306,71.41189462573539,1.6251238452489314,45.74186845178324,1.5256650666565812,False
307,59.99431185087565,1.388845052546844,45.27307604718797,1.2944882900654802,False
308,53.87195247121463,1.3654508016483544,45.24157255481779,1.1605808265383744,False
309,44.20695406376103,1.497626299770971,45.362903093693596,0.9415034058948393,False
310,-7.539595933842747,1.5923656112457447,45.4357567451678,-0.20098623197377904,False
311,20.5037895541368,1.7104735938702786,45.38575082262222,0.4140796531870774,False
312,54.669534421777826,1.8017017482564315,45.408159309360975,1.1642804614328992,False
313,30.213194405382865,1.7854352719027493,45.38860761480038,0.6263192599944475,False
314,17.40121913825874,1.5603595116086775,45.15129700613841,0.3508395257061268,False
315,0.4044077495811962,1.3122633237615702,44.94739048862965,-0.020198182014816508,False
316,-19.86860400413275,1.183870935845634,44.91881399658022,-0.4686783346857991,False
317,-13.241941224592892,1.1109246727524524,44.94313051794257,-0.3193561670479379,False
318,-2.575422954082569,0.9820830685474439,44.9531244088674,-0.0791381259792537,False
319,16.146454377579744,0.8742648764245656,44.939723703883125,0.3398371917412467,False
320,23.92033388372363,0.6736029668379486,44.79472519677306,0.518961346782865,False
321,33.13538720364875,0.44443511989860796,44.574882224897316,0.7333940203994661,False
322,56.30661679955722,0.25562673124249663,44.36711465818606,1.2633453967007724,False
323,-27.57153875032975,0.28395069336523077,44.40156142266193,-0.62735382610842,False
324,-29.655437408477155,0.12284921148971946,44.453515986654395,-0.6698747210210945,False
325,7.676057161796052,-0.07551859852672546,44.51190850226017,0.17414611103294253,False
326,-6.288826999175626,-0.22181322041240037,44.445357167202246,-0.13650500671958338,False
327,21.698843103468562,-0.19379980541457967,44.44000906400185,0.4926336283449825,False
328,13.424241362267821,-0.10958005341249705,44.46817045485347,0.30434850989474815,False
329,-45.06673519281162,-0.17408544819281382,44.44045801775105,-1.010175226517403,False
330,-16.277713492423345,-0.5375391225248675,44.55697669617576,-0.3532594789190315,False
331,42.21431856386653,-0.5725533108588947,44.567079755775396,0.9600555412020398,False
332,68.75700750907663,-0.39795088248126287,44.67742678716647,1.5478724574044307,False
333,55.82583599808822,-0.1413851051999099,44.95085467697967,1.2450757945643733,False
334,-21.75606634767655,0.24884697591065355,45.151209275358816,-0.48736044231701986,False
335,13.042225316941767,0.3958026323555733,45.03836038181001,0.28079225303445554,False
336,59.1368679030777,0.4490313968543389,45.048047453189476,1.3027831354335018,False
337,39.846226204741015,0.5026209704404336,45.1128153560937,0.8721159369847702,False
338,31.143920294380223,0.5525279577446751,45.15189050419015,0.677521848920072,False
339,-0.5708753690958019,0.45866374293692724,45.071255414481556,-0.02284247693047251,False
340,-20.307918686610492,0.31831125180411846,45.03731515422154,-0.4579808957923911,False
341,-19.435848507750052,0.19276674257994977,45.06539867148679,-0.43555845125029746,False
342,10.100091085088252,0.20121883008085428,45.06156033399833,0.21967442275936536,False
343,30.10387463713289,0.1815103068368693,45.05647192070071,0.6641080194418976,False
344,44.63262262344358,0.18498780636137385,45.05877231093612,0.9864368809332696,False
345,40.20404111516484,0.2019171123443897,45.075028378321335,0.8874564352367512,False
346,41.79596311971545,0.1723648735151689,45.046989286419006,0.9240039990585824,False
347,-24.625974139541313,0.15645651364368432,45.03172172343064,-0.5503327366737201,False
348,-24.697974400699195,0.046495905372920344,45.069758238504185,-0.5490260270562605,False
349,-14.038241495114562,-0.05109981137653108,45.10568242225491,-0.3100971082268084,False
350,-60.20367805531009,-0.16216752912296378,45.11708055084051,-1.330793344629844,False
351,-76.7926136189999,-0.3767780308144495,45.31717111205654,-1.6862446113247163,False
352,-63.31235529962191,-0.6202240896032387,45.617969383296405,-1.3742858802692386,False
353,-126.88511782650949,-0.438634799682568,45.30439564406011,-2.791042264866972,False
354,-118.43884635268455,-0.3403874724918234,45.00946990315317,-2.6238580266398395,False
355,-104.54852581295359,-0.46693946480187487,45.31224723733787,-2.2969857531671294,False
356,-65.5608744501651,-0.6690477521104515,45.70096901396114,-1.4199223364001516,False
357,-77.80860892723194,-0.7222666437237435,45.77166539948258,-1.6841498252405651,False
358,-101.1078934378802,-0.90043049115241,46.01392452691589,-2.177763882933118,False
359,-40.65413698858015,-0.9962046605318827,46.206398838035234,-0.8582779295798197,False
360,-0.38269458181866867,-0.9745893240888244,46.18687210573012,0.012815215997203738,False
361,-10.020249957794022,-0.8383138858893143,46.15443803982102,-0.1989393969867586,False
362,-13.67341504093406,-0.7441247633959625,46.11923502986169,-0.28034485544191107,False
363,-41.22961132723685,-0.5876148464172077,46.02985963056856,-0.8829485209602763,False
364,-35.66078693963891,-0.5705477688050767,46.01415943342047,-0.7625965486038522,False
365,-10.259320982015197,-0.4748189249452821,45.923701410946755,-0.2130599615547888,False
366,15.26111504064204,-0.22499004569746445,45.75431091010735,0.3384622077855083,False
367,20.38809908215103,0.0010709836901737293,45.73633435496476,0.4457512475799847,False
368,32.289553769168265,0.09336765354514262,45.76188203958937,0.7035590469764696,False
369,31.64094827519955,0.14093790836466336,45.79133789910676,0.687903254459166,False
370,39.06707782889305,0.17183779606110403,45.81094464261247,0.8490381575029198,False
371,-22.540152961331614,0.25794798124772184,45.87069522152068,-0.497007966251259,False
372,-4.404003408658582,0.2478924473923138,45.87553519231142,-0.1014025413883463,False
373,21.755387811183937,0.36632129879475883,45.8374498552654,0.46662863182673747,False
374,-1.0285105368732275,0.5629303888942432,45.8580517027185,-0.03470363146005893,False
375,11.885471382969627,0.7616935630971763,45.77780956938648,0.2429949777962155,False
376,21.164910276746923,1.076769649838437,45.67036136334313,0.43985070464172055,False
377,15.561178956252434,1.5312585085223769,45.48662686986882,0.3084405552398464,False
378,52.42101527123464,2.114879772765291,45.02887055869713,1.1171973641420356,False
379,98.95482175396091,2.722588633727492,45.01467699468903,2.137796815282873,False
380,88.87003543642754,3.328392925328226,45.6204003167201,1.8750743508874446,False
381,50.003540534037484,3.853195576823925,46.0946764044912,1.0012077002609554,False
382,-28.987606713885043,4.349641506167818,46.1401665875833,-0.7225211932595014,False
383,46.66476402579542,4.684032995804183,45.688901721296524,0.9188386992988972,False
384,78.36787378301005,5.249962498044965,45.616068962412236,1.6028981222650827,False
385,52.18043638814083,5.613782366674603,45.954806184911675,1.0133141207057346,False
386,39.10948635967975,5.828177908723265,46.0881380172676,0.7221230859551573,False
387,27.1843582883655,5.985847440977709,46.15677374670972,0.45927193619980705,False
388,19.91776020337352,6.137278207147543,46.184497711561754,0.2983789513591742,False
389,10.850401660001125,6.399657318903076,46.13651971996993,0.0964690091084519,False
390,20.07208955896499,6.462108255969729,46.135394437796435,0.295000865796116,False
391,50.84914778968698,6.424144318716543,46.121470309842714,0.9632174163686573,False
392,81.50361709408162,6.472066856040483,46.163654464266514,1.6253381823598938,False
393,82.48953061780924,6.6423014301308525,46.38809088894336,1.6350582171890293,False
394,63.85884105145635,6.796730187728411,46.59792647559341,1.224563305271005,False
395,2.7419282700687972,6.864320186068115,46.672796287432796,-0.08832536817832191,False
396,1.9581055317164555,6.931925442503548,46.65846279228651,-0.10660059532885759,False
397,32.60986069014075,7.008424149297334,46.63959361779213,0.5489206606439415,False
398,49.655979063946006,7.0112442044027645,46.641136353444764,0.9143159492595346,False
399,92.27297133969068,6.915649093264394,46.536436051452654,1.8342041094864168,False
400,87.57945902752886,6.916504892927993,46.53801379760657,1.7332702354983043,False
401,71.17493460393553,6.896013719126422,46.501503094249486,1.382297702388851,False
402,55.26709889291533,7.01940100287449,46.64503021052338,1.0343588089081328,False
403,72.42856847046028,7.026589361034705,46.65241532243915,1.4018991012019082,False
404,58.17967909086951,7.37525255539146,46.92184773095147,1.0827456503160144,False
405,41.86675709377528,7.764030629732194,47.07125023563957,0.7244916226640292,False
406,19.6482304299293,8.163656761371398,47.07410544518725,0.24396796412691168,False
407,61.03104021860372,8.461619996213328,46.986831434661084,1.1188117737943735,False
408,77.99098445785035,8.48155021061296,47.00853948380957,1.4786554743139264,False
409,73.80343419032693,8.51297650261218,47.05347900932306,1.3875798147630753,False
410,51.279339925986505,8.43285624191947,46.929880797912425,0.9129893994099592,False
411,42.564669572871935,8.660813089701904,47.044982992762925,0.7206689072113294,False
412,15.336734163093524,8.792611623106417,47.10910361609185,0.13891418086231047,False
413,-7.64069787123799,8.859876040609233,47.1103392992093,-0.3502537692850828,False
414,24.324930115664074,8.7577913023417,47.12750163980649,0.3303196280656115,False
415,38.74232272424706,8.72912403306498,47.11649194955449,0.6369998582092203,False
416,61.32831459529996,8.692606024766235,47.09067764569637,1.1177522006915548,False
417,68.3161095747829,8.759483604665474,47.15775629555046,1.2629232314798837,False
418,62.49219316244432,8.865364691781574,47.27193002612519,1.1344328112058357,False
419,6.5919066325307085,8.971112270560013,47.37239629251328,-0.05022345974094863,False
420,-14.91215880109371,9.061394423010736,47.353204890651725,-0.5062709753112657,False
421,-45.048000046321704,9.193600437324816,47.254392575235244,-1.147863669970717,False
422,-65.27129015371816,9.111685779697185,47.33683989695409,-1.5713549129037139,False
423,-59.04579322718382,8.949346821380995,47.545673304174564,-1.4301015281362053,False
424,-13.72407909904723,8.719770820380802,47.78114268539657,-0.4697219165980219,False
425,-1.87034814534195,8.602962917266202,47.81205468278891,-0.21905168334834751,False
426,17.588645996099785,8.627555377447234,47.80555969785565,0.18744871256165854,False
427,31.725727640301102,9.268588817024817,47.19181148216709,0.4758693959387938,False
428,30.601317279142222,9.949839455581298,46.6791730913479,0.44241310323015826,False
429,10.453910169500205,10.736496160832317,45.89578089013212,-0.006157123505722293,False
430,-5.159139131963229,11.317399240197192,45.262812111580054,-0.3640193263189906,False
431,63.082256035691444,11.910050604508767,44.377486014647246,1.1531118597906327,False
432,85.88025286420589,12.616422800154188,44.24090803658159,1.656020034748651,False
433,85.99206059959533,13.30445835486901,44.47690869797296,1.6342772996730115,False
434,87.03489579575671,13.93830433382142,44.750290845595586,1.6334327683845569,False
435,108.12531784420617,14.615623768889108,44.99117665514977,2.078400722702898,False
436,117.46363862695102,15.542288760583904,45.30515866775271,2.2496632362290496,False
437,81.03851802488566,16.560673755868475,45.66256699381519,1.4120503623405676,False
438,63.202055423104866,17.383815709389165,45.570392956867614,1.0054387671636422,False
439,65.06607056118241,18.05661179222337,45.40623149438939,1.0353085297282987,False
440,59.60370100997693,18.66495902498498,45.34694461718635,0.902789423424049,False
441,37.723613270044325,19.195567606290755,45.301041154519574,0.4089982303178273,False
442,38.69286495323183,19.49088580536066,45.25887724817552,0.4242698961040896,False
443,-33.40141120521423,19.734796338534256,45.251240630857296,-1.1742486350200605,False
444,-3.0071983421980804,19.915585924731516,44.97543735203244,-0.5096734043408633,False
445,62.60381241547475,20.278032115977688,44.53919519561074,0.9503041111005122,False
446,32.704705013215516,20.750382819554428,44.56492243349954,0.268245102670144,False
447,57.09794113579983,21.062364654234585,44.4633368130556,0.8104559635970519,False
448,54.921648425245394,21.381710315175887,44.52868341325814,0.7532209699261666,False
449,31.9522834358811,21.5773953929485,44.60379546918401,0.2326010137433356,False
450,59.078664550602525,21.856976661340152,44.520169073308445,0.8360634890665365,False
451,94.09619889526948,22.069844149977932,44.61259059114714,1.6144849198599185,False
452,129.39155623717897,22.256878336237587,44.849080613391685,2.388782031552985,False
453,76.55708606312874,22.594318303647857,45.440262880322024,1.1875540399404148,False
454,13.955158471244431,22.816457329280894,45.613004239434325,-0.19427132691197535,False
455,43.57538737505092,23.127208194649434,45.371670365044956,0.4506816481712581,False
456,81.37258415806878,23.437258085149317,45.33211776002492,1.2780194029233813,False
457,75.56491492508053,23.734483546185817,45.54807867202667,1.137927940980886,False
458,67.25555703687064,23.948703620133553,45.7073822208629,0.9474805012344351,False
459,18.53429968793398,24.044817506526837,45.78175256971468,-0.12036493819675541,False
460,-1.216389752376017,23.95138410853978,45.77685656206222,-0.5497925316648699,False
461,-6.947158182871362,23.907565998967954,45.79752160268089,-0.6737203914552692,False
462,9.440101256632715,23.772560124086915,45.855155349444516,-0.3125593787270382,False
463,19.520363997548884,23.63991072746154,45.86424443495287,-0.08982044249644662,False
464,53.25214708170893,23.445467389421065,45.81170918744934,0.6506345259969858,False
465,64.38361363552804,23.362234925966398,45.74432684464504,0.896753358047583,False
466,62.06497904741752,23.32263971877237,45.705677381982575,0.8476482911490029,False
467,-12.444736238747737,23.28558229191272,45.67151080036725,-0.7823327475817407,False
468,-1.5948623293518267,23.234997665650933,45.70654577386112,-0.5432451648797004,False
469,12.928909722679691,23.187078718467166,45.728457568489546,-0.2243279030442555,False
470,-30.226011205798386,23.056249522909205,45.7261639320847,-1.1652466803873087,False
471,-21.220851840913383,22.752579760263227,45.91033169437041,-0.9578112372158857,False
472,11.474353661405985,22.40388470341244,46.02105352883716,-0.23748980529439478,False
473,20.473933948463355,22.399448636461905,46.022076997917914,-0.04183893499821102,False
474,45.91075919664513,22.375073828528826,46.02200551864579,0.5114006897978585,False
475,79.1141131389677,22.223281355736624,45.901197032678546,1.2394193498424158,False
476,89.29065266888733,22.337089696737173,46.01895999990273,1.4549125615244607,False
477,59.95571066374191,22.54791529315189,46.244871949261444,0.8089068861869223,False
478,-3.267982534182238,22.641657891961298,46.30496275781557,-0.5595434891429728,False
479,27.14507856473915,22.667084162197373,46.289461040152794,0.0967389617834919,False
480,71.2629181691409,22.706615644403342,46.29043835103524,1.0489488597303733,False
481,86.06421164664039,22.80538578575669,46.37666854969639,1.364022639812877,False
482,75.92061883308293,23.137832316954654,46.62958027571552,1.1319592885895504,False
483,13.474000705057279,23.486162077042895,46.804715660132565,-0.2139135177038112,False
484,6.121605450224706,23.56395727320644,46.776974630436534,-0.37288328201611526,False
485,-1.4425685832379713,23.71866090091095,46.67533949019036,-0.5390690192930894,False
486,1.181558212423397,23.788895261871392,46.62824402340092,-0.48484212783355607,False
487,17.41260347274533,23.81125824500536,46.616423366762376,-0.13726181268600465,False
488,37.485409264674786,23.818794846762298,46.61527909395026,0.2931788607415234,False
489,53.1893824561447,23.899539343077485,46.62720285210152,0.6281707098316128,False
490,60.38409336939458,24.01890836243758,46.676632516125,0.7790875872288819,False
491,27.139951844573034,24.043179056305657,46.69457850089687,0.06631975033692394,False
492,56.85849314686061,24.368842690799127,46.522917204707916,0.6983579794255393,False
493,52.063124967867,24.883806563152326,46.39999017991396,0.5857612964857974,False
494,25.548482197684052,25.148015300093228,46.42778495676593,0.00862558698339246,False
495,40.830179511934375,25.337523092931676,46.36363050244983,0.3341553767706797,False
496,33.38776508241881,25.451400095363017,46.3781324144427,0.17112299641855164,False
497,44.297199417275124,25.57023059369725,46.37270683392485,0.40383600833664934,False
498,86.93567868195169,26.10215877590015,46.06913894615234,1.3204831107687178,False
499,107.54554610776313,26.716524205509522,46.18864610801796,1.7499759943866888,False
500,109.81329045892949,27.105400559937483,46.59315858352327,1.7751080290195218,False
501,80.28850902174713,27.349783196543747,46.91945898946118,1.128289348713382,False
502,-21.659864951616328,27.495394345494095,47.04614956799965,-1.044830655611089,False
503,27.564414117157412,27.495966972851598,47.0455470904237,0.001454912282649318,False
504,73.96221172959213,27.582408572852884,47.032170375546166,0.9861293405429125,False
505,74.73845747711061,27.67065466705833,47.10558133067833,0.9991980033032425,False
506,53.0020686877192,27.87834651987005,47.23632546379028,0.5318729160486483,False
507,14.920640507251164,28.00845454602088,47.275460938330234,-0.2768415955973961,False
508,-10.813609903514362,28.100665950046753,47.23447321740891,-0.8238532834789555,False
509,-23.871667738616452,28.15717969280328,47.18185832473084,-1.1027299321982893,False
510,-26.313871361321162,28.130776006905265,47.209884443463594,-1.1532467831694622,False
511,-9.53094975369595,27.91402623043854,47.37646045657285,-0.7903709062110716,False
512,-2.70792605249585,27.678104656683608,47.4640944647515,-0.6401898330061936,False
513,2.0564933231413534,27.396315676469676,47.50334618650334,-0.5334323660872521,False
514,23.47268828097583,27.169246939612396,47.53292245571707,-0.07776838594513892,False
515,-51.962173816359154,27.06017982747704,47.52017983079886,-1.6629220243947835,False
516,-35.18596218071593,26.89746435321027,47.7444919143803,-1.3003264679255517,False
517,8.334840703153532,26.835035854519695,47.81915812950018,-0.3868783114346211,False
518,11.10515441649568,26.96820896284272,47.73572819229963,-0.33230988919754134,False
519,26.702672771572907,27.39266629898442,47.270738163320026,-0.014596631113049067,False
520,33.36130215920821,28.008709670356875,46.5740948916262,0.11492638775495995,False
521,21.908360093790407,28.58414810761182,46.033112151795294,-0.14502143569628406,False
522,76.01772494446618,29.469823571423127,44.42736175872356,1.0477304870326474,False
523,94.17664316611285,30.627303162477595,43.06294390002683,1.4757314351561475,False
524,104.79641781157852,31.810191073067276,42.044929362481554,1.7359103189180265,False
525,77.07805130354768,32.824222574625274,41.735675476030195,1.060335749312083,False
526,1.3042979246376945,33.74616698076087,40.981060654368974,-0.7916307810999655,False
527,31.315137669342903,34.35576335791871,39.70490939789393,-0.07658059758063804,False
528,76.9228926255762,34.78415189754921,39.27669854393617,1.0728687056242583,False
529,85.4986137835981,35.24430420235513,39.31505289387817,1.2782460122053703,False
530,58.423952228200505,35.812868867482464,39.347200271207775,0.5746554571829002,False
531,15.037650355750202,36.24201986313207,39.19712124283936,-0.5409675209567985,False
532,0.34673214771169114,36.57694403981652,38.76924801249162,-0.9345090180864817,False
533,18.315810937320975,36.79127451057455,38.46584438274893,-0.4803082804946669,False
534,25.636993513494645,36.96136458152299,38.31944688611306,-0.29552543129562475,False
535,31.97882175203563,37.02312576290902,38.292614423395314,-0.13173046778941044,False
536,35.232781198704174,37.09211815975357,38.27289988487498,-0.048581031660581926,False
537,35.937252863895765,37.10963737064366,38.271361965738244,-0.03063346707643832,False
538,47.01104381584537,37.13521061224304,38.26912120832289,0.25806271196670433,False
539,-15.542406113290781,37.18249612407014,38.276429629984236,-1.377477020376486,False
540,-0.6345070135116657,37.224149379118,38.21480690198269,-0.9906803006942698,False
541,38.56514930673825,37.246586857660546,38.191318345705206,0.03452518808442709,False
542,20.868992973035574,37.34664496180075,38.17250511455246,-0.4316628405528308,False
543,37.172717031008006,37.47698724459783,38.077954297946,-0.007990718493147538,False
544,45.07872267084713,37.627506563931384,38.02613121888854,0.19594988677718908,False
545,31.05375033380983,37.76985068532484,38.008892043368085,-0.17669813536926965,False
546,75.26922380020028,37.86206837209602,37.97346404345308,0.9850867275447721,False
547,86.56693179470312,37.99806961333986,38.066719570653085,1.2758877762297816,False
548,74.08751480188948,37.92433217310618,37.95978359464081,0.9526709376153779,False
549,20.126146299541006,37.83634097885298,37.85798026499562,-0.46780611525880156,False
550,-61.400088677626854,37.65849934650478,37.87065527368896,-2.615708318439202,False
551,11.336007609862236,37.46556790624442,38.29242961366949,-0.6823688274680421,False
552,52.74384785581833,37.25527768948292,38.3385874543446,0.403994283429976,False
553,47.23594096666557,37.10275372563058,38.22484998112773,0.26509423178999836,False
554,49.389389615303344,37.07332220526465,38.215073562250026,0.3222829700949435,False
555,22.67254297032946,37.13451210559575,38.226581734639346,-0.37832232124907617,False
556,22.135142068201503,37.10765606203601,38.23519797795104,-0.3915898121534156,False
557,22.28849131552556,37.120854763612364,38.229610842724774,-0.3879810210233791,False
558,22.67570947396166,37.188938630609535,38.19271247506544,-0.37999995852934,False
559,55.146017825460376,37.2044363681988,38.18625295358681,0.4698439901675751,False
560,45.708630714798005,37.2300129755546,38.19688422256831,0.22197144902813523,False
561,32.62418534942867,37.016947580439805,38.04798705828976,-0.11545320976590412,False
562,34.45321816166643,36.72013004908041,37.8852803441142,-0.05983621783509296,False
563,-43.6208116235822,36.54509657949832,37.82702976764309,-2.1192757849481945,False
564,-25.473315432894424,36.26912788965516,38.24196383193329,-1.6145207289535854,False
565,29.865708328235087,36.105845622008665,38.447349971150935,-0.16230344350016013,False
566,54.92255314056865,36.08951138175923,38.449426989839765,0.4898133270955128,False
567,83.439255528599,36.12086003697722,38.462698945827135,1.2302411632180954,False
568,88.67763264430778,36.06827839524453,38.391446976599205,1.3703404896702722,False
569,51.3505108647646,36.07481514296345,38.400362539277836,0.39780082040049475,False
570,31.84183277347688,35.956812620706486,38.32223592473915,-0.10737838614925796,False
571,26.40931882794507,35.81737651285268,38.29416072672379,-0.2456786493388833,False
572,-33.88173964902148,35.54345240783771,38.19517047359669,-1.8176432045211317,False
573,-19.054510998916612,34.99546777248122,38.52742045728195,-1.4028963821060076,False
574,-29.250426515346817,34.632841176691386,38.74842621031171,-1.64866741542751,False
575,67.63779926102757,34.34177774249331,39.04418423431398,0.8527780044965582,False
576,68.9587590262056,34.3811036891744,39.074542485224065,0.8849151682353452,False
577,44.561150112891255,34.32734044255748,39.02035591196672,0.2622684860543592,False
578,17.095123787158855,34.153279227810835,38.90826800079503,-0.4384198093912436,False
579,4.150984689867528,33.949801750794,38.9075541236819,-0.7658876979570607,False
580,6.183352271050353,33.72114886458564,38.96944891104404,-0.7066509114972629,False
581,6.371759237158358,33.666664448561576,39.00169213345298,-0.6998389997543599,False
582,19.639032490807722,33.750071931349645,38.927737992723955,-0.3624931775686386,False
583,22.41877032210232,33.722179683582645,38.9362095046913,-0.29030584911246726,False
584,31.209210583555773,33.62501568118893,38.9439735550194,-0.06203283530429027,False
585,29.587508366274847,33.445735300166646,38.88495909466259,-0.09922157625263867,False
586,29.965603978532613,33.21520791202076,38.791682408622314,-0.08377063668591618,False
587,-43.611161326798765,33.02159726211652,38.725799689795586,-1.9788554194558918,False
588,-54.67507580313372,32.72276947664433,39.122628631249434,-2.2339461415935764,False
589,-64.69543885034318,32.48608544687028,39.53068675207984,-2.4583818871322904,False
590,-60.32950887821312,32.369136406370146,39.78965457594202,-2.3297172662723127,False
591,-18.550132206094304,32.3985517711053,39.71880312017854,-1.2827346237761101,False
592,2.1584999758601953,32.63959737242131,39.28098940810465,-0.7759758054941484,False
593,33.06975764622689,32.73413653358147,39.18773781692485,0.008564442127620541,False
594,35.620451714801675,32.94211335376938,39.095594063083304,0.06850742200542141,False
595,13.187582912242533,33.04944553066642,39.07793866590208,-0.508262802401975,False
596,-27.6501358940543,32.93909943109464,39.107860921545864,-1.5492853328566547,False
597,-51.55889696093209,32.592364590778,39.38595540146782,-2.136580430611415,False
598,-85.04188333114371,32.223240738811135,39.88214410631909,-2.940291368421561,False
599,-23.253370207983153,31.747748213816013,40.79622562697437,-1.3481913480111885,False
600,-12.505050593644455,31.23384567665128,40.94266121958053,-1.0682963678330204,False
601,-4.041891100448311,30.648218870354555,40.85988882353687,-0.8490015751295933,False
602,3.4465130246758235,30.11230249118763,40.71985554846172,-0.6548596282414652,False
603,-19.39083892040867,29.614752593740718,40.53039825418147,-1.2091070807352242,False
604,-32.70334794023029,28.855727851094198,40.24431024812008,-1.529634261633297,False
605,-42.281870641350906,27.961876740575267,39.930919672166176,-1.759131719445208,False
606,-42.24285479302716,27.227826808038145,40.08258052163907,-1.7331888490453031,False
607,-26.902464072167845,26.600178532942117,40.34063513481144,-1.3262716966729295,False
608,-7.580911266946828,26.05274677917218,40.43941459492902,-0.831704869692564,False
609,9.84816556397982,25.65283837276191,40.43783674234474,-0.3908387312972191,False
610,19.402600219613305,25.48691308879725,40.44519999064332,-0.1504334969438031,False
611,-34.340731889784365,25.372090084430468,40.43486508512859,-1.4767657032736439,False
612,-39.10767692903278,25.366498889879452,40.44310485157538,-1.5941945124027928,False
613,-33.22212678528422,25.151615088767347,40.68991585712324,-1.4345997194740467,False
614,-86.4395931129277,24.581222593524732,40.83315940147831,-2.7188887005993725,False
615,-152.3894951521754,23.872030342773876,41.71632657315046,-4.225240810354454,True
616,-172.18459103627788,22.62508131725022,43.79627659151112,-4.448087543389188,True
617,-205.68062038573612,21.27325846331258,46.23072471739358,-4.9091568483169565,True
618,-167.64209079018838,19.85877689294581,49.426873269836975,-3.793500484230663,True
619,-165.24421821833266,18.509248587345866,51.40516811101238,-3.5746107552620483,True
620,-144.31883132346888,16.965555628336325,52.99122377080229,-3.043605628913056,True
621,-129.00109618216766,15.336327130951517,53.71664218483807,-2.687015000238781,False
622,-154.29573033868064,14.112766522348563,54.64685563275589,-3.0817600557438736,True
623,-98.44757802928098,13.1112731365752,56.17026401952115,-1.986083795637591,False
624,-78.52446492691047,12.265898342501796,56.77451523592323,-1.599139383086551,False
625,-71.31584401556256,11.314130193186443,56.949062386832146,-1.4509452964734821,False
626,-99.34302002066374,10.439839961396903,57.08407581844918,-1.9231783716918753,False
627,-92.63809936564576,9.448181764625863,57.536442901124026,-1.7742890589483638,False
628,-103.79844141687158,8.786441294068842,58.068168781777295,-1.9388399027019314,False
629,-78.7824972764522,8.17583384368494,58.70978065329507,-1.4811557827759767,False
630,-42.14243139212431,7.748242539556482,59.08100264114348,-0.8444452819244704,False
631,-27.609574490386308,7.44120365474245,59.20606018306737,-0.5920133519567158,False
632,2.2783370597452404,7.1606683065999785,59.26011585194521,-0.082388148869852,False
633,17.031869107461034,6.857252770754958,59.15310940031102,0.17200475917251748,False
634,33.48313715609913,6.575397148564083,58.98995058055784,0.4561410840781992,False
635,-35.22169843599204,6.405267137306236,58.87005140980589,-0.7070991884060855,False
636,-52.60376776657108,6.2696899813702585,58.93990884611584,-0.9988725619113529,False
637,-56.28218948582412,5.9660655442439525,59.111798676543096,-1.0530597346679893,False
638,-116.52778601778732,5.554094715621906,59.30384781898646,-2.0585827939198915,False
639,-140.4382057294249,5.040393675074353,59.98550121513146,-2.4252293713901985,False
640,-95.58000741866817,4.330766568595117,60.994711141088295,-1.6380235616848378,False
641,-72.86222868216623,3.693538228832771,61.476939998283115,-1.2452761460335695,False
642,-19.00113279483321,3.137965832221881,61.745542741046485,-0.3585537942374862,False
643,41.20397772640604,2.7515855227487953,61.67934558742032,0.6234241274359389,False
644,63.83807029548893,2.5259299548168808,61.467281372553,0.9974760388223347,False
645,27.083708708632003,2.374426488308557,61.28323664958493,0.4031980615124838,False
646,-41.7566080031454,2.1787598100043315,61.15062257626913,-0.7184778496466173,False
647,24.07191139687302,1.9496608488795506,61.24317901471319,0.36121982731625957,False
648,64.20802346983555,1.9313681871660617,61.23606690565503,1.0169930635587303,False
649,78.2144491427423,1.8893747663368632,61.190639344869794,1.2473325200319958,False
650,65.81019891471851,1.842649989527946,61.12894501381334,1.046436330787907,False
651,-9.123677072256896,1.7824689185853007,61.060517530449374,-0.178612079162342,False
652,-21.223942951601884,1.6479589318155736,61.05949823727375,-0.37458384925697463,False
653,-23.906046920907556,1.4851878103761296,61.08394477210724,-0.4156777173775143,False
654,-8.221449715948097,1.351476629794763,61.11497003980759,-0.1566379945782102,False
655,10.636436486005778,1.2955063445068373,61.11943215266549,0.15283077431359238,False
656,31.454463829153838,1.2551720172048162,61.110967665086626,0.4941713896178772,False
657,42.15830160675648,1.2192735324695725,61.091325680110096,0.6701283303075497,False
658,58.07680541929892,1.1536123369374998,61.04104095641663,0.932539684619806,False
659,2.464029879882901,1.1398784800916923,61.0278928117242,0.021697478624672795,False
660,-8.553329453766537,0.992997992206632,60.99462738802535,-0.1565109560427831,False
661,20.47348159080161,0.6036419052981371,60.84446911975488,0.3265677221440686,False
662,-4.956105934792731,0.41560831376798596,60.73319711783003,-0.0884477436308666,False
663,-0.09672914666543875,0.23403338440800509,60.70319965451673,-0.005448848379590035,False
664,-5.896331334686465,-0.009579167131279508,60.621372927131645,-0.09710687639211345,False
665,-21.607768427574456,-0.24341307437595378,60.56751951506272,-0.35273617814058467,False
666,29.444412559282682,-0.6357045496429156,60.49068784354437,0.4972685578766448,False
667,38.75988928011043,-0.9779144670397548,60.153993298979216,0.6606012596644105,False
668,33.884830759709985,-1.3873529005376877,59.64282781837682,0.5913901964483951,False
669,6.060763344723,-1.8393080177949466,59.0801648427066,0.13371782870868554,False
670,-56.50535259894127,-2.2811398373010427,58.73886380455872,-0.9231403069364766,False
671,-17.12942757650626,-2.488553454249405,58.86907939893116,-0.2487022775240252,False
672,3.6913139126122587,-2.754588226235499,58.83343102691538,0.10956189408533488,False
673,-20.19988059840216,-3.1728673799079976,58.53377727339446,-0.29089209703597074,False
674,-17.43484439111353,-3.737976535119383,58.23460752604544,-0.23520151397720368,False
675,-50.7573191843569,-4.15724387487434,58.0770007324059,-0.8023843298002917,False
676,-60.07437915700075,-4.548184111133912,58.16879081419936,-0.954570213144478,False
677,-42.235051623362324,-4.8414029757379975,58.32451196006177,-0.641130930906545,False
678,-28.394905087611164,-4.9507088321948185,58.3775733580012,-0.40159593670748384,False
679,-12.542935547813727,-4.96309593770845,58.38235413071704,-0.12983100327085395,False
680,17.16018789750342,-4.981024424578198,58.38422770219263,0.379232768737131,False
681,23.198936502689094,-4.862761841542488,58.408976735243044,0.4804346850901019,False
682,32.53160281466239,-4.736913965473751,58.44673874893333,0.6376492098255235,False
683,-38.88451381591551,-4.682991855154189,58.47709129022325,-0.5848704373994652,False
684,-30.35003259805444,-4.605148640865833,58.42245638159906,-0.4406676054329222,False
685,2.3369550734103086,-4.576363345730944,58.408488386409154,0.1183615363131001,False
686,-25.71517599602953,-4.612065045907987,58.40238202372846,-0.3613399011969667,False
687,10.616306570059123,-4.831233679315875,58.41213393099708,0.26445772838265685,False
688,15.381743750434907,-4.92698585908679,58.3733042878418,0.34791125596348454,False
689,24.553672306609087,-5.034007040091393,58.31914314961218,0.5073407760946713,False
690,67.97239314481612,-5.01826113406271,58.32681763243358,1.251408138514507,False
691,108.44309910156721,-5.066150013822532,58.263153160016984,1.9482167194700566,False
692,90.56999552918683,-4.981230633254351,58.4188558392977,1.635623032831892,False
693,61.390438380843534,-5.0659117182685875,58.268893204371324,1.1405116254057588,False
694,-27.450043021684905,-5.159290366618017,58.14891191326298,-0.3833391188525863,False
695,52.05927992774241,-5.3304471579651755,58.17208638529784,0.9865509499795423,False
696,66.91176521396028,-5.206970120712798,58.272266357239225,1.2376167917092467,False
697,30.50157241473198,-5.266560164829559,58.192840911947165,0.6146483316338356,False
698,24.949032902956105,-5.593923506310905,57.8327633852567,0.5281254884156776,False
699,-1.3857976966919523,-5.7931789784849785,57.668310120058564,0.07642639905031694,False
700,13.375688306575967,-5.890937597844753,57.64670286787275,0.3342190436906715,False
701,24.99894303163296,-5.813384287375324,57.6639062805499,0.5343433927125627,False
702,16.68656942567827,-5.773603739194895,57.68295404100848,0.389372797185553,False
703,18.34008746516713,-5.826880073050945,57.657897191382965,0.4191441019432435,False
704,27.041639446091608,-5.908063015234686,57.61393258816982,0.5719051101207425,False
705,27.497917540884032,-5.95681981138119,57.582365250916006,0.5809892873709808,False
706,33.48313715609913,-6.00705395020864,57.54927020877004,0.6861979476551171,False
707,-29.674662609100324,-6.0875772041357,57.48407001166368,-0.4103238584216243,False
708,-1.1696461273313616,-6.17169777851552,57.50832404977588,0.08697961093170914,False
709,19.7803188671528,-6.174883130383494,57.50803033130387,0.45133178528300005,False
710,20.40117975786916,-6.286697597285788,57.43874033666784,0.4646320096633089,False
711,20.33596486163742,-6.289482199757017,57.437427283335175,0.46355570436769045,False
712,38.475507096773526,-6.389700962669937,57.37579447220111,0.7819535829029941,False
713,34.67457184413661,-6.429005817277518,57.34257741744753,0.7168072924623652,False
714,62.06000311313869,-6.407453308287478,57.357428397388766,1.1936981544406755,False
715,17.493575494194147,-6.48607962190094,57.25375449014599,0.4188311374448335,False
716,-13.430800548362868,-6.897230552261112,56.82795195925218,-0.11497106214185891,False
717,-36.559923185259095,-7.418172905536424,56.48120132647906,-0.5159548592331493,False
718,-84.74257334496974,-7.755589985803091,56.48498738014533,-1.3629636285663376,False
719,-12.932453191030163,-7.8945333469182275,56.64621294097396,-0.08893656932302799,False
720,27.29918174149998,-8.038988470733063,56.62781979601287,0.6240425702336712,False
721,20.928854970270322,-8.190444816651624,56.49815561219341,0.515402661757642,False
722,9.051450632268143,-8.347034614249216,56.37994903505357,0.3085934901377803,False
723,-12.57418592294448,-8.587141393910139,56.21825530202629,-0.07092081580288093,False
724,-7.761100402200327,-8.796943351608197,56.16664341889344,0.018442315337993502,False
725,-4.017313000828153,-8.97489717583678,56.11539090025445,0.08834624682238733,False
726,0.46894410932077335,-9.131479344386506,56.06431049450015,0.17123948139251746,False
727,10.174277741611036,-9.263662471556987,56.015026303343674,0.3470129623416373,False
728,25.315894966614223,-9.53135140062752,55.812468176035374,0.6243631128681095,False
729,19.407953118610294,-9.652736732461944,55.713696991865355,0.5216076372622577,False
730,15.32553831096584,-9.731404781454913,55.662951873719216,0.45015476630248874,False
731,-54.95395430158669,-9.845260018661463,55.59155015878193,-0.8114307687784328,False
732,-44.53883380157936,-9.912719201268633,55.63963697656219,-0.6223281905109614,False
733,12.203177247387202,-10.026204429653664,55.690984923065734,0.3991558365819823,False
734,70.27587375125881,-10.131338543230138,55.63186593060641,1.445344515224181,False
735,92.9810618661761,-10.039949730071267,55.75185400100877,1.847849070532853,False
736,97.0018429424108,-9.983153263776165,55.852424538126904,1.9154942169637614,False
737,65.33680662172446,-9.933604392954123,55.944091630449414,1.34545773862758,False
738,48.584645335096184,-9.85035263249603,56.04614968924068,1.0426228793877366,False
739,48.253368740827,-9.750693033914962,56.135543915479985,1.0332858244337189,False
740,7.020666302901418,-9.620668927290664,56.24499264558057,0.2958722980915826,False
741,-36.36985757439152,-9.377202225195886,56.22786947906945,-0.48005829847854214,False
742,-43.95348298730846,-9.480269764335617,56.26157422454829,-0.6127310459779376,False
743,33.228987543153835,-9.567787957621103,56.30393181208501,0.7601027872016052,False
744,49.93093712933069,-9.772602313084638,56.083555129150184,1.0645462703804882,False
745,26.572846122658348,-9.885863157708892,55.94264124579544,0.6517159088034196,False
746,9.972903189199997,-9.992936395745993,55.85495252263985,0.35745871553383163,False
747,-10.602962019038387,-10.035330565971938,55.83696944915432,-0.010165871440844215,False
748,-24.745396562236692,-10.123151677334473,55.826124967296316,-0.26192476897631933,False
749,-39.31161484152676,-10.307251372770706,55.82302575926321,-0.5195770575718588,False
750,-37.08058685390358,-10.579176218477166,55.8525510427086,-0.4744888127878289,False
751,-21.618662707927797,-10.916793000290923,55.84022226715221,-0.19165163162203613,False
752,3.225800182226294,-11.178920577850628,55.78613500520061,0.2582132775237799,False
753,4.031713053059661,-11.345488496906158,55.70052454633543,0.27606924127211824,False
754,-5.143834364408235,-11.49760632615149,55.62290966020612,0.11422940656211096,False
755,-62.57467304276531,-11.706591078192803,55.532074374091565,-0.9160126384240558,False
756,-63.042410864987914,-11.819469124121175,55.616522987103615,-0.9210022308072789,False
757,-56.395618169501404,-11.869274689965545,55.65886117017918,-0.799986606685947,False
758,-62.123107006949226,-11.819870995436727,55.61535757351974,-0.904484628099622,False
759,-47.22885402996553,-11.83054717477444,55.624896803135016,-0.6363752364426148,False
760,-49.364359158021216,-12.001253852297483,55.68961022676617,-0.6709169835016345,False
761,-50.73764162607176,-12.307937537618205,55.75299785464247,-0.6892849813860471,False
762,-48.528402199154925,-12.806791104715222,55.71947271767535,-0.6410974359975966,False
763,-57.689097206729684,-13.307677139917343,55.65972573661461,-0.7973704411844942,False
764,-75.2759337721825,-13.72956214062551,55.726269424817346,-1.1044409085124887,False
765,-85.23029029725194,-14.013049032757229,55.91831770442774,-1.2735941313709367,False
766,-77.77656692619325,-14.213473993092467,56.113698986870936,-1.1327553535184485,False
767,10.494320787280913,-14.170228062110617,56.0615612094206,0.4399547268627776,False
768,23.65672245635392,-13.969348949043571,56.089275024173865,0.6708247055997971,False
769,26.27059581168305,-13.754100299936434,56.164265300375995,0.712636333753511,False
770,8.531767071890954,-13.573668830221369,56.24428669954107,0.3930254466591483,False
771,-5.631928281408591,-13.543399460892706,56.25486880312169,0.14063620354661804,False
772,-31.04538171706804,-13.461501183279612,56.25632026205714,-0.3125672004830384,False
773,-23.82288850409384,-13.451632336713168,56.253069852099536,-0.1843678255186563,False
774,-27.21146205159721,-13.34175744303902,56.214434720890914,-0.24672852582121232,False
775,-22.210421922406454,-13.252284867197174,56.18011115008959,-0.1594538862921953,False
776,1.6364038412868922,-13.224356044877167,56.17445059383153,0.26454659954958076,False
777,9.865845209258737,-13.169491073994823,56.18449581711716,0.4099945358277224,False
778,16.590669601392733,-13.16938583801102,56.18453920488343,0.5296840707526365,False
779,-50.08760366617446,-13.186123520262331,56.17519579551092,-0.6568998936869038,False
780,-23.24899741725335,-13.279854899883704,56.22382098941751,-0.17731172200562542,False
781,29.82718253404505,-13.185457998027871,56.193502522099976,0.7654379706115803,False
782,31.862113475310707,-12.810164490174722,56.26937358158579,0.7939003959358893,False
783,44.98938203265675,-12.105987665244733,56.08235473907577,1.0180629890370827,False
784,42.41629625982637,-10.931113396287396,55.186239882649254,0.9666795521773965,False
785,52.399679068189926,-9.653727162382015,53.90006015434173,1.151267847436223,False
786,87.76718745714425,-8.117534903727693,51.92110403219868,1.8467388964111662,False
787,128.66544679716844,-6.597241580826903,50.95238315817998,2.6546881616523574,False
788,151.50588985294098,-4.847779289067968,50.51644785570756,3.095104184455112,True
789,132.53612052265407,-3.0869178534941,50.78088484230918,2.6707498066900746,False
790,20.935037191647325,-1.5301487064415897,50.90643557076147,0.441303454979904,False
791,50.35803815494182,-0.48710842352297085,49.53431486924945,1.0264631036620857,False
792,73.23549914603223,0.39863929185930774,49.100681451187,1.48341851276714,False
793,58.56373074567318,1.3019724113411095,49.0359581761503,1.167750370628682,False
794,44.04169273134471,2.075065118253227,48.90788483221866,0.8580748841840213,False
795,8.098257646071943,2.928545551300896,48.37565416701205,0.10686598835280116,False
796,-12.421892176830852,3.5281667239896923,47.80495506076147,-0.3336486537964017,False
797,-8.16920240601894,4.072074755180411,47.09101238742211,-0.2599493308933185,False
798,13.459751438713056,4.492391986552038,46.66021812325179,0.192184259157854,False
799,35.35657641212936,4.823357360545117,46.524450395156755,0.6562832831392841,False
800,47.910594722655446,5.198155877821996,46.51523295019568,0.9182462633384225,False
801,61.56485995590981,5.469776459148842,46.63116868572496,1.2029525546489932,False
802,59.79421897850625,5.734853785627704,46.823466137610176,1.1545357414165511,False
803,-8.66852987161883,5.891467367903937,46.96063473853119,-0.310046857769073,False
804,19.951837813889824,6.0495219426918725,46.8660217544676,0.29663955571122663,False
805,56.92672376083715,6.481400547337474,46.6561211469027,1.081215539857379,False
806,20.72099662470805,7.1552631261866475,46.56163985561001,0.2913499941279866,False
807,39.49308565682168,7.972220165725311,45.57208668921278,0.6916704452455447,False
808,58.99889881625177,9.043239757310111,44.15563924887594,1.1313539993697037,False
809,64.8311461488604,9.96335229442273,43.569109103724486,1.25932788122462,False
810,102.55445784713038,10.782955716035984,43.295958085236855,2.1196320901462355,False
811,130.48656335032592,11.506500898428625,43.80790562875953,2.7159495699284895,False
812,115.1658124912799,12.037944860475767,44.702744755021165,2.3069694757215204,False
813,97.20992746680395,12.343467135450712,45.231171503392105,1.8762826057907585,False
814,0.04297397786376678,12.760885104249356,45.68927871485721,-0.27835657476137804,False
815,52.78486161714795,13.009692139850602,45.504055871242244,0.8741016315082928,False
816,75.89174333567621,13.180602557828426,45.59967524651715,1.3752541095703876,False
817,85.3442844280064,13.250148509410813,45.68679173567212,1.5780082859769882,False
818,81.1763363258242,13.29258800515643,45.75076664518718,1.483772913514858,False
819,42.14171515915973,13.384053108793967,45.87158923247133,0.6269166281688132,False
820,22.845871347713455,13.68920425302859,45.89147652851971,0.19952870962855954,False
821,29.20330592558389,13.9515245762388,45.81660712020605,0.33288762106128866,False
822,38.56831581037045,14.267651676515536,45.73698566937715,0.531313198240024,False
823,50.97626029263142,14.546162185600762,45.741681057783644,0.7964311163162099,False
824,66.54422461380955,14.786280184449728,45.82683569346991,1.1294243568454598,False
825,68.86455554315148,14.995147808167914,45.982959521831454,1.1715080607068764,False
826,75.18448213157058,15.154113605408362,46.12337460395058,1.3015172684485334,False
827,-7.411955680292749,15.255945014409978,46.237451118096274,-0.49024978986852136,False
828,2.605504738587115,15.197159386075597,46.26008451365168,-0.27219264253122144,False
829,22.75276106234196,15.263581018172943,46.23378225882679,0.16198501784351008,False
830,-18.918652914511995,15.277148157884492,46.235654625688106,-0.739598073158839,False
831,-43.641582379549845,15.194037759195686,46.28476550647108,-1.271165998032759,False
832,-39.88497817776192,14.934842204238041,46.49236725175974,-1.1791144143112013,False
833,-94.06996215088975,14.732528830172116,46.65721694078876,-2.331954156612894,False
834,-74.62589581228485,14.301206248485718,47.32533118797617,-1.8790592654819933,False
835,-55.7014376411139,13.681740127226384,47.804615383992484,-1.4513907749495973,False
836,-31.076669788670642,13.11947032412386,48.06270655338358,-0.9195516291556646,False
837,-39.19196624000074,12.732794725621591,48.15586891351849,-1.0782644387306615,False
838,-101.62124399099343,12.463433239998237,48.31969529154951,-2.3610388381514404,False
839,-55.82266949445602,12.194886267426497,48.82799626313479,-1.393003214699512,False
840,-43.37778246982111,11.964569351248226,49.05785954515376,-1.1281036786802983,False
841,-44.852543839985174,11.684396158495646,49.23946314451389,-1.1482038265232384,False
842,-41.17359437012669,11.537654115390987,49.371609998674295,-1.0676428920777155,False
843,-59.35068229118565,11.396352032182575,49.48885718938458,-1.4295548198381827,False
844,-75.12967146155847,11.345201061308595,49.55787586779746,-1.744926936609447,False
845,-69.33836249733554,11.255586226162416,49.701201148748034,-1.621569436164987,False
846,-49.22001936745937,11.094256994769719,49.919380078948784,-1.208233681324578,False
847,-29.088105507731484,10.970297981199193,50.04372754353558,-0.8004680197749426,False
848,-17.191325183218737,10.871814826675873,50.10651788168325,-0.560069651540349,False
849,0.544827107074866,10.667341534528717,50.150773609733996,-0.20184164069383617,False
850,15.29349630992715,10.53249564526911,50.14733294516511,0.09494025674035503,False
851,-48.108802771434284,10.429887868455209,50.11967850110296,-1.1679781752510894,False
852,-23.892023833393978,10.374981386577122,50.1790437754859,-0.6828947433372903,False
853,6.885109790271599,10.413421914938196,50.1501241572259,-0.07035500278334243,False
854,6.38774254120608,10.440494264443322,50.146965668951225,-0.08081748654528315,False
855,17.941560365188252,10.631583065260202,50.0694721843857,0.14599669181668917,False
856,17.883130833882205,10.675185766421682,50.07264827732823,0.14394974732590923,False
857,19.962468218940558,10.690074975251727,50.07442802742402,0.18517222480525716,False
858,49.1279268868268,10.662746379491796,50.06806897357601,0.7682577198580485,False
859,48.290160497313764,10.550576937479955,49.95989927020525,0.755397511026222,False
860,22.084025652426362,10.192523731502254,49.467244268937705,0.24039143673081498,False
861,7.90954910818914,9.78486914890249,49.08158489167013,-0.038208220962147876,False
862,-75.50550528550752,9.466530522279548,48.918035254727656,-1.7370287944991618,False
863,0.6746914524615022,9.180486104042508,49.274396941650096,-0.1726209792410737,False
864,8.863345237934482,8.874625458356311,49.16600228964881,-0.0002294313122180426,False
865,0.28996126116521737,8.529099148975206,48.95922956978982,-0.1682856932228756,False
866,-14.315159777033386,8.349268130203976,48.93351774633518,-0.4631677621201633,False
867,-30.20821847110392,8.11555269758499,48.947523960560666,-0.7829562778204712,False
868,-36.52969061486715,7.9439906691658715,49.03146539256332,-0.9070436897604618,False
869,-26.706593204641194,7.646934842252519,49.149393930307475,-0.6989613767283905,False
870,-15.540445896756637,7.33916379322708,49.20194652535436,-0.46501431967114504,False
871,-8.130450432997918,7.147336321069728,49.22810088007483,-0.3103468645131375,False
872,4.079097518125195,6.9897735954854125,49.234423375521345,-0.059118719745326884,False
873,12.461812740477853,6.853091798295135,49.21029093026444,0.11397455361787634,False
874,16.18068277398345,6.763591174483194,49.18618603017717,0.1914580568154358,False
875,-41.944901879838085,6.660600374589649,49.14800299594363,-0.9889618965482551,False
876,-38.88556931712628,6.587563236073352,49.211399200232556,-0.9240365706363566,False
877,43.512434267127446,6.3630636932769535,49.33287803113613,0.7530347317341571,False
878,45.88007426859144,6.5043262849434695,49.40545239461958,0.7969919528140204,False
879,57.523760481369436,6.655986371316818,49.48740541137558,1.027893333408822,False
880,65.8821237829327,6.877342297624745,49.6319210500573,1.1888474239350408,False
881,47.53939756473892,7.040476920756646,49.781219332245875,0.8135381412353037,False
882,73.20639746979464,7.11705326433166,49.833849120291376,1.3261938496047796,False
883,76.39830852386353,7.183400849787946,49.914791147395206,1.3866612697965293,False
884,48.642019365191345,7.534024260678835,50.19375483243531,0.8189862512128389,False
885,-8.289831115811921,7.903505331592847,50.266915327831725,-0.3221470094553198,False
886,-45.048791672229754,8.071779689149079,50.164391683464856,-1.0589298420394957,False
887,52.4266697420062,8.308052199105864,49.81689626612634,0.8856155411050641,False
888,75.30307523188571,8.697094597516795,49.905157505554584,1.3346512457546194,False
889,52.27316970879451,8.982832058769093,50.14913298417407,0.8632320256401417,False
890,35.33222449133996,9.169405360784118,50.25204335714392,0.5206319461402854,False
891,17.207006915491775,9.325838538516688,50.29256328213811,0.15670643655130936,False
892,14.491503872162184,9.50310754350738,50.26738822993328,0.09923722923174091,False
893,10.841203720879548,9.635563521330967,50.25093957956785,0.023992391179861586,False
894,17.26392858792542,9.724007073245891,50.239840661104104,0.15007853160881873,False
895,40.25176484847668,9.823977218951873,50.238023907333606,0.6056724620707672,False
896,43.860975845485996,10.003009880302264,50.29284323069876,0.6732163820978175,False
897,68.83375752568247,10.113397266486023,50.346977721175605,1.166313509112565,False
898,69.44813462324748,10.407598483194786,50.54563269828814,1.1680640440781793,False
899,-16.604579599490762,10.729756794577415,50.749233627714155,-0.5386157472758544,False
900,-14.129994707501055,10.958026882089893,50.537826541814155,-0.4964206675732985,False
901,14.775810662555841,11.1390318766975,50.392115886171624,0.0721695987934559,False
902,36.945558091878866,11.15434517083541,50.392832082313255,0.5118032040532127,False
903,40.76255204150698,10.955950434767672,50.224006336415044,0.5934731970023657,False
904,20.80815086753364,10.645125971525593,49.87369493064927,0.20377525487413778,False
905,-11.09693658564106,10.191592090127514,49.42814403364923,-0.4306965007886189,False
906,-41.08772180734286,9.736629332940817,49.26903108620464,-1.0315679042146726,False
907,-38.93857055649164,9.202865242807249,49.331345312625054,-0.9758792405561736,False
908,-55.81113437408203,8.683865604132734,49.37668579409128,-1.306183251082693,False
909,-56.486353577148975,8.30986679057926,49.62668271768238,-1.3056730133735261,False
910,-37.656287371391045,8.1901257429438,49.759225010997625,-0.9213650957023952,False
911,65.60618560928106,8.227609050181405,49.72206830207209,1.1539861176030057,False
912,49.766580512237624,8.420330467241687,49.88204248139414,0.8288804545326702,False
913,42.69434543589932,8.419352154044702,49.88122508326599,0.687132146907777,False
914,-7.894922877126874,8.515313459480659,49.931839386872625,-0.32865275019133144,False
915,-4.66584310185317,8.408957351943002,49.94774302485787,-0.261769594820113,False
916,-16.855826584106808,8.444297345497676,49.93630985891032,-0.5066478480505922,False
917,-28.83749936313643,8.491259071557971,49.908612414207354,-0.7479422213723602,False
918,-18.08974519587457,8.553604997024578,49.85505280629211,-0.5344162465622049,False
919,4.0539162749558955,8.666645721179515,49.77242415150884,-0.09267640716438333,False
920,7.6782812536329175,8.819458691315727,49.71826533672373,-0.022952881198771317,False
921,30.05833729918595,8.845961554836006,49.71645240994342,0.42666712357994824,False
922,25.716947730204424,9.000881937253423,49.74190499302342,0.3360560033898083,False
923,-56.1849702850252,9.184577068768974,49.74633995749627,-1.3140574243179803,False
924,-57.60299846511475,9.222611013755525,49.693561997019515,-1.3447538633450806,False
925,-55.82233022620983,9.254988468516672,49.64794741255187,-1.3107756128156431,False
926,-64.4878820765556,9.258400896750553,49.643427557394645,-1.4855195662717946,False
927,-70.60926134794954,9.24432485466956,49.6641194193633,-1.607872788971375,False
928,-67.02756877536194,9.105155763491084,49.8557053235218,-1.5270614274698424,False
929,-77.64907745853066,9.000017611006914,49.99816802005533,-1.7330453994790522,False
930,-71.49618393670335,8.839830492956564,50.23326267418824,-1.5992593383933154,False
931,-80.55351521857392,8.703117506423537,50.421231299022324,-1.7702192196708246,False
932,-74.349429888028,8.56701978016256,50.63192899216359,-1.6376316549389953,False
933,-79.19606526868347,8.572534684234908,50.622791643690796,-1.7337763703487326,False
934,-68.26077115416524,8.608452690357339,50.557937066522264,-1.520418519912727,False
935,7.300072551959602,8.665094331857507,50.46582421219856,-0.027048439239955046,False
936,10.514375310283867,8.646080949504402,50.465732639001736,0.03702104899861457,False
937,0.6933889024794553,8.567852692682559,50.45250933413863,-0.15607675206106858,False
938,-1.7698493514956226,8.415607413461109,50.43735829349655,-0.2019427089279189,False
939,-33.81840957638019,8.354288268083806,50.443477943303456,-0.8360386627556589,False
940,-49.494713557541445,8.186511593708975,50.53706288889182,-1.141364809388812,False
941,-54.531301459649285,8.076694142277585,50.64275934504462,-1.2362674627454526,False
942,-48.32827163031402,7.8939059699230905,50.813716379706165,-1.106437033263148,False
943,-42.31553359067743,7.768210674811679,50.92706608848127,-0.9834405967638709,False
944,-12.060420708641459,7.6485373910719705,51.02146953674535,-0.3862875428454517,False
945,0.7763211404620733,7.567008673512873,51.04207315052454,-0.13304098195668634,False
946,70.34221954164502,7.512904363579561,51.04443917272034,1.2308748258643483,False
947,34.290595582276524,7.832854065604871,51.269642118727205,0.5160508328769368,False
948,1.9843422760961857,8.335105251607555,51.11189319333291,-0.12425215695864245,False
949,17.568666866040303,8.48530370216321,51.05556830348086,0.17791131243284602,False
950,-10.987918389165316,8.412336346996515,51.033639450139965,-0.38014640823560986,False
951,-39.74994941573732,8.157276633517489,51.022817010081965,-0.938937300145315,False
952,-75.82607608178273,7.652875851086573,51.07535278818755,-1.634427319162363,False
953,-98.08878301059008,6.949052206196042,51.407059667270474,-2.0432570136599537,False
954,-54.045054669767524,6.0532875509652095,51.91892060862233,-1.1575422122845909,False
955,-14.53711660305271,5.209167062114544,51.73492164531987,-0.38168190918587336,False
956,14.824062146472897,4.356770851398942,50.86098530868715,0.20580197633894684,False
957,4.195617312491095,3.5431885436223456,49.569871456310004,0.01316180070072984,False
958,-54.37504958399518,2.779256976895185,48.54844829292223,-1.177263302341689,False
959,15.061172954159929,2.330982650849694,48.727162850550336,0.26125449458969385,False
960,15.376013886719875,2.1208822627498014,48.59475727064313,0.2727687587808512,False
961,-6.77420677020541,1.7764805647777042,48.291821587576194,-0.17706284529931482,False
962,-22.200809322094983,1.3875642700403317,48.094444066897644,-0.4904594293537261,False
963,-52.34976893951307,0.9932636625793811,48.01412804198017,-1.1109861779735553,False
964,-71.19996506121743,0.6334539805223275,48.18674889936737,-1.4907297272068678,False
965,-63.82747758691016,0.28358449906764555,48.49450958978036,-1.3220272279954854,False
966,-43.295076410669026,-0.0477147579614689,48.74209010044575,-0.8872693305433789,False
967,-22.2399005633622,-0.3855411142077908,48.84448401854257,-0.44742737871604815,False
968,14.711915142837142,-0.7283772866809548,48.79421730519505,0.3164369321254425,False
969,24.432025792077184,-0.9259884746560638,48.663104646270355,0.5210932276322969,False
970,43.3712609801978,-1.1470172494407818,48.46148172363932,0.9186322135900097,False
971,-30.826704484096126,-1.2447729518116655,48.354261408835754,-0.6117750673962102,False
972,9.257650333070615,-1.3766668483145064,48.40482565987413,0.21969539268892752,False
973,53.151045144313684,-1.4403227261765257,48.38363634517923,1.1283022937966816,False
974,18.35863412929757,-1.462797003655832,48.35723211234912,0.40989589906432117,False
975,17.4082306820153,-1.4768586851761323,48.351085795969325,0.39058252894014106,False
976,14.459084906404996,-1.6083161552642655,48.26898181735622,0.33287217705288036,False
977,20.04012295087,-1.8734340952038298,48.055950282767874,0.45600090971318685,False
978,15.502146281397245,-2.1400473285252013,47.80726517541084,0.3690274594288343,False
979,46.59992609428173,-2.658215849749803,47.13272625124133,1.0450942659556899,False
980,72.37262690629359,-3.1575410715119707,46.14779850289306,1.6367014338304888,False
981,66.32279553839567,-3.4122624142797466,45.6056983880121,1.5290865049225066,False
982,10.494094608450041,-3.5961143900440815,45.258564459130255,0.3113269094343011,False
983,74.22978128650175,-3.533905338671544,45.27077744925924,1.71774577347016,False
984,85.24031755875353,-3.406257007306343,45.46036502375785,1.9499749841368992,False
985,64.12810694959762,-3.350610732168978,45.56361623142664,1.4809780975028146,False
986,58.1835995239378,-3.476897502873792,45.34519069575284,1.35980235347399,False
987,33.67508759055727,-3.6137590314564494,45.12230985475361,0.8263948973810203,False
988,15.994009845578603,-3.664155624126702,45.07560404487662,0.43611540846205676,False
989,6.200240290421107,-3.704940514020362,45.054568766774544,0.21984853202603585,False
990,10.474040085446859,-3.8418635237534735,44.988865962776366,0.31820992378525975,False
991,30.310375909709933,-4.009091355449447,44.882367859657414,0.7646536691752284,False
992,34.70687772047813,-4.132102572014456,44.75891471536731,0.8677373108682145,False
993,60.408030628994084,-4.321610589236667,44.52466747503223,1.4537928049553366,False
994,62.94858434665207,-4.371947047059033,44.44614383264284,1.51465404169143,False
995,1.4852409893273943,-4.444779771969261,44.32485599947968,0.1337854489897557,False
996,4.560971517276812,-4.3918202679834275,44.32660474534762,0.2019733258771617,False
997,29.288952309536853,-4.380180584776942,44.32870986128263,0.7595333362887001,False
998,-37.97060055334555,-4.341274684496019,44.35552637167589,-0.7581766832627242,False
999,-69.12515125277628,-4.454679134727171,44.41733189378707,-1.4559738138412355,False
1000,-87.4346291828333,-4.606367044686853,44.59511709305608,-1.8573392680034844,False
1001,-70.00099107881783,-4.889400681621801,44.96968164967648,-1.447899740639246,False
1002,-12.782647412055894,-4.746132996668992,44.72151801970172,-0.1797012885798393,False
1003,5.9472215716300525,-4.378018422858106,44.396215917906154,0.23257027161010177,False
1004,21.325572639602342,-4.011062118020344,44.223906398573064,0.5729171577307834,False
1005,8.190010858458209,-3.699144008328243,44.21666534643336,0.26888402310839266,False
1006,-27.494901823139344,-3.4171084303612256,44.13996530689276,-0.5454873655965063,False
1007,36.56316508183477,-2.975880203171618,43.5185405451446,0.9085563254123831,False
1008,39.082043328201735,-2.425964521169887,43.43037180129477,0.9557368755506294,False
1009,33.45524176695926,-1.9351322247530842,43.43074333367159,0.8148691750406768,False
1010,1.4662419675350975,-1.4690144532831768,43.387572009097696,0.06765200920214658,False
1011,-20.209078537523965,-1.2152059036542375,43.27849753872127,-0.43887550894935556,False
1012,-27.661143263822623,-0.9822201670252989,43.06850471742651,-0.6194532007052109,False
1013,-21.613649077177115,-0.6996694039435379,42.73355386989324,-0.4894041749232551,False
1014,-7.994139990931785,-0.41559372882354734,42.43210311086478,-0.17860406877093357,False
1015,1.6469965498655483,-0.17020158967754978,42.26705582970817,0.04299325098167465,False
1016,12.441192770397606,0.012745446379575415,42.20761372186236,0.2944598433334421,False
1017,15.334359285369487,0.18912948181776792,42.197203352662186,0.35891548728895134,False
1018,22.278765625798655,0.277162411450474,42.21337392162276,0.5211998276943792,False
1019,-39.93971345483067,0.3187413954735187,42.231689327738046,-0.9532759757223865,False
1020,-22.615470512008642,0.36736692711996877,42.180267640741135,-0.5448717783129928,False
1021,-14.313124167555543,0.3749654587948815,42.17598604731635,-0.34825717198104544,False
1022,-82.68042555105694,0.24878549476019612,42.1881008601326,-1.9657014502917467,False
1023,-91.16665528500084,-0.28138217245565517,42.66741831714648,-2.130086063257821,False
1024,-92.67081990317683,-0.9308358370401141,43.21524808108565,-2.1228614468208793,False
1025,-85.30907592333551,-1.5888950676178464,43.765272005285304,-1.9129363767145608,False
1026,-37.21297686290154,-2.2155114017980613,44.20625861217567,-0.7916857603385639,False
1027,-12.66510981295096,-2.7294453526893014,44.10755645560355,-0.22525991595708544,False
1028,21.692434703260687,-3.0922743426313533,43.93573031382224,0.5641128272788659,False
1029,12.5069354172349,-3.0946052411382916,43.93439701842202,0.35510993019504394,False
1030,-57.91188335512879,-3.067239846441591,43.94272320988941,-1.2480938708947447,False
1031,15.348193890524044,-2.9625159063798128,43.78975342277797,0.4181505572803531,False
1032,14.967761097013863,-2.8751736299627737,43.811679840530964,0.4072643366317541,False
1033,-1.867935571146063,-2.838837821277777,43.824003292879254,0.022154576879777465,False
1034,-6.680191769510429,-2.8516824452796303,43.82339699516429,-0.08736222170666637,False
1035,-35.70820910117641,-2.8062362071396127,43.81539594416434,-0.750922642259471,False
1036,-49.629063783073434,-2.8389742466043297,43.83804168261554,-1.067339866028373,False
1037,-65.38388951501554,-2.916946705938891,43.90991511478461,-1.422615886315932,False
1038,-48.3317774021923,-3.1471687077863573,44.13620284605155,-1.023753875067397,False
1039,-33.704000784435834,-3.342355204842522,44.26366227037134,-0.6859271018773431,False
1040,-30.56659882860481,-3.4945787188391764,44.32415981739252,-0.6107734522503627,False
1041,-18.0509555263817,-3.7008031018554264,44.36928523587541,-0.3234253684330992,False
1042,-5.590424465945375,-3.8824267224914952,44.36517925504465,-0.03849861021940237,False
1043,-68.29085293867001,-4.01201664653869,44.33801253266949,-1.449745548354674,False
1044,-33.14831709347959,-4.168837783793642,44.51920434388592,-0.6509433341583489,False
1045,-1.9467965901731077,-4.1346874729386025,44.4946076661353,0.049172045727030676,False
1046,-20.35654713524582,-4.4052781328034865,44.34107369957494,-0.35974025145438104,False
1047,-19.46668422169091,-4.799543736397756,44.18547990196883,-0.331944804443317,False
1048,0.6722788782656153,-5.2578201929635915,43.93375564170787,0.13497819579984993,False
1049,-9.96242357003689,-5.645974031681848,43.588176770923965,-0.09902799011392427,False
1050,8.235548196405034,-5.988246776531704,43.39337096039916,0.3277872785204309,False
1051,31.150102515757226,-6.374978022206642,42.97080430943055,0.8732692147847104,False
1052,10.796269526481638,-6.644312581778704,42.58899534838128,0.4095091223823203,False
1053,-34.388229444265335,-6.8695849022472135,42.3944572867982,-0.6491094898527581,False
1054,-116.72456160063757,-7.024932511345151,42.44747623155741,-2.5843616353270176,False
1055,1.6315032999516461,-7.451573999014245,43.18573247410787,0.2103258826143953,False
1056,-7.874566782349348,-7.753926180216951,42.94112324235691,-0.002809442162272035,False
1057,-4.7070830420136645,-8.249031192206445,42.45450952615671,0.08342925615500388,False
1058,-9.482321305060395,-8.588199363342207,42.19491704052418,-0.02119027609082557,False
1059,-35.93514186147445,-8.854952612130305,42.05702447712888,-0.6438921817702696,False
1060,-59.25425471629501,-9.171274926278913,42.059679817612995,-1.1907598918297815,False
1061,-37.40409797497989,-9.61023777501973,42.19584999587705,-0.6586870557809807,False
1062,-13.47151273791792,-9.897412189876036,42.21999496416812,-0.08465421540374893,False
1063,6.490653909248067,-10.08036124538701,42.16815386964306,0.39297464161846046,False
1064,17.656763520661002,-10.281320239072894,42.006990832257394,0.6650817686821807,False
1065,11.831640821224482,-10.437297693387327,41.853117597484,0.5320735895657749,False
1066,14.494519589906872,-10.77659600710434,41.43560051192928,0.6098889670908878,False
1067,-64.84132419624927,-11.103700858493271,41.013248011431926,-1.3102503689241418,False
1068,-60.85288669282784,-11.390824338235882,41.22031286447827,-1.1999438848805062,False
1069,-10.810820364600431,-11.668936790529493,41.39614871957382,0.020729378274827497,False
1070,11.060823365646684,-11.821238165691138,41.34530965793327,0.553437904339102,False
1071,35.77380096212619,-11.975313967632996,41.21049975504184,1.158663816590028,False
1072,23.893003941661163,-12.005008914534073,41.1740522590337,0.8718600887363258,False
1073,-12.766965679782743,-11.986646693854741,41.1894584206063,-0.018944628452255228,False
1074,-19.09062421891099,-11.996587343224633,41.1894439346339,-0.1722294888696319,False
1075,-24.806540239512742,-11.865652238531586,41.13133556149792,-0.31462357894098675,False
1076,-32.23417765207887,-11.78153301045433,41.09006645022675,-0.49775155916088015,False
1077,-40.98511201107499,-11.641193982347168,40.97889925673526,-0.7160738468079978,False
1078,-33.8916915175796,-11.548924687311015,40.894684930153744,-0.5463489171864024,False
1079,64.98743572098601,-11.526516378657375,40.88132292172653,1.8716114506896198,False
1080,48.117586049365855,-11.53019941370675,40.8743596357581,1.4592959007702953,False
1081,20.419651029056467,-11.54001485693813,40.859747254085,0.7821797253726133,False
1082,12.240949112141152,-11.672602323645528,40.71860239213415,0.5872881197024139,False
1083,7.706289732187997,-11.552745942757028,40.75940350382287,0.47250533666761585,False
1084,1.3191503345310593,-11.479102294935355,40.78309122966651,0.3138127160933962,False
1085,-3.437767443215762,-11.37091790851489,40.79284811750802,0.19447405198202555,False
1086,9.374584788626521,-11.219729028039172,40.77478979708572,0.5050746777396661,False
1087,12.72067441239949,-11.056250873369525,40.8021280766095,0.582737381764152,False
1088,35.026279926127245,-11.00466302731331,40.82681829703544,1.1274682885779275,False
1089,38.33836733232738,-10.841877320929417,40.95607416556098,1.2008046585336867,False
1090,35.42311068487459,-10.792591427875003,41.0105333822604,1.1269227269485051,False
1091,-21.617381027886267,-10.73481664838292,41.069070385319755,-0.2649819992856071,False
1092,-25.175513305592517,-10.529057188518996,40.9263430456364,-0.35787356081977467,False
1093,-20.20157693963347,-10.33603644352184,40.779203286365785,-0.24192577836384796,False
1094,-15.493099128162726,-10.124008150149361,40.633628488504556,-0.13213417501054098,False
1095,-1.953355776268154,-9.832372537361309,40.41635350653414,0.19494625510486363,False
1096,11.830585320013824,-9.423706432767968,40.14432224997308,0.5294470191932571,False
1097,-12.123336120092972,-8.95431265839073,39.92719033039219,-0.07937005923730155,False
1098,-1.9441578371463493,-8.564278483757173,39.57057387028598,0.16729908108767538,False
1099,-27.07782805902957,-8.150278328402667,39.27092062818996,-0.48197366977539313,False
1100,-46.511037813752864,-7.831970666738713,38.895474181582095,-0.9944361898364408,False
1101,-53.00078700767767,-7.6662659520108845,38.669036041059925,-1.1723726706693505,False
1102,-51.99112470670934,-7.510341676647755,38.43096137533786,-1.157420512998305,False
1103,2.2567369813978075,-7.413498543031946,38.29722462048954,0.25250486478479817,False
1104,-12.579237250167125,-7.443518397618623,38.28759754139311,-0.13413531227693834,False
1105,14.83152604789143,-7.580980377145117,38.264186921313815,0.5857306329577956,False
1106,14.801444263386657,-7.496824798898618,38.298026213527734,0.5822302417874742,False
1107,-26.339655748039377,-7.39818614642908,38.33418773743284,-0.494114280739388,False
1108,-18.852495606485036,-7.353669754593718,38.30765622120551,-0.3001704355257853,False
1109,-25.285775485637714,-7.171275600123145,38.17853945912992,-0.47446812115235887,False
1110,-41.73915453669724,-6.997195088373076,38.02767808143997,-0.9135966538351586,False
1111,-94.61980288871518,-6.957974153292024,37.988172250917614,-2.307608488147404,False
1112,-61.81806715706,-7.269309089589867,38.49069104604432,-1.4171935235513549,False
1113,-32.09594468995033,-7.56548555654474,38.71854031780029,-0.6335584692000402,False
1114,27.39191506215343,-7.761153805535289,38.75917210147304,0.9069612935915297,False
1115,-26.738936777454683,-8.016810379817978,38.380718264981915,-0.4878003133859675,False
1116,-15.348570855242087,-8.38008140576876,38.26653401204559,-0.18210401410485144,False
1117,40.06569506362075,-8.48325350774101,38.26178842398827,1.2688625014957207,False
1118,18.157334969830572,-8.349342625612556,38.392656871302385,0.6904100876450739,False
1119,8.465270495617233,-8.175858974666152,38.44647376615317,0.43283890146860776,False
1120,6.333836586517009,-7.888863618050945,38.3892840807034,0.3704862058554793,False
1121,6.694968786460095,-7.399816518834874,38.04037733328777,0.3705217007130244,False
1122,44.27058570817712,-6.776103710519102,37.39812995584147,1.3649529930766737,False
1123,95.69927905547615,-6.190891565412287,37.42324968282226,2.72264358345281,False
1124,129.6690776626467,-5.53472254363533,38.2336850022598,3.536248211447336,True
1125,86.88486383795134,-4.851121260800961,39.60207223865825,2.3164440624701106,False
1126,12.394524538296537,-4.3589233648160794,40.22415315346811,0.4165021905916282,False
1127,52.60798977141394,-3.961485423611962,40.05651735956464,1.4122414758935184,False
1128,76.50581886146665,-3.737992466366402,40.267478289374324,1.9927697173181957,False
1129,52.94039725983748,-3.374124579611957,40.714938536467535,1.3831415166944112,False
1130,43.48197551790486,-3.018680508004559,40.94508359232271,1.1356835044935256,False
1131,15.093290348142318,-2.6277115506236077,41.07421028713993,0.43143865152568156,False
1132,9.137926338601119,-2.2262647691494686,40.914605936817416,0.27775389369018477,False
1133,5.558947911983523,-1.748063034626739,40.57167733346641,0.1801012782033273,False
1134,27.425464922064634,-1.3350485971333241,40.288114202283,0.7138709291478377,False
1135,43.45204451928737,-0.9140929939622905,40.21646677472197,1.1031833741579695,False
1136,73.72679726313652,-0.5230695113274716,40.32708324356469,1.8411911004328,False
1137,74.12901861735281,-0.17179045108759436,40.71574498933894,1.8248667459700276,False
1138,68.00160791046915,0.12402498239618913,41.074524569152594,1.652547013996353,False
1139,1.4925918013304909,0.27063419031447095,41.27328947047931,0.02960649918369177,False
1140,26.01501373280894,0.4630109539182008,41.20273594095749,0.6201530601148946,False
1141,52.48509927331202,0.562757164630929,41.24441661847248,1.2588938422619413,False
1142,20.494742400902624,0.5587932011130619,41.2393638332307,0.48342038641549473,False
1143,10.542119913536226,0.5715081313011872,41.24521363468174,0.24173985060538225,False
1144,-55.25737320318808,0.5306384243459545,41.23182992556624,-1.3530326383341544,False
1145,-123.73859332450024,0.11565950702694817,41.44110778367337,-2.9886810332884557,False
1146,-99.43168212236174,-0.7401661850883509,42.49831742889961,-2.3222452536476514,False
1147,-73.0092449222268,-1.4242961160631067,43.1552995134291,-1.6587753905841351,False
1148,-65.72048131181009,-2.136255467351848,43.344488451715335,-1.4669506577587013,False
1149,-59.448466939061746,-2.9582382543643697,43.23229494534078,-1.3066673595773435,False
1150,-101.37244727704524,-3.7068767214920926,43.114202792796014,-2.2652760396597698,False
1151,-17.680776173204322,-4.372748994620041,43.75269133396823,-0.304164767305465,False
1152,-14.857988971102259,-4.91983564616591,43.33660403348575,-0.22932469090695798,False
1153,-29.60288852677354,-5.5156588993198135,42.77405485475594,-0.5631271037839315,False
1154,-35.95866445988395,-6.073581491441071,42.47042981481452,-0.7036680132212453,False
1155,-72.68497987171418,-6.633952110392391,42.23795761190925,-1.5637836556448055,False
1156,-68.80020766577127,-7.267047750048769,42.42683798187457,-1.4503357507342514,False
1157,-52.00330066710421,-7.771775235235374,42.65223274771542,-1.0370271984000183,False
1158,-44.611022545096375,-8.118224883792074,42.774272450643544,-0.8531482961729548,False
1159,-24.072288361591063,-8.44611216135483,42.84197395806422,-0.3647398743935535,False
1160,8.127585501140288,-8.769818496303051,42.75274325688745,0.39523555005376587,False
1161,27.782450510108447,-8.928028569037204,42.63992130083332,0.860941529890399,False
1162,44.43038105218113,-9.122228450697238,42.39584183879072,1.2631571206089272,False
1163,-2.3569718999415272,-9.232455851259564,42.231091888197355,0.16280620850439295,False
1164,-1.6719893106758263,-9.255326166076642,42.22629305245586,0.17958803170291013,False
1165,-8.001754678237376,-9.292427123385883,42.216818202320425,0.030572470880279794,False
1166,-36.26204566501383,-9.51439561736073,42.1106499443386,-0.6351754267152812,False
1167,-34.62714968259934,-9.504225647787328,42.10394223057922,-0.5966881651420695,False
1168,-40.41868482565292,-9.298880400345798,41.89503053275354,-0.7428041949027261,False
1169,-35.99025410326135,-9.019023588695914,41.52536326707349,-0.6495122111538902,False
1170,21.32414017367364,-8.816578725746174,41.30862223814804,0.7296471599961813,False
1171,85.60597333531382,-8.613562132973973,41.37277506609831,2.2773317796004737,False
1172,87.89166120706204,-8.13940289628538,41.992480207394095,2.2868633533686378,False
1173,8.475297757119051,-7.74317617862193,42.58207481939709,0.3808756150217721,False
1174,-35.097677043735985,-7.741478042320376,42.582719709525364,-0.6424248894392782,False
1175,67.60447557994712,-7.78673265672869,42.6078707689702,1.769419754520579,False
1176,53.65949515609145,-7.6019629513827836,42.867858802005514,1.4290766980087235,False
1177,34.689876611691716,-7.515192404788202,42.97753270898396,0.9820263369297009,False
1178,4.440342807483603,-7.50784338785527,42.984685433655336,0.2779637927973275,False
1179,-11.268455532378084,-7.490140406665101,42.9890157019391,-0.08789024507817599,False
1180,-4.262943211144147,-7.436922412586851,42.97870884509642,0.07385003613957643,False
1181,4.992445333617752,-7.297647412273289,42.95068111574729,0.28614430380674555,False
1182,8.034701394599665,-7.139277802685224,42.94662982786394,0.35332176839263774,False
1183,26.008228367882907,-7.04386803253325,42.96252111365569,0.769323948959562,False
1184,34.26564051793821,-6.898860700283148,43.03308434840963,0.9565779874140644,False
1185,40.08963232322037,-6.768953273214454,43.124661487184994,1.0865844271116056,False
1186,49.43677408036888,-6.62160045751296,43.242770078546485,1.2963640959183926,False
1187,-24.658807766488167,-6.459945645283377,43.40192511889365,-0.4193100207272256,False
1188,-11.929048504382536,-6.368987873328956,43.34731895964121,-0.12826769370051025,False
1189,29.2986026063204,-6.305378218521658,43.33117328037635,0.8216712848845534,False
1190,-28.950287206792837,-6.045784606772396,43.413471282660986,-0.5275897532102742,False
1191,-26.526177890556937,-5.7259623547232055,43.04185322737205,-0.4832555751248656,False
1192,-56.32033831529611,-5.341197608327706,42.55971881556607,-1.1978260694787053,False
1193,-77.88098615310787,-5.12482569411413,42.20399552551145,-1.7239164101184241,False
1194,-8.296239516019796,-5.080610874053251,42.123301704763875,-0.07633847566139094,False
1195,36.78904234092238,-4.90848743746467,42.05023295859048,0.9916123370695531,False
1196,43.43704132350672,-4.614117484167805,42.16854194882951,1.1395024961020335,False
1197,8.90496214281302,-4.4846853019044355,42.282986984259416,0.31666749205069133,False
1198,-14.633091820281606,-4.50612561901409,42.27523200816849,-0.23954844764212693,False
1199,65.56622734916209,-4.248513764639999,42.07925489566086,1.6591249366680507,False
1200,48.08041732816105,-3.9495968988147725,42.39646725541931,1.2272252287795302,False
1201,32.578572618538146,-3.7524977545817535,42.561587798433195,0.8536117248533981,False
1202,28.685356402909747,-3.547459015357443,42.653593854276274,0.7556881497111094,False
1203,21.27920597927573,-3.336949800045418,42.72525022067153,0.576150067048905,False
1204,7.378255034494487,-2.9977389959951077,42.692913772164104,0.24303785133669584,False
1205,4.690421201473555,-2.658409717319108,42.5463616498634,0.17272524920626808,False
1206,11.39187378108511,-2.241300724959054,42.270337800330765,0.32252343405539297,False
1207,15.08171753129659,-1.8858028012490693,42.131303396104244,0.40272953753703705,False
1208,25.92721864996247,-1.5954116207982811,42.07877807949051,0.6540738948922918,False
1209,78.45721442120077,-1.259138897711571,42.07160302607533,1.894778130262956,False
1210,86.43129988912938,-0.6846855051664372,42.497664317136945,2.0499005485147754,False
1211,33.03786643107537,-0.13693714591003991,43.02382850289366,0.771079765129553,False
1212,42.75609225672474,0.46620999319558737,42.77218687544522,0.9887238729850178,False
1213,99.73762668757445,0.9180219536134703,42.8158582042256,2.3080141068901483,False
1214,70.67342074297085,1.5232863778857773,43.488561324137216,1.59007638467693,False
1215,80.69073037596354,2.065131424779924,43.78043127512174,1.7959073645732373,False
1216,77.49595439003701,2.661306511670724,44.16571431031245,1.694405922036515,False
1217,44.22776251620053,3.1185902944788872,44.541110768720486,0.9229489680933382,False
1218,56.3275006449403,3.4411509259445863,44.64191748785882,1.1846791691548446,False
1219,95.26599580848801,3.727412547662058,44.82665521448177,2.042056959700472,False
1220,78.22824605142478,4.109054769642599,45.331611482102936,1.6350442628990736,False
1221,-2.6720013148606085,4.51043558229107,45.68830578641914,-0.15720514852810888,False
1222,-11.109904171943754,4.699222654489907,45.59203683133984,-0.3467519313716318,False
1223,57.06288341701634,5.327881329660704,44.62563143909336,1.1593113737329497,False
1224,67.50322285666448,5.657830020833708,44.80270813581018,1.3803940745804741,False
1225,47.41100338175306,6.106507340113552,45.04316693044678,0.9169980455730317,False
1226,36.4477384851516,6.416734045016925,45.14760020968403,0.6651738807967277,False
1227,28.72938588198417,6.690127258053901,45.189792292598305,0.48770435768389464,False
1228,0.44866340748671973,7.075035161288774,45.0998572132343,-0.14692666813715727,False
1229,6.132085069388268,7.430409673930332,44.808350133442865,-0.02897505935111535,False
1230,31.859173150509605,7.689553620623,44.673191655101476,0.5410318500743733,False
1231,35.43543743115674,7.959379131863639,44.6815113471553,0.6149312651001542,False
1232,56.30047227465218,8.13166950997024,44.73159106280054,1.0768408102688714,False
1233,60.332750774788906,8.361691585886852,44.87997714145775,1.1580010173600097,False
1234,38.588747298091675,8.650388668943785,45.05807366952011,0.6644393821345259,False
1235,-35.60880350501236,8.793806691016314,45.11509608160932,-0.9842073729757369,False
1236,-24.587071380633006,8.967809790368914,44.8851814707685,-0.7475714717306994,False
1237,32.83943220346555,9.183677738655788,44.63388329748894,0.5299954365866393,False
1238,52.829795811545864,9.443500670608563,44.64384168795004,0.9718315785679312,False
1239,91.49235280144217,9.692125506596058,44.769034314019336,1.8271608612569632,False
1240,96.01374302331806,10.023783553258651,45.16801888201804,1.9037797450154073,False
1241,74.34498170435427,10.453073666839941,45.64087852804126,1.39988339615899,False
1242,39.65322026907211,10.971597163174092,45.86976039965882,0.6252839093990853,False
1243,62.511833024257385,11.321262904173992,45.86312551749818,1.1161596498815292,False
1244,35.390578629702304,11.841015125982144,45.945949859868385,0.5125492796545619,False
1245,0.5251872452615771,12.243543437183224,45.85363331764277,-0.25556003622973233,False
1246,-25.15251845778812,12.490628551804278,45.67658852771741,-0.8241234344099456,False
1247,80.68877015942917,12.542647439064941,45.62840050825621,1.4935023354157146,False
1248,85.47750375938404,12.636107763103293,45.75237807198343,1.592078905312363,False
1249,61.70083112972975,12.858488225662924,46.015904704675485,1.0614230713821902,False
1250,32.15584438365681,13.104209535785978,46.166495208886914,0.4126723235469573,False
1251,19.7772277564643,13.22275057906881,46.18982705338494,0.14190304652624058,False
1252,10.609219633358862,13.294601400641882,46.1905830088184,-0.05813699659885967,False
1253,-2.4829158122599893,13.349899432182523,46.18172054756287,-0.3428372753703749,False
1254,18.60253030191052,13.355583072842975,46.179700810412896,0.11362020838135072,False
1255,27.96588154193762,13.410511319945856,46.18042533912187,0.31518484542109976,False
1256,43.573200979685794,13.501256600478822,46.19403821402315,0.650991892933881,False
1257,52.64824960330725,13.552131130559527,46.2225837949396,0.8458228697511263,False
1258,46.96132216952742,13.637309001220123,46.28167996001696,0.7200260059076534,False
1259,-40.07598620042506,13.705988831485914,46.32274551184528,-1.1610273622093121,False
1260,-33.879515557184845,13.596116181649373,46.42880002778601,-1.0225470335313795,False
1261,-11.866849325895373,13.544306644437514,46.47715524296519,-0.5467450801903185,False
1262,-1.3785599741040642,13.59391811832881,46.445355434739334,-0.3223676071005808,False
1263,11.638484099668176,13.677933232341063,46.40517332667897,-0.04394874507451478,False
1264,12.612183966529301,13.758837041126402,46.3896037510582,-0.02471788896388114,False
1265,14.602256106340747,13.763489414022327,46.38944840305805,0.01808098007613142,False
1266,33.823385510659136,13.922570320132051,46.345948438718054,0.4293970856339551,False
1267,39.87464934448599,14.135472363868988,46.35477695193525,0.5552648221628952,False
1268,-5.209124653583785,14.533999015080392,46.28608639632549,-0.4265455389685208,False
1269,-52.58883996373402,14.779843736271872,46.06908637424657,-1.4623403458173674,False
1270,-51.70078648082608,14.782295802009633,46.06546791148997,-1.4432303696681443,False
1271,27.452380202937093,14.784024005735128,46.06295320001832,0.27502266609334386,False
1272,17.14624020293354,14.933998072530006,46.06293861671112,0.0480265088775938,False
1273,21.154355264639662,15.110935438322272,46.013686247556784,0.13133961477903286,False
1274,4.1959188842654385,15.148571326517201,46.01604209189383,-0.23801813333661692,False
1275,10.45323163300759,15.085443199260526,46.02379521680536,-0.1006481874089668,False
1276,20.216542438942042,15.30444848129057,45.91289885636827,0.10698723191097631,False
1277,4.830652076607976,15.537002279180015,45.83773719069369,-0.23357065288872333,False
1278,8.280180819028601,15.716266728955288,45.73590677356554,-0.16258748179503899,False
1279,18.671929506513493,16.014000867977465,45.52194947310597,0.05838784738571691,False
1280,20.08241839224104,16.688356417949063,44.705036203213325,0.0759212442836142,False
1281,28.973470536956256,17.175859308123474,44.288423091807694,0.26638137926872946,False
1282,59.42924173843858,17.539367732093158,44.13193555255937,0.9491963921785451,False
1283,-14.620651984584356,17.730066105166284,44.24384061716591,-0.7311914526063787,False
1284,16.686418639790872,17.802198752742893,44.1807402328745,-0.025254898561472675,False
1285,39.05384636728763,17.99288321402285,44.10587267383803,0.4775092720420736,False
1286,39.52158418951035,17.986860305116107,44.102909443674996,0.48828352043070566,False
1287,48.97699021369817,18.11402845523325,44.13419412397296,0.6992981829864358,False
1288,57.27413444504123,18.35516964403135,44.19179612179237,0.8806830275408902,False
1289,51.796837090998906,18.658385702713037,44.28348433589317,0.7483252929450744,False
1290,60.43498360633839,18.92684920452577,44.347189819322246,0.9359811652310688,False
1291,-4.508121063798626,19.02306585868149,44.419980995954965,-0.5297432910793669,False
1292,-31.732814577001363,18.426593238923903,44.05550398016509,-1.138550312317578,False
1293,-34.49068845464603,17.46586768987838,43.36961420760002,-1.1979944275229368,False
1294,-59.37548656963713,16.743394164327203,43.216971742106736,-1.7613191685015943,False
1295,5.5388933889805685,16.31619171725617,43.61312779537545,-0.2471113371836262,False
1296,-26.2297328362406,16.03601852450359,43.529698654177835,-0.9709635643592416,False
1297,-34.60068675938851,15.424497383445809,43.3965395751798,-1.1527459247337246,False
1298,-24.92988309527641,14.90341950237899,43.468883608904314,-0.9163635982934655,False
1299,-38.350656382137686,14.49620605825291,43.519967304681096,-1.2143130087946155,False
1300,-52.37102974961408,14.178087327715529,43.710489730976505,-1.5224976312760905,False
1301,-43.336090171998876,13.8119625890952,44.00954007910023,-1.298537831987779,False
1302,-33.21255188144448,13.520920695738162,44.225590268674075,-1.0567065875949417,False
1303,-12.205778303942111,13.159980119526798,44.35867471607174,-0.5718330988432023,False
1304,17.119928065609884,12.828683555102813,44.33891932392636,0.09678279434725442,False
1305,32.444448571836915,12.491737905117537,44.087739286155866,0.45256824209593327,False
1306,38.76301808727089,12.243615464370418,43.855459075989465,0.6047001486622141,False
1307,-30.21432529953711,12.069576239232333,43.69056626070429,-0.9678039255993802,False
1308,-2.015404168867917,11.880844589822408,43.80486284772285,-0.317230733195018,False
1309,17.051546665745946,11.713996864217187,43.8040873671652,0.12185049666232049,False
1310,1.5285919319092045,11.503082860600722,43.69176267035499,-0.2282922527970986,False
1311,15.160163889133855,11.390189107809094,43.692893287741605,0.08628347764698059,False
1312,27.86470421159879,11.4176774648067,43.69380920739107,0.3764154932962443,False
1313,23.74666623809344,11.912451735132812,43.40394394671884,0.27265297636288294,False
1314,-14.624195452934373,12.790340184910153,42.116253385589594,-0.6509253182341387,False
1315,-38.087233437127,13.295146653180558,41.26270608727007,-1.2452498869471749,False
1316,-9.841493288469337,13.503015769163296,40.91179824483151,-0.5706057924398815,False
1317,-32.94121267735363,13.83562879311175,40.488815775428456,-1.1553027811411802,False
1318,-76.3732026736377,13.99341006847906,40.25248262853581,-2.2449947640758445,False
1319,-0.6820799609363348,14.142215095880296,39.86781582759705,-0.3718361477569346,False
1320,8.535310540241198,14.24339781142951,39.808093117403786,-0.14339012055548023,False
1321,5.838354161042162,14.382643641854175,39.74655549379354,-0.21496930676536768,False
1322,-39.74444573085316,14.593603419757837,39.605502979148234,-1.3719823020356352,False
1323,-45.721975265818855,14.57106900743064,39.63550366258498,-1.5211877912924003,False
1324,-68.77532799437654,14.731563082465733,39.33350584221794,-2.123047241499932,False
1325,-52.75568454796678,14.731711175747844,39.33318950182522,-1.7157875213903755,False
1326,-32.835813342171946,14.72723270026652,39.34087552969058,-1.208998157820423,False
1327,-24.425617391869423,14.797323231236309,39.244896604452144,-0.9994405391975495,False
1328,-0.7441283535362118,14.795220082246555,39.247001526121736,-0.3959372138388763,False
1329,23.686879633802164,14.742412261683004,39.26199240959647,0.22781491267195447,False
1330,42.57382981552189,14.718033863609751,39.25511805883518,0.7096092771944323,False
1331,-21.48951459550551,14.706982963391543,39.246963980592355,-0.9222750981909388,False
1332,-16.657543142384156,14.593098780679853,39.32445775871626,-0.79468716682145,False
1333,-4.578462680196708,14.503899055491114,39.378531504138785,-0.4845879469548583,False
1334,-28.497251008576086,14.524275793574686,39.36770025295244,-1.092812801502783,False
1335,-21.610557966488614,14.570494809386817,39.31223735023635,-0.9203508936297644,False
1336,-19.692787659609166,14.647974521982716,39.22742966374405,-0.8754272833055726,False
1337,-27.616359855312112,14.77134295749488,39.08554496452191,-1.084485398662919,False
1338,-252.92983051047918,14.821187566113627,39.02571630448948,-6.860886703206803,True
1339,-67.76310233332515,13.188723454898428,44.15152871998481,-1.8334999519865192,False
1340,-39.21707209022634,12.275812290204149,44.23072523979272,-1.1641881090863118,False
1341,-5.584053762209351,11.5192126872441,44.01613873471647,-0.38856807846172425,False
1342,-17.849053223365445,11.435526071057623,44.03532183675974,-0.6650247590555118,False
1343,55.839783692657875,11.53819645094078,43.946195651029434,1.0080869705653197,False
1344,47.36863254743821,11.46816852304025,43.86561908904782,0.8184191804410539,False
1345,17.756696867430264,11.430722912274456,43.83205930081283,0.1443229922587392,False
1346,12.19134055523864,11.329930175701472,43.797709762942766,0.019667932049406072,False
1347,-5.3732550918459765,11.376067067057155,43.79449111904325,-0.3824527179314567,False
1348,-15.960083020949469,11.411157545869846,43.77859736501314,-0.6252196784334116,False
1349,-13.688267450827425,11.341531713668624,43.81296297545108,-0.5712875246196095,False
1350,-10.19802651885152,11.230336994713593,43.85286017988092,-0.4886423240278441,False
1351,-8.04028047242764,11.121808852371622,43.883366966617174,-0.43665950562490313,False
1352,19.30036738806359,10.919139156893582,43.892827580093076,0.19094755779577954,False
1353,17.78478073892893,10.830060150168139,43.86033666027884,0.15856514377964598,False
1354,31.270278867888464,10.697293176452119,43.80496029545485,0.46964968242582733,False
1355,-54.651251632949766,10.58915927637783,43.731118095391345,-1.4918532557758462,False
1356,-11.384862237328434,10.41063282479175,43.93661212502702,-0.49606681097983674,False
1357,29.738218860572715,10.41387202876231,43.93497531086469,0.43983971073341394,False
1358,12.729495386803137,10.416488792180479,43.936119895834274,0.05264476244389441,False
1359,17.936207466191036,10.66458273618998,43.83004505743155,0.16590502520526443,False
1360,19.524887574166087,10.929239791884905,43.73827456027791,0.19652461988264053,False
1361,3.733156996321668,11.38069946979837,43.430325563365344,-0.17608761560672279,False
1362,17.682510210907594,11.86649794092593,42.878846813399164,0.13563826227164824,False
1363,54.7451535442292,12.021133355967162,42.85253379257149,0.9970010267086765,False
1364,15.149382698196177,12.128014970272561,42.936988741508635,0.07036748073119431,False
1365,-6.45619933401349,11.959636049883809,42.86888559790241,-0.4295851204678479,False
1366,-48.15467937762742,11.868200564902699,42.89181581389372,-1.399401699451652,False
1367,4.389980321145231,11.668667305632782,43.09333639831185,-0.16890516244113996,False
1368,22.625874738228276,11.304522978085064,42.89317656648242,0.2639429547167169,False
1369,12.422721499210638,11.153007843621177,42.80736389291399,0.029661103607448253,False
1370,9.005762508433918,11.033032539339466,42.775188434778954,-0.047393596734158355,False
1371,8.459917596620471,10.915892099491394,42.75349875587524,-0.05744499454640352,False
1372,5.99630237792735,10.8395868114994,42.74633099686044,-0.1133029273068552,False
1373,-18.006549082589117,10.831360902829358,42.74713402904165,-0.6746162202552926,False
1374,-6.505807890916003,10.696259889233746,42.80248919909087,-0.4018940977973571,False
1375,5.56509243688879,10.58972606975755,42.823015887664496,-0.11733488472763416,False
1376,39.29597080572546,10.533079491814643,42.823332596784894,0.6716640104761554,False
1377,35.039360601845374,10.61265539750371,42.86451120771849,0.569858480036586,False
1378,30.435905160838388,10.354215791436118,42.582975321297646,0.4715896251467079,False
1379,-51.95086487481592,10.020909870434387,42.20137228458724,-1.468477715069081,False
1380,-29.59414294531348,9.515024565042177,42.43257056097037,-0.921678017459739,False
1381,-13.88956661029465,9.084368403125282,42.46031953477679,-0.5410683495823274,False
1382,-77.55423313545589,8.408016062066539,41.909060742588814,-2.0511614356025376,False
1383,-111.34874314870831,7.525708598504474,42.14996256454385,-2.82027419514742,False
1384,-131.96886401485222,6.382616494190951,42.75357088708789,-3.2360216383896727,True
1385,-144.6520681342722,5.135802098923754,43.71086192050636,-3.4267883004824715,True
1386,-127.4650403488397,4.01151739267094,45.10617269367866,-2.914824067082425,False
1387,-83.62027398623218,2.9175141724698683,46.04870577005575,-1.8792664573642648,False
1388,-64.10986185724141,1.8527149475012956,45.968668083354004,-1.43494644406782,False
1389,-87.11662174664139,1.0054643051878063,45.86415923623994,-1.9213714481917026,False
1390,-127.27603023918277,0.5028177549986351,46.36470605659248,-2.755950783732249,False
1391,-26.57857598637338,-0.1886472811158829,47.39373935244721,-0.5568230965910232,False
1392,-15.90120113198168,-0.6865131108979645,47.22774854334651,-0.32215569215880346,False
1393,-23.443360425907258,-1.1829680155922868,46.94416985527656,-0.47418864747084,False
1394,-10.602057303714673,-1.6047201811140746,46.82310748951042,-0.19215591627736867,False
1395,-28.046175026893707,-1.8847784893811357,46.7347690607015,-0.5597844402212154,False
1396,-32.65630274341106,-2.222728256695885,46.7173407046742,-0.65144064340268,False
1397,-40.73013307574979,-2.419781626641705,46.77578700488777,-0.8190209914609219,False
1398,-14.012645590755369,-2.6987234013151458,46.864128776046215,-0.24141966328888925,False
1399,2.657375083798229,-2.9717699414417234,46.79515866198415,0.12029332063816688,False
1400,9.552738314402063,-3.1668774554140953,46.70230516825042,0.2723552022537706,False
1401,1.589283251523966,-3.4451377766060602,46.484625063793786,0.10830292857522186,False
1402,-0.446665494480726,-3.7948012737683516,46.2222039615416,0.07243565845699147,False
1403,-69.18625723358093,-4.027154921343187,46.10583776061226,-1.413250587714133,False
1404,-62.28539031809282,-4.227020717346572,46.3158616102503,-1.253531027649007,False
1405,-54.68295436574226,-4.45141547292669,46.50602577926245,-1.0801081806309574,False
1406,-39.73637868588571,-4.972382059648164,46.5759534460746,-0.7463936657032073,False
1407,-31.3560760377286,-5.523371193561448,46.43537696898761,-0.5563151745579629,False
1408,-26.131571223646233,-6.254611841413655,45.86221445075924,-0.4334060101605826,False
1409,-55.39458836057793,-6.9816672833598705,45.19456964788409,-1.071211020580758,False
1410,-56.8181579220236,-7.753926628984467,44.90410930883931,-1.0926445719162925,False
1411,-62.01627520583861,-8.328161022979085,44.911073978983794,-1.1954315367292923,False
1412,-75.98055622326137,-9.069399762443942,44.762284053317345,-1.4948110418386622,False
1413,-79.1377865232646,-9.732323184187774,44.92429753127824,-1.5449426513737634,False
1414,-58.21420905904779,-10.206507551857571,45.234735463102766,-1.0613016969304334,False
1415,53.654066864150764,-10.403303329246022,45.37185848609416,1.4118304237643138,False
1416,50.18787628119003,-10.564224182194108,45.09393761255491,1.3472343219472973,False
1417,10.487761601185639,-10.77428148861193,44.72455603092306,0.4753997574642609,False
1418,-26.517809273815146,-11.079121188186596,44.40097426250997,-0.34771057036611536,False
1419,-47.20126021260012,-11.42836912662393,44.28947829734112,-0.8077063099685188,False
1420,-64.92606586487909,-11.827050602630266,44.30834896849548,-1.1983975142022052,False
1421,-59.78705664886252,-12.276665397262635,44.46229190667596,-1.0685547058914941,False
1422,-31.638045646870182,-12.617761473670985,44.60628198787876,-0.426403710992271,False
1423,-35.16507833533285,-12.916812520985156,44.564112846861384,-0.4992417529055473,False
1424,-10.649253286421299,-13.292592044064143,44.48340961178142,0.05942302491450109,False
1425,-10.819528249588643,-13.615344748029067,44.26451393658185,0.06316157684338325,False
1426,-0.9151195496677929,-13.993129140010591,43.96541624827601,0.2974612935879032,False
1427,-36.80574187793434,-14.278107959767707,43.722444006338705,-0.515241872455727,False
1428,-34.72184321978682,-14.258642219752879,43.71161635037426,-0.4681410276849379,False
1429,-14.030928379583429,-14.263656074887416,43.71392864822971,0.005323879653480018,False
1430,8.052682611653154,-14.276537497826032,43.71353698758928,0.5108079018135431,False
1431,15.921481833815506,-14.220399149101288,43.73625023000444,0.689173873489468,False
1432,33.033192068571,-14.194905114969458,43.75265894494832,1.0794337606536117,False
1433,11.770346358060806,-14.07335149531445,43.855825537344124,0.5892876838304827,False
1434,5.766429292827752,-14.090208100958973,43.845280638020725,0.4528796966250437,False
1435,20.478231346249686,-14.25721379273178,43.71492639205611,0.7945900406524213,False
1436,33.68632113915692,-14.372668661768898,43.59655695434726,1.1023574602749353,False
1437,5.825311181795541,-14.141148151097825,43.748524275547304,0.4563916077976914,False
1438,-7.067409927946301,-13.79344487046967,43.67318731971492,0.15400833681509452,False
1439,59.73888055788893,-13.527770010035866,43.576858425725305,1.681320159708262,False
1440,58.83748252395981,-13.335588460304006,43.829134561261704,1.646691674538649,False
1441,29.90551580246688,-13.087426303631233,44.11982195941771,0.9744586491224709,False
1442,38.31650337867745,-13.035336062334641,44.16563399695406,1.1627103427192655,False
1443,3.3428477271975225,-12.832237345105998,44.3235183257383,0.3649323357733265,False
1444,-16.890733517003127,-12.874561058831059,44.30454104100584,-0.09064922835911833,False
1445,-36.05701455483734,-13.09543770142597,44.23101683375017,-0.5191283967021688,False
1446,-32.48670631673633,-13.338816669470285,44.24427796106205,-0.43277663303981323,False
1447,-38.573065565818524,-13.581476711945081,44.23679086477813,-0.5649503131967027,False
1448,-25.184070404693557,-13.922220730232771,44.20732548525899,-0.2547507579533638,False
1449,-13.60563678461915,-14.191664115928807,44.1367194513405,0.013277546192705497,False
1450,12.667710869505981,-14.44511118331914,44.00943514001057,0.6160683945742325,False
1451,-31.413600853711387,-14.723453628967548,43.686097424424425,-0.3820471090057259,False
1452,-21.98428078801635,-14.823411657950446,43.70506862461727,-0.16384527825755385,False
1453,-26.924855776423215,-15.053594392639777,43.63990662813337,-0.2720276531510813,False
1454,-30.201056141459958,-15.446324762542815,43.44651347937051,-0.3396067991951312,False
1455,-40.11688687233914,-15.86134047879859,43.25086390668653,-0.560810679894666,False
1456,-19.27171806948786,-16.39166117573929,42.99655265846631,-0.0669834374077771,False
1457,-13.910073490959576,-16.847291250230533,42.6151318291563,0.06892429128334598,False
1458,-34.59834957813632,-17.238403813218383,42.2815748188863,-0.41057945072480156,False
1459,-29.176164465880447,-17.804078415506922,41.86988876385855,-0.27160535616683407,False
1460,-38.69595606392045,-17.95091200718598,41.8662359832864,-0.49550774196696795,False
1461,-45.83732646955855,-17.992359277941453,41.88340487709199,-0.6648210018581088,False
1462,-62.931545541393916,-18.059898789934977,41.91930192017718,-1.0704292461001288,False
1463,24.39459319556954,-18.081065807624004,41.941181118077914,1.0127435105752245,False
1464,20.919129280543302,-17.968829499251452,42.02990305095455,0.9252450269192701,False
1465,54.14419639062862,-17.68818151046107,42.13170310639042,1.7049483549169502,False
1466,39.63934796744593,-17.15993815837764,42.47333835755432,1.3372927187326031,False
1467,22.056658013892275,-16.775597497290004,42.694176142648956,0.9095445566495229,False
1468,27.38211397948271,-16.41603014969459,42.76569763829283,1.0241419302829287,False
1469,5.970744170039893,-15.941309056069015,42.806819390211245,0.5118823014241418,False
1470,-11.113711515596492,-15.647815994509259,42.786894654240044,0.10596946835129693,False
1471,-9.98922576149414,-15.516275278045876,42.76653627741118,0.12923771709496765,False
1472,-1.533944830906421,-15.503081512912258,42.76790559249702,0.3266266254678721,False
1473,4.9704305940806535,-15.614116470629616,42.70687311202278,0.4819961182996406,False
1474,17.41663699522917,-15.777652291925785,42.57413862869595,0.7796819937252057,False
1475,-36.3584732399047,-15.904714084140318,42.442037231090715,-0.4819221811713853,False
1476,-48.601043300333686,-15.941286393309172,42.45708619942705,-0.7692415997088667,False
1477,-64.91728258694707,-16.218581864329803,42.51767562595478,-1.1453754234130638,False
1478,-74.48996233493676,-16.7064915622625,42.60382712411633,-1.3562976538313232,False
1479,-86.62136549999718,-17.158982956708012,42.81217786498353,-1.6224912164560326,False
1480,-91.18188465961225,-17.764825393548076,43.07146418722435,-1.7045405966914118,False
1481,-71.81645316120375,-18.473436041591,43.294968971488395,-1.2320835050082015,False
1482,-36.864058319824835,-19.042264133253482,43.36466012935889,-0.41097506894803454,False
1483,-40.01465404078954,-19.174644269365928,43.38503348824422,-0.4803502059545604,False
1484,-32.02043865691439,-19.186117011054392,43.390319204046435,-0.29578767525321903,False
1485,-46.60143395315413,-19.318134543009425,43.395457453918056,-0.6287132573522709,False
1486,-49.40333730987322,-19.399445383936808,43.433916764525,-0.6907940651219908,False
1487,48.77041354817743,-19.238910471057256,43.27161471351557,1.5716844511002839,False
1488,47.145243255490186,-18.944550390645865,43.565808588489034,1.5170106050458643,False
1489,38.9930796547294,-18.714729362578908,43.812778801510056,1.3171456044536336,False
1490,46.617341864257924,-18.517379806068863,43.998315506301054,1.4803912586380439,False
1491,21.771898865836874,-18.003321546574153,44.25259516078503,0.8988223237053976,False
1492,-2.5282269713759433,-17.60157229579049,44.305784390407375,0.3402116796216358,False
1493,-2.52698298780615,-17.207244313510728,44.14210530634176,0.3325682185710229,False
1494,-9.089297889965792,-16.908263947081196,44.06993306372021,0.1774217820074755,False
1495,3.517382391679348,-16.766915640818066,44.05662156428165,0.46041428762078873,False
1496,12.423400035703253,-16.600588261154083,44.08027484368046,0.6584348305400446,False
1497,33.20489949766704,-16.522210115980037,44.120325932732996,1.1270793803622923,False
1498,36.19848941354155,-16.46555523583799,44.178340472860945,1.192078382431124,False
1499,-0.0032042001038234957,-16.50350369061168,44.13003469983127,0.37390180186218946,False
1500,47.78940056578517,-16.375608985877147,44.146630020969496,1.4534520420060186,False
1501,98.8875712482511,-15.991996225709473,44.42330480543658,2.58602028770947,False
1502,42.07446465345015,-15.376126976135376,45.29121581228434,1.2684709517999557,False
1503,53.48594059987681,-14.956057240051889,45.49560075526764,1.504365184847114,False
1504,47.25049180478459,-14.509054272394952,45.797742945751395,1.3485281611003255,False
1505,39.75334209820039,-14.110582370821177,46.042940753174676,1.1698628190969238,False
1506,91.62308416568044,-13.709572240145508,46.21765417323515,2.2790567433607345,False
1507,108.05324219010481,-11.658662033739798,43.07672722283126,2.779038983267876,False
1508,100.12929302968382,-10.612136173481284,43.83455387593085,2.5263500916789803,False
1509,65.22537585105283,-9.782693523958011,44.6016981578168,1.6817312450661723,False
1510,-16.358534727984534,-9.36120882387907,44.9746271598517,-0.15558385574237493,False
1511,71.83296421585669,-9.352336689977992,44.97308972934226,1.8051973167604294,False
1512,56.10169877879616,-9.257139186863713,45.12857065870453,1.4482807013754437,False
1513,33.14552755456566,-9.205156649772297,45.19916162172845,0.9369794191930066,False
1514,1.6121273134410785,-9.113556467110776,45.26966787813772,0.2369287048763982,False
1515,-14.397941229128719,-9.176527974502429,45.24720708239911,-0.11539747072383144,False
1516,-41.89156137222653,-9.230246344367206,45.24802185922214,-0.7218285725169779,False
1517,-31.91028956628452,-9.384600382172428,45.315296599941874,-0.49708797854676257,False
1518,-19.720683048749038,-9.49306479952634,45.34745557129772,-0.22553896619717248,False
1519,7.283636890250477,-9.549747278870967,45.35429297298887,0.3711530500353452,False
1520,17.02270886481108,-9.458533485045502,45.37275240735642,0.5836375565693717,False
1521,13.43008431539829,-9.472090976255338,45.36444724472492,0.5048485473239562,False
1522,21.00914845522641,-9.498011788300165,45.35002149138714,0.6727044274790582,False
1523,-52.88894157581615,-9.55908994551839,45.30166945147379,-0.9564736168655283,False
1524,-18.561214968806553,-9.548600004702118,45.29136836710088,-0.1989918893828585,False
1525,48.86141283112761,-9.591316390008537,45.296494486504784,1.2904470839029498,False
1526,44.483721559792684,-9.47748785446952,45.4197802656945,1.1880552723637685,False
1527,57.819376213305986,-9.28847460343982,45.57854216114379,1.4723562368336562,False
1528,70.25370822583454,-9.051074789468897,45.82439780402665,1.7306235720643737,False
1529,59.89758270421021,-8.749117523685156,46.179585824957904,1.486516152139135,False
1530,107.73553632568724,-8.414805465900105,46.47285785494248,2.4993156683871662,False
1531,120.85142054854623,-7.878775548550227,47.28787423347334,2.7222665045487098,False
1532,121.36190616980184,-7.48528586400072,48.08049538113992,2.6798224729677855,False
1533,80.98777857382902,-6.85306846238402,49.06806376875675,1.7901836813896086,False
1534,18.897769069129254,-6.332568593884957,49.533878059074475,0.5093551858169538,False
1535,64.50959524431846,-5.9334468769399775,49.46496773531028,1.4240996274010118,False
1536,90.23329064297673,-5.575592026206803,49.75670757650513,1.9255470736657827,False
1537,63.10736188591727,-5.173166931535682,50.25704668370645,1.358625970347553,False
1538,55.91758921047449,-4.871472643519571,50.514777458919006,1.2033916590730422,False
1539,34.73209666011917,-4.592235579816948,50.72118637121043,0.7753038730627323,False
1540,26.133757619011476,-4.435853561581837,50.80210558604888,0.6017390584099775,False
1541,0.2795570349455829,-4.3159877565753835,50.850600953702845,0.09037346079164336,False
1542,9.197939121723039,-4.207141886828153,50.840690555179165,0.26366835033450603,False
1543,13.049161467754857,-4.113667202229111,50.850874245273424,0.33751295183640323,False
1544,17.071111134615535,-4.0691191722834805,50.86268096647156,0.4156334252383305,False
1545,18.864671566879792,-4.201410003659134,50.778047898784266,0.45425301926762685,False
1546,17.605835587245224,-4.297687914581549,50.718498884588925,0.43186458557594004,False
1547,-51.739086096185474,-4.374057376329127,50.67552679058606,-0.9346726461392266,False
1548,11.82545859984748,-4.3727967883610885,50.67433881864186,0.3196540056729783,False
1549,92.07310464615216,-4.126251541068464,50.651648986625105,1.899234439783445,False
1550,73.87151401841652,-3.495521355018185,51.18626394499942,1.5114804131156556,False
1551,78.97998909226658,-2.594177621959421,51.207578774772635,1.5930096416590083,False
1552,75.33881148716205,-1.4612685014774276,50.89152822333064,1.509093608893265,False
1553,62.78452930133335,-0.2272942425368664,50.216982131476755,1.254791125816648,False
1554,46.28222022986415,1.0074474088655476,49.184201503545374,0.9205145440398181,False
1555,48.5897720552623,2.0416572932625945,48.28509656870855,0.9640265437962382,False
1556,107.33293800675256,2.8286218530333946,47.95687670277057,2.1791309888969836,False
1557,54.36969668499819,3.849114709366692,48.34645385109155,1.044969753753529,False
1558,-0.2336427322804866,4.69129517622169,47.98333044981702,-0.10263851763380376,False
1559,73.28872656422868,5.447499863762775,46.879486861575074,1.4471409830228368,False
1560,69.1661650141059,6.041948093230644,47.10359374063648,1.3401146687119483,False
1561,72.09427615844629,6.5483014631478325,47.32301395693401,1.3850760806348497,False
1562,73.9846034338475,7.116977871388032,47.53401193652533,1.406732207913595,False
1563,60.135598227220726,7.620469899587807,47.792482371284976,1.0988156656032046,False
1564,53.56487701184756,8.145361407052773,47.88257294718289,0.9485604638433905,False
1565,52.448684481543296,8.658582715119788,47.904696951013655,0.9141087315759945,False
1566,52.649078925687036,9.213218533913201,47.86884938244109,0.9073930322567283,False
1567,85.54226629795437,9.61001451317774,47.95138805129003,1.5835256260685833,False
1568,91.78887324870243,10.103376960881048,48.30451828291005,1.6910529116428719,False
1569,97.83463339764478,10.592877764061408,48.71384645585521,1.7909026279138598,False
1570,82.047954147023,11.165766753026414,49.17111798985475,1.4415410975325267,False
1571,35.418926376503805,11.656806155654412,49.46548635331969,0.48037777393155434,False
1572,8.614020773381071,12.279456058095391,49.09877859014312,-0.07465430688840351,False
1573,35.11976717621678,12.701476362211308,48.75754742558547,0.45979119126573414,False
1574,68.2680088767529,13.236016371389637,48.50598784451205,1.1345401867037652,False
1575,92.15618767002229,13.878899630691055,48.51543148721425,1.6134513419706558,False
1576,82.67341400730015,14.614091676570524,48.761062923728375,1.3957719182042323,False
1577,30.151522977501145,15.261740398183303,48.93888923561273,0.3042525650231264,False
1578,20.54857296264754,15.770943441862343,48.64347340920597,0.09821727738465758,False
1579,25.414056579208363,16.231459697128244,48.317273095477766,0.19004791234668333,False
1580,-27.37525322161332,16.751878338705904,47.93879859239385,-0.9204888911696799,False
1581,-42.44788590320354,17.04119561847762,47.52064042671739,-1.2518577398682276,False
1582,-35.37157960791001,17.25958788407322,47.158912324384296,-1.1160386212887572,False
1583,49.50149892246736,17.39555591652047,46.97256575034957,0.6835041367887801,False
1584,60.442296721869525,17.370838250200926,46.9544608122291,0.917302802047102,False
1585,32.435326025658924,17.43187646710973,47.004015549962446,0.31919505989017954,False
1586,15.386644291770608,17.56251673154112,47.01509850030472,-0.04628029099537905,False
1587,-6.295612364101316,17.811948002764844,46.890831383392715,-0.5141209839031413,False
1588,-1.325935699456977,18.055434001863052,46.65684119111225,-0.4154025263290225,False
1589,-10.586677143216093,18.43400620522866,46.23562340262538,-0.6276693426566167,False
1590,8.245424672019453,18.726865607047984,45.89173970543642,-0.22839493560944432,False
1591,20.391152496367567,18.96426721608899,45.73252187594987,0.03120066905885975,False
1592,50.14482691038256,19.294959066277688,45.53922386451295,0.6774350818074668,False
1593,53.28547076278926,19.656828591258662,45.5413973003943,0.7384192002215848,False
1594,58.514348367601656,20.03840596633234,45.5530727648138,0.8446398907032455,False
1595,18.039571191894993,20.39215279917323,45.620085142540084,-0.051568987649356364,False
1596,4.617214653217843,20.718612996017452,45.404049174327284,-0.354624722587601,False
1597,-16.480897475481015,20.952774054785337,45.21747330413285,-0.8278585421721238,False
1598,-27.936478293925575,20.93819090540499,45.22921705317509,-1.0805994970434618,False
1599,-11.91796574167006,20.723969709538455,45.375604374978096,-0.719371915830802,False
1600,-37.52713925896887,20.558258712065328,45.444031026888894,-1.278174419356978,False
1601,-108.4470195346355,20.138256739877587,45.65362737615615,-2.8165401889110404,False
1602,-75.99902749444846,19.42267718099249,46.71537546612365,-2.0426188106876593,False
1603,-59.03553978685136,18.935978033449178,47.281011517126274,-1.6491084965908027,False
1604,-35.47313390296699,18.46268177670453,47.66192393358448,-1.1316332037881964,False
1605,-14.605573395860347,18.051018353834746,47.828028665026245,-0.6827919247605305,False
1606,-9.123601679313197,17.929405945634414,47.885241738978245,-0.564955018341834,False
1607,76.8833113301755,17.917166709019135,47.8919313713839,1.2312333817547703,False
1608,31.727763249778718,18.019216892187508,47.99972523501138,0.2855963506139424,False
1609,30.483251929432072,17.85784951555548,47.907159078352535,0.2635389502689493,False
1610,-8.059882637769078,17.861288421073123,47.908049798418496,-0.5410608690587504,False
1611,-10.796948062974252,17.585238504308563,47.923089294610854,-0.5922445106324669,False
1612,19.286042728775783,17.50107305317659,47.96065429303373,0.03721737540720872,False
1613,35.57363269681332,17.71641100702051,47.88647176111978,0.37290744197803966,False
1614,61.07250633759509,18.142783907327956,47.723431357154,0.8995522997704929,False
1615,81.88797032065986,18.699683982651354,47.67494339563015,1.3253982456495228,False
1616,94.67046694682836,19.416713958166106,47.71425398411728,1.5771755126615223,False
1617,30.26163437165917,20.130133823353738,47.938892385123474,0.21134198234937665,False
1618,99.43409469655751,20.3912485326173,47.873463266396236,1.6510785051020669,False
1619,44.23364316580296,20.907715103016418,48.25613693551568,0.4833774426236565,False
1620,26.945513442975425,21.357996317418287,48.11773608652835,0.11612177920235715,False
1621,27.938664689290363,21.64924509260276,48.00176371995461,0.13102476053547701,False
1622,33.01457001149652,21.97581366680344,47.85572587267954,0.2306674100830015,False
1623,43.88344294268495,22.352097155809133,47.69125471885823,0.45147366983326237,False
1624,85.09654321526887,22.8520991189938,47.47223198806744,1.3111758493243113,False
1625,84.80085209038839,23.473338769498305,47.600411134080055,1.288382008889456,False
1626,96.19755101986516,24.060903802720613,47.74520709506179,1.510866778177731,False
1627,50.44858508023026,24.83945083008967,47.84924922585572,0.5352045155246132,False
1628,18.143085703486122,25.31340767262604,47.70514234092187,-0.15030501152051187,False
1629,10.245222501558146,25.651735302193938,47.44933294055499,-0.3246939808392508,False
1630,-5.69088556332008,25.985559998450587,47.13963832653261,-0.671970483573726,False
1631,77.94559790579092,26.32627821260579,46.697904232442866,1.1053883582493444,False
1632,44.865511426288094,26.64503419302377,46.86710057516472,0.3887690300799088,False
1633,46.2888548089029,26.787572181986537,46.88599250496062,0.41592982434685777,False
1634,42.13161250471467,26.74081419638103,46.862458245298114,0.32842490310200173,False
1635,20.8404944403469,26.75564910434096,46.866960153497175,-0.1262116135678724,False
1636,9.901204499816913,26.748410035450814,46.86778422267153,-0.35946238583825213,False
1637,5.61790519389524,26.644357002833754,46.885770466810214,-0.4484612623316673,False
1638,9.060799357277006,26.642256770832894,46.88670997275481,-0.37497741734858814,False
1639,22.437844736838315,26.762343145076184,46.815211225916364,-0.09237378824094412,False
1640,33.121477205550605,26.955361421851972,46.729547564821495,0.13195325238587483,False
1641,46.6400728367596,27.161643695878503,46.679496096417814,0.41728019301339186,False
1642,45.308821934777484,27.409677280656357,46.67158210439852,0.3835127040279665,False
1643,-2.8916963525712163,27.575702191010812,46.685429386608796,-0.6526104385005671,False
1644,-7.998889746379746,27.774909196292555,46.48194631893506,-0.7696278184482854,False
1645,44.871467468834,28.01658868173276,46.187075892345185,0.36492630159976597,False
1646,65.0594359821439,28.670093146350503,45.637711166456484,0.7973524943674082,False
1647,69.56883872598405,29.50074432680931,45.01456743574377,0.8901139493647274,False
1648,49.63856329396958,30.430447923392535,44.20758606709274,0.43449817281191,False
1649,-34.39086819729209,31.268664875497194,43.211721863831016,-1.519484302886516,False
1650,-24.97353560963279,31.491436214568093,42.77132698054529,-1.320159457523593,False
1651,13.267197860705892,31.562213135462095,42.66724813467807,-0.4287835769723995,False
1652,88.1850151506901,31.879367015828137,42.32870161357066,1.3302002184921797,False
1653,62.15514900798803,32.594875669444825,42.25799024561924,0.6995191481357216,False
1654,-46.04789896109105,33.242236282308774,41.86873929151914,-1.893778904860904,False
1655,42.624983927768426,33.26220912962295,41.829860676337255,0.22382993026419293,False
1656,32.56062909795628,33.225629191406234,41.81890327873867,-0.015901901803054938,False
1657,29.317450842225526,33.1388160118971,41.80497009120979,-0.09140935064261846,False
1658,21.860184002816823,33.08122298325125,41.80352145029728,-0.268423295242622,False
1659,-12.555563865870226,32.93385894836171,41.799154980253114,-1.0882857042378533,False
1660,-37.3666276820004,32.72952881305393,41.937718772788706,-1.6714346546797922,False
1661,-47.104455672991435,32.5221573802526,42.19842662822356,-1.8869569179621353,False
1662,-14.78229445570696,32.25681528093602,42.558746368356644,-1.1052747966189527,False
1663,-10.293813253721623,32.222928396616126,42.59411663367078,-0.9981834349565577,False
1664,30.14575541731415,32.14071889872684,42.66312438403808,-0.04676083878561605,False
1665,30.214928443086137,32.246209109331666,42.63598056783993,-0.047642405292250084,False
1666,58.226347322970696,32.22841166257821,42.636202035492865,0.6097619961259749,False
1667,-7.103447754996978,32.35952986442005,42.68233018671609,-0.9245741140838414,False
1668,-13.990442368859021,32.31726650992664,42.71806744240963,-1.0840309885557302,False
1669,0.6970831567168716,31.949529349601374,42.84979034805962,-0.7293488705318651,False
1670,-38.330526466190804,31.36506215858034,42.60022221771543,-1.6360381471387733,False
1671,-7.8547384381772645,30.88646102096343,42.929574947404504,-0.9024361295588128,False
1672,20.41399655828468,30.521337931451203,42.99701499335489,-0.23507076885985212,False
1673,-22.37406230653528,30.36159688831727,42.98434039415574,-1.2268574720765664,False
1674,29.099866806936234,29.991790909717658,43.169905760314656,-0.02066078410579608,False
1675,41.300028336578634,29.61962890162989,42.904092872768636,0.27224440963212465,False
1676,45.348780194896335,29.22228834297795,42.48037195308228,0.3796221904490241,False
1677,34.88929094756827,28.896213861818502,42.141733486690995,0.1422124006275744,False
1678,-22.6669638925016,28.71564192786919,42.05002888829429,-1.2219398459123165,False
1679,54.947055847245565,28.678091754270874,42.09331500857404,0.6240649872224113,False
1680,41.50841443274612,28.577580394933904,42.009729081051816,0.3078056993146518,False
1681,35.99756721879248,28.490715607159792,41.96754214095618,0.1788727961818556,False
1682,8.058751743614721,28.50769203373257,41.970013120244325,-0.48722739808375853,False
1683,37.172792423951705,28.546064798197893,41.94821690856334,0.20565183126991854,False
1684,45.36808078846343,28.8530334508948,41.82057746225292,0.39490242219814026,False
1685,33.53651536018242,29.372436082803667,41.47714636469334,0.10039454596913519,False
1686,34.8135964321732,29.76200039784216,41.20456738365115,0.12259796316501002,False
1687,51.814328253918916,30.086609204276225,41.026836163339816,0.529597723868794,False
1688,65.04511132285586,30.351672843345675,41.022480287479674,0.8457177195621408,False
1689,70.91392423312072,30.637520477024516,41.09629233936503,0.980049572927447,False
1690,64.25612416786555,30.97968619082048,41.191360032110495,0.8078499459863575,False
1691,-9.412959796929272,31.237108665300475,41.263747595141645,-0.9851278866153167,False
1692,1.5488726337432581,31.495894271127185,40.86741827232833,-0.7327847684878422,False
1693,6.5785620815097445,31.61559717352332,40.749201088133134,-0.6144178149128128,False
1694,-13.453946182054324,31.363913538108925,40.77261740238823,-1.0992146831745482,False
1695,-0.04078758249875136,31.019046468216978,40.90579124462057,-0.7593016320103657,False
1696,-35.344287362319164,30.67464073133719,40.922368136535745,-1.6132724253246293,False
1697,-106.38864138790382,30.04608123378865,41.12129985403797,-3.317860162640142,True
1698,-92.89315369391443,29.056282280859403,42.38046019422732,-2.8774920191023474,False
1699,-21.673586467355335,27.862063887885586,42.972691111898605,-1.152723952666886,False
1700,20.176056428217862,27.01370075088617,42.53049357162407,-0.16077039668381174,False
1701,10.298374526810676,26.411404026233885,41.89815047035576,-0.38457615237273246,False
1702,-75.02464909109472,25.990633764049253,41.7012681067341,-2.422355181060587,False
1703,-33.2185833169342,25.431571751190774,42.420306570338994,-1.3825962094563025,False
1704,-48.99983427561506,24.84985640261189,42.551093709989686,-1.7355532899237633,False
1705,-48.94592832092644,24.021087801905985,42.625851176014855,-1.7118019725056013,False
1706,-62.73891657044305,23.354103931627154,42.88646502557031,-2.0074636706648294,False
1707,-78.04014065709111,22.647815206740738,43.321827636604546,-2.3241853208140304,False
1708,-87.05902153771535,21.976551889376392,44.00181814045732,-2.4779788207623943,False
1709,-54.72796395308387,21.30278534677683,44.79720962424772,-1.697220651410997,False
1710,-33.51276658294205,20.975359626609986,45.15141632668963,-1.2067866446382847,False
1711,-7.042869524797766,20.72112923551079,45.33798595643038,-0.6123782998871994,False
1712,5.92690317332449,20.601533812936072,45.384820572374764,-0.32333785733954995,False
1713,28.74774406375593,20.53519924173791,45.39815378902221,0.18090041414864558,False
1714,50.69346136111017,20.594027054219314,45.402379266748625,0.6629483915380355,False
1715,-7.921611979168574,20.79097720763518,45.46106640101493,-0.6315863542119359,False
1716,31.25995003461253,21.051795505950757,45.16720125347031,0.22600812636973946,False
1717,47.82724782348282,21.167477002586264,45.16831704824097,0.5902316615521276,False
1718,76.2040209081531,20.90410880721323,44.88048125731234,1.2321595168262571,False
1719,87.02245596005923,20.917992776794996,44.89732269510086,1.4723475524850722,False
1720,112.69088833104365,20.965864603388997,44.96384045248032,2.0399730717974043,False
1721,51.150267206507806,21.188198394126392,45.3252053677243,0.6610465097576183,False
1722,13.175218469488527,21.118946834038145,45.270124944330995,-0.17547396598348422,False
1723,16.974344291478474,20.92188134736924,45.23197372959614,-0.08727315503607612,False
1724,29.08101857103111,20.733694277346718,45.18191261403277,0.18474924611960422,False
1725,30.21658708784571,20.26790904261028,44.68442059987463,0.22264310271180604,False
1726,3.9149293833911543,20.124140533103418,44.61284185999353,-0.36333061230622565,False
1727,105.68409432976841,20.14883441474432,44.60265302962906,1.917716864470011,False
1728,83.39145640234369,20.3416639847773,44.902784380294754,1.4041399277955537,False
1729,87.6424121354521,20.426338338278715,45.00869293535032,1.4934020388843854,False
1730,59.85664433582406,20.51888676671327,45.13138857927347,0.8716274594568226,False
1731,22.213324550735933,20.434791772082182,45.04424581152683,0.03948412825237324,False
1732,18.71086996189365,20.209063952579292,44.93899994059105,-0.033338391879352926,False
1733,8.240147165966164,20.001599624900997,44.86447949319004,-0.2621551078224389,False
1734,11.796809281271635,19.738453569451135,44.8026329836423,-0.1772584278937142,False
1735,39.777543233102506,19.495285297758183,44.73375030265571,0.4533994533907931,False
1736,45.76366756364109,19.22287623189597,44.46769701918222,0.5968555403329322,False
1737,76.23478122915026,18.948916674246796,44.158654199190565,1.2972737868436561,False
1738,90.51827596986288,18.820346125624805,43.958589833441415,1.6310334366025092,False
1739,-2.7029878146886404,18.870764707903614,44.03633218466108,-0.4899080248583218,False
1740,15.84948157265785,18.64384855200366,44.04876808077539,-0.06343802791990864,False
1741,77.82843727140425,18.686916771046974,44.04243954357797,1.3428302590241274,False
1742,87.8454453326226,18.94113504542309,44.2605794970902,1.556787350507452,False
1743,124.12701777003417,19.057667405279453,44.41672541684543,2.36553571607749,False
1744,114.17710942863823,19.247969965398575,44.79863720583595,2.119018465384772,False
1745,14.564635027474196,19.43549196195416,45.13042546082727,-0.10792845147688261,False
1746,25.872822641140147,19.342712867013525,45.12428487460058,0.14471386731720307,False
1747,25.42468698425887,19.3744048293855,45.12700645054631,0.1340723134716179,False
1748,7.835362451666697,19.37446810560604,45.127014977392584,-0.25570283475918193,False
1749,-19.371312148010702,19.584055103661278,44.99014956169268,-0.8658643643372309,False
1750,-46.41483641769287,19.7214156617279,44.83458307767176,-1.4751169195628706,False
1751,58.891991622197565,19.6556819902411,44.923847276307946,0.8733960248468972,False
1752,23.548533582258187,19.711577780120447,44.967026066261255,0.08532820908555942,False
1753,36.10093094449644,19.49197204714657,44.85687231870263,0.3702656480225646,False
1754,60.70692595397827,19.51379112404441,44.86409678778351,0.9181759531410147,False
1755,29.206774000990208,19.783554705367077,44.9752476443583,0.20952012027009217,False
1756,10.849496944677867,19.994878433730715,44.93536582615146,-0.2035230229221907,False
1757,26.90382114515296,20.067351247088663,44.91058478664789,0.15222402314602704,False
1758,50.298100764763376,20.29050897499562,44.85045851816958,0.6690587517095559,False
1759,59.86682238321316,20.540822523166714,44.900153450922126,0.8758544645739691,False
1760,72.99280926051733,20.775796748683653,45.002542000388104,1.1603125110440062,False
1761,82.04757718230485,20.911796643624932,45.12618213720353,1.3547740500802867,False
1762,64.81342880710963,21.08299965802681,45.3039489634837,0.9652674910156468,False
1763,-12.446621062338295,21.12049418445245,45.33770750868271,-0.7403796330099454,False
1764,-36.045027076801716,20.93902875436773,45.41106439783986,-1.2548495963877935,False
1765,-47.35453406698093,20.69699160121285,45.60652173774433,-1.4921446116745578,False
1766,-28.17577549697762,20.513219954834877,45.818935289534025,-1.0626391718651318,False
1767,-27.294205807221033,20.511795566721474,45.82045417440005,-1.043333206431895,False
1768,8.54367915698299,20.420270328236047,45.90090592427665,-0.25874415617953234,False
1769,21.484048607092973,20.694501390235764,45.68976847888866,0.01728061321260635,False
1770,16.834565774005796,21.4679006053651,44.57680433592712,-0.10394048878970492,False
1771,8.364017772334819,22.020481517677325,43.93208187666281,-0.3108540083231741,False
1772,5.715840627658281,22.42166936029153,43.4929980005861,-0.38410386730314905,False
1773,10.468385614675299,22.666841827735727,43.28025951284902,-0.2818480376588074,False
1774,19.3934776734352,22.81609158375082,43.1941052281944,-0.07923798611486345,False
1775,59.604454939413245,22.98583610370766,43.12381290438273,0.8491507677416898,False
1776,74.49991420349465,22.88298576804836,43.01496531498933,1.1999760561810673,False
1777,74.34535866907231,23.137581904677617,43.193836666912816,1.1855343427647094,False
1778,69.48703738215568,23.398665873365957,43.370702788633935,1.0626613945685934,False
1779,55.92874736613021,23.860254683008364,43.446483399713536,0.7381148063949703,False
1780,19.085799070519215,24.257431441514935,43.43275139346119,-0.11907217952059815,False
1781,24.9650162070036,24.256239514977697,43.43289138782537,0.016318892649743785,False
1782,20.543446242481423,24.193092988252637,43.42404961214357,-0.08404666949234942,False
1783,19.641068100285565,23.95184858292458,43.330417019795455,-0.09948624497820177,False
1784,25.86897760101556,23.581331307803307,43.09755030098918,0.053080657188994455,False
1785,35.00829870907364,23.17179863312585,42.74342042491658,0.2769198149862592,False
1786,63.33082657080888,23.20005258751522,42.749703302394956,0.9387380702837633,False
1787,4.51860068296196,22.98515218200481,42.453905426465674,-0.43497886268740876,False
1788,47.031173731791796,22.74875311960695,42.44545065030678,0.5720853528506321,False
1789,100.84077623863232,22.868310621326096,42.485611560425745,1.8352675824475027,False
1790,80.49139143303046,23.30225176150075,42.907915769044116,1.3328342485651277,False
1791,84.30265551894286,23.584851889009876,43.12804733430081,1.4078495870515009,False
1792,66.98663040697579,23.825442440059035,43.35410860261675,0.9955501187334216,False
1793,39.923654757839586,23.71764534000967,43.22316664574371,0.3749380407653626,False
1794,24.118579628974203,23.450519165411162,42.981400046732944,0.015543013090236013,False
1795,64.18585794441105,23.021477669036813,42.60902297106326,0.966095380861699,False
1796,98.65724580548999,23.103247150371224,42.675102666630806,1.7704467929539895,False
1797,107.00724049031146,23.58249810335934,43.069340398448446,1.936986766343825,False
1798,51.34704278935783,24.15846249614954,43.534399847149885,0.6245309545708203,False
1799,122.86252731962804,24.49797397443929,43.52262907079061,2.2600783878473067,False
1800,94.04455472888958,24.76533664952165,43.98839946603931,1.5749429149577054,False
1801,68.28195657132255,25.058069050132374,44.2855958360646,0.9760258771541738,False
1802,55.30471997178188,25.18898037014678,44.38113484969082,0.6785707419071304,False
1803,22.19997999971497,25.267391724117417,44.42286518569466,-0.0690502900157425,False
1804,-2.1831534684240523,25.27548390006604,44.422177760872515,-0.618129023667001,False
1805,-11.00284619200238,25.203553197874125,44.456991833715044,-0.8144140639407479,False
1806,24.732730547708115,25.104620153910453,44.5192880174733,-0.008353449095061341,False
1807,72.43738944486381,25.197905458615402,44.50188464606072,1.0615164809751496,False
1808,106.87681069784765,25.495521796163167,44.65025982572478,1.822638641282833,False
1809,118.14782959030867,25.934541638379226,45.08615911803571,2.0452682099292327,False
1810,123.02944729680428,26.360183047626535,45.61721402952275,2.119140028731586,False
1811,61.97088865377896,26.822805817638603,46.20089472427054,0.7607662805213196,False
1812,83.90940592501761,27.20889263315259,46.22210632842853,1.226696872898495,False
1813,100.30699419779785,27.75596582167281,46.34663457909842,1.5654001425347153,False
1814,52.59487139922385,28.085939195059506,46.66546625551537,0.5252049142714318,False
1815,67.38990726240286,28.01174535825641,46.61621253148192,0.8447310445384789,False
1816,77.21330624440316,27.99877552811604,46.60488278405651,1.055995161372305,False
1817,65.03960763797159,28.162910902821004,46.72994047300826,0.7891449542173283,False
1818,107.75800342288608,28.754758973269002,46.56229186497826,1.696721559125813,False
1819,131.64610682321177,29.54482765798637,46.77079856431854,2.183013382267082,False
1820,121.23215491383075,30.249464020858433,47.41144059708377,1.9190028766721041,False
1821,73.28073491220471,30.446173186115224,47.72080015096644,0.8976077850870235,False
1822,20.27391646903743,30.51239691173556,47.772758620026494,-0.21431629109243286,False
1823,115.96475151482832,30.907169622629183,47.40895184328088,1.7941249191370612,False
1824,100.38849396985188,31.343715858266446,47.85307630319808,1.442849309710337,False
1825,63.796227211779296,31.747453149170582,48.148624700932814,0.665621796295831,False
1826,26.653893537050635,31.95268396089412,48.211645611511514,-0.10990685666573245,False
1827,-11.46930233418334,31.98121794621694,48.20705496981618,-0.901331149716694,False
1828,0.007463901418532259,31.987683788667454,48.20111812098929,-0.6634746481808906,False
1829,10.645559032183883,32.21014861952114,47.96477500778793,-0.44959221811914823,False
1830,22.67548329513079,32.55389870705195,47.598486215793024,-0.20753633565437915,False
1831,35.62437214786996,32.776861669854554,47.46296191318837,0.059994369572291276,False
1832,59.36681638112066,33.05018420200688,47.34551586108948,0.5558421257110407,False
1833,66.07550668331976,33.224119088696206,47.38843763007479,0.6932363512608108,False
1834,77.66490997669098,33.43757491155474,47.455519375085274,0.9319745236706044,False
1835,17.36880017250178,33.553280641636405,47.53994350016317,-0.3404396235573792,False
1836,24.273135163396546,33.698948784062,47.452032073056984,-0.19863877707394073,False
1837,45.477551342600464,33.926708174134944,47.31338862669043,0.24413476827042266,False
1838,23.179258944404182,34.1932585800033,47.25116060957469,-0.23309479584226994,False
1839,30.135615066397122,34.55938825506637,46.923006251466674,-0.09427727552155656,False
1840,32.876902496445155,34.78552131164121,46.8087817947467,-0.04077480212079049,False
1841,45.399444253009506,34.85970527555884,46.79574296259511,0.22522858512739757,False
1842,71.93700647805326,35.263119005079936,46.59107246641932,0.7871440928818748,False
1843,99.32545346480015,35.51810197931278,46.67428526981459,1.3670772057168095,False
1844,75.64317280055889,35.86349141459981,46.93131388728425,0.8476149097700233,False
1845,35.300861026793655,36.04381518010971,47.02608161672173,-0.01579876799796718,False
1846,-5.030820341920844,36.046265002009854,47.0260318320148,-0.8734967366726842,False
1847,71.23283638463613,36.15124204695379,46.913731067752444,0.7477894752608308,False
1848,25.537399434971803,36.24818121681921,46.96959457864106,-0.2280364963319915,False
1849,-44.66700180573457,36.153115651356266,46.97504641335144,-1.7204904226368112,False
1850,14.924636333262924,35.672969407162654,47.387087289973614,-0.43784782438590103,False
1851,-7.91279100476504,35.71383776781532,47.36608520998293,-0.9210520265539185,False
1852,-36.14722221187935,35.44547119978725,47.485342297028325,-1.5076798428416707,False
1853,-28.25373180068118,34.96026106288044,47.79877638172605,-1.32250232430069,False
1854,-8.913707724273308,34.5924619726372,48.04688331532255,-0.905494106899459,False
1855,-5.129585098063899,34.33218040027741,48.16397620669801,-0.8193211733389546,False
1856,14.790210714787122,33.993228535087034,48.240518976141225,-0.39806822621036336,False
1857,19.38578759318591,33.69409222194377,48.202614066482624,-0.2968366945623193,False
1858,32.168736577016034,33.38737712289654,48.12824507784034,-0.025320693574210584,False
1859,-19.89431299790749,33.1963807681891,48.06864158070135,-1.1044766820997807,False
1860,13.35382435292604,33.13399176104042,48.131037492664,-0.4109649082700372,False
1861,54.060887187928074,33.204259330797456,48.09325188121804,0.4336705679342054,False
1862,27.507040087062023,33.48689221833566,48.07535984726338,-0.12438496872975632,False
1863,21.559064585995657,33.73070761279469,47.939548190901746,-0.2538956558023849,False
1864,39.54895182804444,33.859278161416675,47.87735734170852,0.11883850702158918,False
1865,36.69623362732523,34.30507125183551,47.57686228795962,0.0502589338703586,False
1866,66.15934363662609,35.15676693644997,46.30692249910959,0.66950198862324,False
1867,92.6209851674439,36.1035079919889,45.28797311450329,1.2479577532109847,False
1868,90.24452419157637,36.783832823148416,45.273312393607995,1.1808433830429408,False
1869,40.05853273397702,37.200907036025555,45.44183382522318,0.06288535161108076,False
1870,0.1133909872055483,37.37805083487773,45.39431442381772,-0.8209102906534915,False
1871,67.27455605866317,37.82530107343905,44.64418168312101,0.6596437402358801,False
1872,80.80412136316909,38.42347452210331,44.35891358381249,0.955403174178084,False
1873,78.70895145995041,39.19611711519131,43.9556866563343,0.8989242883108287,False
1874,58.7529670341612,39.95596759007749,43.5241239679098,0.43187542287910674,False
1875,25.304284453296532,40.67913356391442,42.81107175874357,-0.3591325439657508,False
1876,7.657208925890927,41.294278951476244,41.826138687555,-0.8042116982602013,False
1877,-4.169682139885481,41.858066037569145,40.7091041980972,-1.1306499881077223,False
1878,8.542095905166889,42.15900819121914,40.17417779601588,-0.8367790986723336,False
1879,-13.978002533161543,42.40933475364835,39.82938415410132,-1.4157220475376988,False
1880,48.38741739458442,42.368054200027146,39.884500812246586,0.15091985788898274,False
1881,36.78640358789562,42.620795356106065,39.786609125116755,-0.14664209633605774,False
1882,55.569198418003225,42.66864451994023,39.77465689526373,0.3243410479198668,False
1883,7.588827526026762,42.6976667643265,39.78232549209968,-0.8825235529600187,False
1884,-5.620845518696342,42.78999080900029,39.682019686295604,-1.219969061817072,False
1885,9.947872731918096,42.57046226404012,39.847857324671835,-0.818678637255703,False
1886,-39.909179312664264,42.34498979325699,39.92502691380958,-2.060215745965359,False
1887,8.976585439252858,41.6538397919426,40.338267367857526,-0.8100807616424235,False
1888,19.76667274435772,41.18928103884256,40.26198603138224,-0.5320802674211592,False
1889,-1.2746684977948917,40.63616070796944,39.91057712016787,-1.0501183453091605,False
1890,17.37890282694684,40.324107519253346,40.032640689333235,-0.5731624069061299,False
1891,28.467244617015012,40.3491294499525,40.016880614046414,-0.29692181525930333,False
1892,-9.775750641632158,40.417539570937834,39.986493600436454,-1.2552561050769935,False
1893,-23.297324294114105,40.18624927800532,40.16444099002585,-1.5805914885728019,False
1894,-48.26332060938489,39.86771409120794,40.455133078631526,-2.1784883151736265,False
1895,36.27116821119171,39.55712926982237,40.930307505682926,-0.08028185613251075,False
1896,41.59127127778538,39.14395709054512,40.60786513086254,0.060266999492673806,False
1897,12.279625692218588,38.89514646480371,40.46292991664611,-0.6577754212908768,False
1898,-19.74669361429801,38.446558450260646,40.33681663739414,-1.4426833080975148,False
1899,-50.11346344583649,37.9727290577004,40.55078578742231,-2.172243787464624,False
1900,-43.18801843072788,37.54221246248271,41.09932766536873,-1.964271327027955,False
1901,-34.05363556047678,37.17376669824091,41.54420378700961,-1.714496747221081,False
1902,-12.176638931232674,36.922017991535895,41.84762250765499,-1.1732723146646427,False
1903,13.276848157489212,36.779318895032894,41.97449375950184,-0.5599226728547116,False
1904,24.141649869722187,36.621576662439956,42.0129366736009,-0.2970496180658472,False
1905,24.52494759508977,36.49287417616663,42.01788124813454,-0.28482936848721274,False
1906,19.793588025230065,36.18507754739246,41.91428289876276,-0.39107169176085904,False
1907,-170.3570283864409,35.76409726200774,41.72002479473561,-4.940580132983473,True
1908,-67.31428813995126,34.76615654431874,44.55451423142876,-2.291135846617814,False
1909,23.9849079399346,34.27113410555321,45.22292752029111,-0.22745599919428644,False
1910,61.71093378417481,33.950636907151605,45.10302319120764,0.6154863890018527,False
1911,76.17348676598681,33.79507433841084,44.960869828013806,0.9425621121140146,False
1912,86.04310162242655,33.50963665386295,44.53414967072514,1.1796220508751931,False
1913,47.73677629113786,33.34217232168311,44.28117316968017,0.3250727778664839,False
1914,27.976813518762583,33.53962554349063,44.2708986757809,-0.12565392145001275,False
1915,47.2481546235324,33.552149298714575,44.26901439151387,0.30938130231883537,False
1916,4.193657095956723,33.68205089180549,44.27704093374563,-0.6659973921919038,False
1917,-13.228747459459328,33.66037407421198,44.29065987542306,-1.0586683889008874,False
1918,-25.987796880161795,33.69693695926288,44.24913488123557,-1.3488339150498234,False
1919,52.787575763118184,33.81852648031961,44.05532307979925,0.4305733781236637,False
1920,42.23339297860275,33.782190671634616,44.03703282844644,0.19191125659830882,False
1921,33.05188951858872,33.89341007280333,44.03462712306562,-0.019110427615584603,False
1922,19.05255078238247,33.87526101669674,44.034340172615366,-0.3366170624155828,False
1923,-12.864147184109697,33.627318307342,43.999612594091175,-1.0566335190345553,False
1924,-30.615415759599273,33.37689615743069,44.14440690383622,-1.449613131204373,False
1925,-46.69537356090541,33.13008120085762,44.3863673626188,-1.7984227929630086,False
1926,-36.73996153462531,32.6919907561787,44.80938192283244,-1.5494958714310056,False
1927,-3.614940860724346,32.173907052015664,45.10677991012556,-0.7934250235562955,False
1928,12.807074725788652,31.796039413658896,45.13928958621391,-0.42067486799060533,False
1929,19.020508781343665,31.43779099380932,45.049115447591205,-0.2756387575891817,False
1930,18.032861219912775,31.062629872375023,44.88727072203094,-0.29027758745124954,False
1931,-41.96344854396875,30.784174112927435,44.821698210813175,-1.6230447653887847,False
1932,-52.8920703829765,30.608478711251056,45.04944471027485,-1.8535311507443022,False
1933,-67.98362669341554,30.508198691571444,45.21714241706324,-2.1781965891727797,False
1934,-62.51417020550957,30.38540647355695,45.457226465808155,-2.0436701466804927,False
1935,-10.256154478383223,30.181011266958553,45.798041877579806,-0.8829452982603953,False
1936,15.355205434280606,30.282428239154008,45.68873881472895,-0.32671558007771545,False
1937,25.556096884989756,30.322973038423637,45.67235142187156,-0.10437115683847012,False
1938,57.763736220914325,30.347211421030167,45.66871287916303,0.6003349573793948,False
1939,37.46456311576367,30.590837435595102,45.70535260963905,0.15039213763157638,False
1940,-19.824876096832668,30.764054967401222,45.6757454612988,-1.107566621043942,False
1941,10.73226091734773,30.612026891660207,45.80194644649119,-0.43403757954997196,False
1942,9.006893402588275,30.613597577985637,45.80125604341551,-0.47174916240105136,False
1943,79.79770095877643,30.551772671611552,45.82349700818348,1.074687256591748,False
1944,81.93652337635149,30.67197056458395,45.926528578614295,1.1162296476211113,False
1945,58.52384787849792,30.71623609537476,45.9725851073167,0.6048737898512798,False
1946,16.41719043812145,30.622060435907056,45.89882103800624,-0.3094822410802959,False
1947,-0.6186744953513426,30.306168489811615,45.81227796092105,-0.6750339507575366,False
1948,-13.08452075831292,29.969576693017085,45.83062540425422,-0.9394176289667983,False
1949,-25.19338143323057,29.77808669403594,45.94344075364191,-1.1965030747704493,False
1950,-20.96775772917863,29.47952480332026,46.137472218811496,-1.0934123632358463,False
1951,-26.161351436376435,29.232434303488947,46.29649933278462,-1.1965005246225726,False
1952,-24.238755981105555,28.95980085386596,46.48778649401482,-1.144355557600504,False
1953,-15.773862450206252,28.661540534924765,46.66812854539526,-0.9521573795681048,False
1954,2.2383411031544256,28.359265766119528,46.791072680660115,-0.55824590389785,False
1955,-58.78655459054414,27.995620019288253,46.755039128525844,-1.856103132996535,False
1956,22.81435709727998,27.618803618850716,47.19838029960471,-0.10179261430314322,False
1957,67.69019735684401,27.474655900788143,47.17571294736798,0.8524628234219314,False
1958,22.61524433317777,27.277331026491787,46.93572230385375,-0.09932917753203994,False
1959,14.625627918863302,26.932830150897427,46.754853035170186,-0.26322833744715946,False
1960,12.555036115265011,26.51808593899219,46.55149690930219,-0.2999484603240976,False
1961,-11.689148157781347,26.19408835392249,46.457476489428025,-0.8154389642821998,False
1962,13.145136684983981,25.886869288948542,46.53672823616733,-0.27379949315091656,False
1963,46.04940681996345,25.821551176186702,46.54692498379381,0.43456910742910426,False
1964,66.13167442631743,25.713596109969753,46.47839610420228,0.869610006028012,False
1965,63.92190724879492,25.519991518427055,46.239861860970706,0.8304937381913213,False
1966,-24.252929854506192,25.263531201513267,45.903461017182764,-1.0787086628932896,False
1967,75.04500518587247,24.813531364347412,46.016649019990034,1.0915934752159826,False
1968,47.2763515844465,24.52890325640839,45.55209079628221,0.4993722116898896,False
1969,21.850382920145876,24.250521094834323,45.26672967277271,-0.05302212446180082,False
1970,21.656773840928054,23.97414268024399,45.1378453489251,-0.05133981964363129,False
1971,-15.028904774290368,23.77385728660795,45.07259711271007,-0.860894746399166,False
1972,-38.04184688506734,23.55225678200078,45.17179065576971,-1.363552402348717,False
1973,-43.71222556772227,23.338812178330283,45.37837006744457,-1.4775990774105927,False
1974,-19.02209203315965,23.144113491570042,45.59624512959375,-0.9247736388135648,False
1975,-3.412661592990162,22.88366811906488,45.71193345283772,-0.5752618129615038,False
1976,25.333084557759662,22.432179720030035,45.59399607630513,0.06362471130792605,False
1977,44.49887554146051,21.946800397767607,45.121235475517295,0.4998106746418683,False
1978,54.56918641381856,21.50841376652446,44.53494188470153,0.7423558053109531,False
1979,6.27254212335356,21.100912213649547,43.90926217575979,-0.3377048339127416,False
1980,33.19867957981819,20.769374436682728,43.808985993716234,0.2837158829678976,False
1981,60.33915917499667,20.467524875104157,43.545245821728265,0.9156369093224249,False
1982,24.037155249863872,20.229621095206532,43.21436376064734,0.08810806924628674,False
1983,24.959738700950084,20.05963468955558,43.14239754082214,0.11357977976902962,False
1984,33.58122337574946,19.807074162404078,42.98757931474364,0.3204216062620023,False
1985,-3.456314107346543,19.547359383423995,42.76992897458119,-0.537846894822808,False
1986,42.71990364378689,19.13964556351139,42.66000225279839,0.5527486365458102,False
1987,65.61146311533457,18.752514017207226,42.14296271867452,1.1119044812044756,False
1988,78.87700233128066,18.359450661803198,41.384840308958964,1.462312074123835,False
1989,58.36152687088247,18.107336658335637,40.8803305915135,0.9846835783882665,False
1990,10.75993012765639,18.01853184856586,40.7758301182263,-0.1780123592791055,False
1991,60.882591512614454,17.961900977486213,40.77928553493267,1.0525120774458196,False
1992,82.657732275027,17.634030977473035,40.20398874022826,1.6173445306060146,False
1993,40.893509584575895,17.52849072928955,40.00824375758373,0.5840051114679936,False
1994,36.89444167610418,17.392165029127625,39.88848575390101,0.488919954678131,False
1995,5.642860258233668,17.453120672812467,39.9105422829801,-0.2959183147860985,False
1996,-12.202121746176545,17.55497878348162,39.85808763485587,-0.7465762231812547,False
1997,-10.023265675538823,17.48230267843641,39.901382657513324,-0.6893387276843153,False
1998,-5.411479314261669,17.359273959938058,39.954417801542185,-0.5699182850643567,False
1999,32.878259569430384,17.192089658691675,39.99078623182592,0.3922445990385446,False
2000,57.201304861503786,17.17574375048668,39.98376768210301,1.001045259897626,False
2001,50.579994980961146,17.16285380096515,39.97043153049757,0.8360465449190511,False
2002,42.788360436594644,17.070618612260635,39.87464937888149,0.6449647137951939,False
2003,-43.17980059987326,16.863020103093394,39.64743073089562,-1.5144189571955728,False
2004,-5.551408617621746,16.502611765162587,39.917091907341394,-0.5524956686217977,False
2005,50.89385580525391,16.325084718847002,39.948634678477426,0.8653304766140367,False
2006,48.86186518878935,16.3573246263628,39.974479802081554,0.813132296489171,False
2007,40.29277860980642,16.510197282579377,40.04976239366396,0.5938257783768911,False
2008,46.6803703651251,16.570656589385386,40.07811117246703,0.7512757686151778,False
2009,65.12095662413844,16.65282008860372,40.125861212787946,1.2079027108853213,False
2010,95.50582076214573,16.77021004319377,40.239152442256156,1.956691578728922,False
2011,136.13304246985308,16.910500604408607,40.47304436676776,2.9457270568788143,False
2012,135.63183018066297,17.129593396105353,41.017811834838554,2.8890433566206846,False
2013,82.98395754207377,17.48666873765359,41.78419671802141,1.5675134129399542,False
2014,-2.5377264822720917,17.770496693101688,42.06692020576247,-0.48275992338017387,False
2015,67.92610187743321,17.78533653750436,42.05926752117366,1.1921454722122007,False
2016,56.10531764008988,17.765653594009102,42.03487199451754,0.912091847242482,False
2017,51.06680721791986,17.947605488087184,42.134753554509764,0.7860305077371899,False
2018,37.20981035926934,18.517449589418465,41.929731242533386,0.44580206492927393,False
2019,-1.9558437434077405,18.650099434811356,41.95354105550609,-0.4911609999965597,False
2020,-8.084837702107507,18.6855574542242,41.93346889809876,-0.6384016362058104,False
2021,-5.055096869766658,18.852595457258555,41.76931040787061,-0.5723745997616536,False
2022,-0.6449112397313002,18.99068256994257,41.650825556126335,-0.47143348415060915,False
2023,24.59483685382611,19.039901596636273,41.622529350503484,0.1334598195705913,False
2024,28.266247029322358,19.216832679683236,41.58233090163308,0.21762643299256995,False
2025,44.109395594716034,19.29704718155547,41.58673833994308,0.5966408861001943,False
2026,27.06923326345668,19.44421151489791,41.63077604719344,0.18315828991308983,False
2027,-29.742063900697303,19.413857328507678,41.62330110280516,-1.1809712331031852,False
2028,-59.79602840915322,19.35523976361012,41.6858769719931,-1.8987550202180363,False
2029,-70.40833915320059,18.919823973359648,42.12861802482367,-2.120367752721557,False
2030,-68.35734951494328,18.17893572132912,42.5987703908729,-2.0314268332687235,False
2031,-42.28352928611048,17.608314354650517,43.11204159171862,-1.389213811954236,False
2032,-68.18726303413496,17.2282989149356,43.357682470624944,-1.9700213914094706,False
2033,-74.94940693336139,16.587011921708342,43.819848804433384,-2.0889259400139397,False
2034,-76.47339989570969,15.92245453741854,44.356358911166915,-2.083035143127295,False
2035,-98.47924306560162,15.073450111630823,44.75230641549327,-2.537359574788763,False
2036,-110.77213791589747,13.93594875310079,45.19588956409941,-2.7592793918157112,False
2037,-110.63552590205677,12.73942100246107,45.82015184186396,-2.692591402366225,False
2038,-63.60993124809261,11.842432558198963,46.74776804061988,-1.6140313638231842,False
2039,-6.097555101209991,11.46312706870314,47.10069513859836,-0.3728327600736915,False
2040,-29.26437420991647,11.026388311799133,46.919910300272335,-0.8587135453556428,False
2041,-58.556794594860094,10.371218695292672,46.707724365510664,-1.4757304969678575,False
2042,-17.771473884379702,9.554160683061657,46.705728936810935,-0.5850595888228343,False
2043,15.383176216363836,9.098658058546532,46.59606681803571,0.134872288306205,False
2044,-10.599870908349658,9.039603842850504,46.58169000647288,-0.42161361574625367,False
2045,-35.439584043055675,8.930930748599073,46.606224419429424,-0.9520298059835407,False
2046,-22.600844280946376,8.74480038012782,46.72115665802075,-0.6709090036128846,False
2047,-7.830989660936666,8.559425736162861,46.78370649560913,-0.35034452429795926,False
2048,13.889792789125522,8.596015098497533,46.76837577552328,0.11319139488693859,False
2049,-6.549422708800421,8.390672094893612,46.668246072475476,-0.3201340539023507,False
2050,44.62681736678485,8.132720747889469,46.63010369609306,0.7826295402802862,False
2051,25.600729507613096,8.067587527346502,46.57105216570428,0.3764815516274356,False
2052,-25.658329716539583,8.174801229617847,46.590672333918164,-0.7261782080257039,False
2053,48.55456355059141,8.055530490344971,46.651807828266016,0.868112833040274,False
2054,54.79031391745798,8.285332221408504,46.75615460041989,0.9946280247698522,False
2055,50.34740774989132,8.849019681111614,46.742488992698554,0.8878086931840962,False
2056,63.15063743555561,9.095274575817793,46.85201434646244,1.1537468263372386,False
2057,44.527524860036465,9.353512460884447,47.03040668866891,0.7478993884104883,False
2058,99.80465101445316,9.626144564204873,47.10112985224666,1.9145720438794716,False
2059,100.55217205045233,10.116774017701934,47.60892720820186,1.8995470668192367,False
2060,101.7488842445432,10.54585096671049,48.09762733335043,1.896206493632866,False
2061,61.07823620131012,11.2096880791282,48.582650404653215,1.0264682496080029,False
2062,11.49885636808267,11.711923558267628,48.65985486992859,-0.004378705829569418,False
2063,98.23896575428262,12.067650802181127,48.43671486508456,1.779049532820769,False
2064,100.82863797470941,12.436506739937622,48.856265480643444,1.8092281586645669,False
2065,88.48651153222931,12.789110113133596,49.27986630728539,1.5360715661662587,False
2066,73.27402494022249,13.242722528847949,49.624677612655795,1.2097066479695324,False
2067,61.0495114897908,13.796417282148663,49.77311345914656,0.9493698690644933,False
2068,16.059224741810567,14.458101656765493,49.65717312636703,0.032243540746279574,False
2069,8.582129558229553,14.810763818506794,49.45529723676788,-0.12594473409911122,False
2070,19.70462435175773,15.064548134689568,49.31223136018768,0.09409584780652078,False
2071,50.12929596399658,15.254317558993083,49.26809567270742,0.7078613031175643,False
2072,1.3879086991130407,15.473677367365152,49.341224625541514,-0.2854766734135862,False
2073,19.60653813210729,15.33823843182581,49.34851738848391,0.08649296728978408,False
2074,36.441556263774714,15.308962185022343,49.344493464771354,0.4282665115174324,False
2075,-57.61031158064611,15.4080572340613,49.37026328839225,-1.4789949242963671,False
2076,-72.91726553100943,16.079168643619603,47.56319297053946,-1.8711198432315768,False
2077,56.90199487532982,16.045817587720446,47.623943756724245,0.8578915155853866,False
2078,88.53393369376658,16.24175262900256,47.7244104313126,1.5147841620549847,False
2079,103.06901468734145,16.401413342750132,47.92189641468357,1.8085177722231338,False
2080,110.85461779621824,16.561505770853433,48.167070064114874,1.957626069010464,False
2081,68.09965643364785,16.709193367126005,48.418767276236515,1.0613748750217318,False
2082,61.4616093196214,16.830400987021893,48.522281057432906,0.919808536613772,False
2083,45.75869162936215,17.029715247741294,48.636978120958,0.5906817711859723,False
2084,37.87590701615795,17.020849396585515,48.63157218510681,0.42883782453488517,False
2085,22.606423358774236,17.221338979443857,48.64780074721915,0.11069533044899685,False
2086,-7.848480823856562,17.43464356764763,48.592018392458236,-0.5203143484862583,False
2087,93.74795888868562,17.5426156870304,48.51504732911364,1.5707568557997624,False
2088,105.3767926915707,17.786427491349254,48.7953443343136,1.7950557864723709,False
2089,78.9883577090086,18.1622810610693,49.22606322927575,1.2356477982940708,False
2090,44.678989283770534,18.43571241934561,49.436394504336675,0.5308493292754755,False
2091,-4.264903427678291,18.58825074375863,49.47782761402265,-0.4618867738033034,False
2092,-11.121891649979489,18.639436718499297,49.44953450019683,-0.6018525486495797,False
2093,3.912818380969611,18.755469600104174,49.35604868534475,-0.3007260835193596,False
2094,7.325781545734344,19.05670883785343,49.10800206371432,-0.23888015800152082,False
2095,5.305024477869438,19.319004927617478,48.92553903059764,-0.2864348707733973,False
2096,17.380561471706642,19.37209995939482,48.90533749131892,-0.0407223135520063,False
2097,22.936644451832763,19.39932309478719,48.90293404572989,0.07233351998343841,False
2098,11.633960523051087,19.42263342615915,48.90368573405171,-0.15926556017606658,False
2099,-38.56021106893127,19.384544731534973,48.907266406079195,-1.1847882750049528,False
2100,-39.71262990864511,19.404802097457814,48.88240242895888,-1.2093806578352748,False
2101,-8.887546372836823,19.483251147900265,48.77614187510548,-0.5816531695635621,False
2102,-31.75611099658022,19.83501353076085,48.35283038012422,-1.066972173536877,False
2103,3.3869525992154195,20.018097216528286,48.096708412064565,-0.3457855052122676,False
2104,12.199256814318915,20.09930618722828,48.056787007848854,-0.1643898784082068,False
2105,23.094291096943607,20.080520778776126,48.05926934885956,0.06270944937366171,False
2106,25.292070796429925,20.065867172894897,48.05796510348906,0.10874791748424655,False
2107,14.551516655284331,19.87258345013011,47.97066002502496,-0.11092336007196749,False
2108,10.516561705648883,19.736196268817736,47.952913296696195,-0.1922643261760711,False
2109,26.91648715968131,19.916800065261075,47.86007046957252,0.14625317150066358,False
2110,-6.918282685464646,20.013134745274968,47.857760834016084,-0.5627387692488414,False
2111,59.87338156930787,19.91834203046513,47.895448431589095,0.8342137060458272,False
2112,65.24972777184234,19.799744891242103,47.77079503480185,0.9514177615735545,False
2113,107.53122144847498,19.700418726929545,47.658039867928686,1.8429377910829874,False
2114,109.6079200805068,19.992129283893696,48.045507300495544,1.8652272778830417,False
2115,80.27938647556903,20.546836007955513,48.53941142895889,1.2305989856312252,False
2116,41.727732505738686,21.028372085163372,48.72908601276661,0.42478449965493414,False
2117,29.975028096484948,21.35463549744939,48.6827914965484,0.17707268490646727,False
2118,29.041286489743015,21.683018887507224,48.55281994916864,0.15155180708225344,False
2119,29.742365472471647,21.98069176976271,48.44294225659789,0.1602230034170107,False
2120,50.952813087165396,22.313451989458233,48.30206849062465,0.5929220423192852,False
2121,49.0226783375324,22.761020852959845,48.21641902070088,0.5446621299955429,False
2122,81.59635041473507,23.146714548124958,48.165458177159714,1.2135176966784715,False
2123,26.94159300990691,23.619083651170083,48.347972168435724,0.06872075931461605,False
2124,66.57784986666434,24.129370244029907,47.923561571511144,0.8857538594933759,False
2125,108.24903766468765,24.389867224800053,48.03518288760335,1.7457864298364,False
2126,76.56809343289751,24.631288893299125,48.35496920801328,1.0740737795980548,False
2127,36.1569479016066,24.95243680460698,48.520379646412245,0.23092381342956206,False
2128,46.35504981340182,25.080599423551877,48.52137548767984,0.43845522052959485,False
2129,25.865961883270757,25.28178998127888,48.53919954785941,0.0120350542949495,False
2130,30.928221082681375,25.50533230295181,48.45431800846768,0.1119175545672087,False
2131,27.223034868442937,25.61118399579525,48.44657819866354,0.033270685620726693,False
2132,61.45180823695068,25.49912225798858,48.420786242349386,0.742505208383367,False
2133,43.847028150916,25.471265911623306,48.398611550584754,0.3796754008136558,False
2134,-10.488666316509125,25.35177258365974,48.32784082548978,-0.741610597286717,False
2135,43.32108697621811,25.43370272376686,48.25485461955203,0.37068569356343256,False
2136,99.51800704280731,25.244869877280827,48.121438368727574,1.543452142814459,False
2137,98.67873279442188,25.55583211215202,48.43244756977461,1.5097915622976672,False
2138,87.73559781376707,26.01314371854652,48.75886678236713,1.265871382341919,False
2139,42.661474112480846,26.40647005171818,48.989490309614254,0.33180594364282656,False
2140,-3.438521372652076,26.749865164139436,48.89941657004712,-0.6173567836652498,False
2141,12.171059853404813,26.95583733980858,48.69732907982614,-0.30360551113939144,False
2142,38.461408616316476,27.288475943505762,48.40168825494792,0.23083766446242807,False
2143,66.08726798252474,27.63063963784788,48.27536465758534,0.7966097950258424,False
2144,74.69555889219055,28.044329694844993,48.30552610704655,0.9657534646028899,False
2145,82.93834481118313,28.338153946835654,48.438878444423125,1.1271976688517593,False
2146,112.38878880595564,28.566960311536384,48.60617013960946,1.7245100417017294,False
2147,51.209224488419295,28.91112461148958,48.994535089294075,0.4551140211105326,False
2148,49.05064911961563,29.178604863662592,48.99286557035852,0.40561098079504754,False
2149,76.91784129835378,29.272961825209006,49.01591381709824,0.9720287915253513,False
2150,11.912989807391114,29.371644456895655,49.09545741133808,-0.35560631410825083,False
2151,32.47249474686373,29.29947680545236,49.112253833430614,0.06460745931500099,False
2152,73.74575858845719,29.344195591439945,49.11169899448131,0.9040934014929246,False
2153,53.323544199317666,29.583270205801302,49.23006562848978,0.4822312075037678,False
2154,108.8934211538135,29.921245552864782,49.196775228012825,1.6052307338221974,False
2155,130.0248569635928,30.31513553804351,49.563400605370845,2.011761102097269,False
2156,136.94223493373374,30.69854859666409,50.08448696431311,2.121289300872182,False
2157,87.22307658303384,31.0441749812025,50.616475801237364,1.1098935813397344,False
2158,35.59444114925259,31.215969919965314,50.758526965225386,0.08626080170307071,False
2159,100.55940977303999,31.36379439033195,50.73475324875192,1.3638701472232007,False
2160,112.93124103530636,31.59996592759639,50.964813477315005,1.5958318996676286,False
2161,83.06002902218688,31.780165384502816,51.19940266014899,1.001571521802103,False
2162,60.362681773406166,32.03115657163145,51.347486689490914,0.5517607000533722,False
2163,39.19641442367424,32.17084847697254,51.39269959530418,0.13670357856320198,False
2164,8.55076609368325,32.37057201367159,51.354172436947955,-0.4638338968315382,False
2165,0.829548558658189,32.49410110795647,51.271206565960604,-0.6175893775497893,False
2166,15.677887232977127,32.55870119268383,51.22413074652163,-0.32954808043966644,False
2167,43.78384886416211,32.68423313641739,51.15631862542328,0.21697448186251064,False
2168,71.78652216258638,32.74914735840984,51.1634850663965,0.7629928796585393,False
2169,85.80802642421736,32.835964128059146,51.2175710443385,1.034255651254935,False
2170,71.07805467138292,33.04565479141186,51.36256076302328,0.7404693090643405,False
2171,-4.920746644234669,33.214045828523695,51.44100694406194,-0.7413305986452979,False
2172,17.44630411854382,33.44177829254536,51.184831294804816,-0.312504188631077,False
2173,33.16467736224536,33.578669439784434,51.110620890022616,-0.008099922683973769,False
2174,3.4007495078981265,33.47313861571891,51.092955357264415,-0.5885819071835131,False
2175,-27.334917996776085,33.20253673666599,51.13133719094906,-1.1839599364938578,False
2176,-11.680779541039556,32.79999092353157,51.34096233312922,-0.866379756887974,False
2177,-48.983172435075176,32.45260312647106,51.44382245439403,-1.583003977469611,False
2178,-39.88309335417148,31.773411882070985,51.76218261947154,-1.3843408760991316,False
2179,-34.80545399426228,30.967525488521478,51.817896215476885,-1.2693101087947833,False
2180,-12.772620150554303,29.950034438139834,51.41722782459825,-0.8309015556893835,False
2181,-28.836971612530988,29.06667461473973,50.86253745907342,-1.1384340837077371,False
2182,-75.7871733228742,28.401073845962326,50.884391066526405,-2.0475482753172876,False
2183,20.94988960154069,27.965065233815885,51.461630002855074,-0.13631856651034946,False
2184,23.304486623758066,27.685444922649854,51.3707427556957,-0.08528119438970057,False
2185,6.267792367905486,27.490201880885973,51.32439310908898,-0.41349557641865686,False
2186,19.10313944755194,27.22354107820732,51.317543426940624,-0.158238315561932,False
2187,-25.791322869086116,27.115763275161378,51.31545843565498,-1.0310165349216995,False
2188,9.623683074349174,26.97388542322282,51.42914185522401,-0.3373613037860026,False
2189,23.65106798558236,27.079293284987443,51.37497505718888,-0.06672947861461541,False
2190,35.90792500882753,27.250163313888326,51.315160711650414,0.1687174233671177,False
2191,62.69353001838317,27.46773972012975,51.27365256266413,0.6870154267867341,False
2192,81.88269281460634,27.694517655633067,51.345073430753466,1.0553724347488598,False
2193,87.5576704668224,28.013663166259757,51.514999063489746,1.1558576799579774,False
2194,108.15675670169594,28.272283850022298,51.704999586949725,1.5450048059150625,False
2195,63.84613734045615,28.754947680011817,52.070881544162134,0.6739119565449059,False
2196,82.83467951370494,29.31202030644725,51.941772184028906,1.0304357544372518,False
2197,111.52011130955816,30.161012615511886,51.64135903574369,1.5754639345903616,False
2198,64.0809863598347,31.243920058742592,51.42686805533333,0.6385196599131934,False
2199,46.502593804067374,32.032243486568646,50.903346028535125,0.2842711029130976,False
2200,29.721330841201507,32.56073231448637,50.58707977125501,-0.05612898562486884,False
2201,41.62203159878254,33.14352156374433,49.97979438450793,0.16963875380940477,False
2202,76.02910927895323,33.83739917405471,49.27434818861745,0.8562611512057495,False
2203,75.85088036023376,34.745152204856275,48.63051366010634,0.8452661726478585,False
2204,29.130853306764266,35.78283151096244,47.620180649974195,-0.13968821859565494,False
2205,14.124264843785795,36.61558741109733,46.24538900896901,-0.48634735374265053,False
2206,-8.903152712166275,37.35820521315591,44.84721455739015,-1.0315324682232467,False
2207,71.95909661053429,37.68384079967929,44.3050305551756,0.773619956500652,False
2208,83.40148366384506,38.14846372653491,44.25240498559774,1.0226115383342005,False
2209,74.55985159367333,38.81909383292635,44.07803171439296,0.8108519453030936,False
2210,34.29240501292361,39.611454822143806,43.509902005338645,-0.12224917924585423,False
2211,21.67336028852469,39.92135886319918,43.28356505091738,-0.4215918571681454,False
2212,-5.053513617950557,39.958800435057285,43.264928275297706,-1.0403880428644514,False
2213,1.0542195306479698,39.99181446654776,43.22821816103369,-0.9007448512184686,False
2214,0.5910806779861559,40.2090394878198,42.937615254777064,-0.9226865203098561,False
2215,29.762872353136572,40.3470866601944,42.771428415318574,-0.24745992124188898,False
2216,48.38756818047159,40.57085964837341,42.61591911623834,0.18342226788016663,False
2217,58.50017449420102,40.776203549512374,42.56967543788337,0.4163520337511389,False
2218,38.50973549317723,41.16340353286357,42.43225249231387,-0.06253893875106017,False
2219,-40.93738827776315,41.12699233123495,42.431887272308664,-1.9340261742860039,False
2220,-29.289253881311424,40.730932106321994,42.885784059633565,-1.6327132060887337,False
2221,5.324023499661507,40.709319462484075,42.92034281111019,-0.8244411308304572,False
2222,-3.35770013709066,40.45199481932377,43.00253927505622,-1.0187699539367994,False
2223,-1.9958020035267054,40.1058756880467,43.120291705674006,-0.9763773858244432,False
2224,44.503549903964995,39.79430896332398,43.23479968020541,0.10892246466905899,False
2225,22.04361503464588,39.683314394683556,43.19839963012103,-0.40834150133048003,False
2226,29.98799568278787,39.549481598103846,43.21812608644318,-0.22123786432089798,False
2227,-9.329801380115896,39.133906268748696,42.97021632756767,-1.1278441625571374,False
2228,-23.586682411730408,38.479846903090554,42.86589960614348,-1.4479231716841345,False
2229,-31.578636007297064,37.73380186346987,42.8488382089181,-1.6176036683379895,False
2230,-39.28733831368095,37.18227286222817,43.141875593527224,-1.7725147579671339,False
2231,36.788439197373464,36.879974084360526,43.49936951229167,-0.002104280774947728,False
2232,42.75963572507521,36.5141971405694,43.237901637236824,0.14444360961141536,False
2233,28.2399348919987,36.16854831765491,42.95184476429636,-0.18459308253616277,False
2234,8.75824747452748,35.80993774241544,42.76350998782873,-0.6325881639647298,False
2235,2.267819744110284,35.42591525750059,42.71471516835733,-0.7762686789013993,False
2236,-33.905036068600566,35.076024235204876,42.74430692754517,-1.6138069666384707,False
2237,-21.64222300280926,34.77861792085719,43.050140847593916,-1.3105843514753523,False
2238,8.022940095394915,34.59871106037482,43.22307825204299,-0.6148514182634313,False
2239,24.141423690891315,34.52917722551551,43.25656545227688,-0.24014281822916708,False
2240,43.884121479177566,34.37448750960417,43.24691035322572,0.21989163831362774,False
2241,58.86763970140828,34.627441157104556,43.1770395838253,0.5614140936467638,False
2242,53.83440678529155,34.861138190255154,43.20149568276731,0.43918082684819315,False
2243,-4.403475658053139,34.964667062407045,43.2261389524361,-0.9107485349033587,False
2244,-8.314936966037749,35.28137441908914,42.73594042103497,-1.0201322576645215,False
2245,35.89352495659591,35.66591208911874,42.041544285247326,0.005413998732606993,False
2246,73.03819581257721,35.5408616729358,42.00923230016157,0.892597462189215,False
2247,43.6570379329919,35.448625137928715,41.90907466457101,0.1958624202696222,False
2248,43.67083484167438,35.09498241915283,41.58446641108378,0.20622730463209146,False
2249,21.551902256351696,34.6950789491853,41.17255104623591,-0.3192218203354486,False
2250,21.096227305108187,34.41800898384425,41.10297180088861,-0.3241075059796056,False
2251,-80.35862445931434,34.17773885280549,41.06189876394253,-2.789358669713955,False
2252,-72.35392945627564,33.42704054275384,41.9912355785659,-2.5191202054798443,False
2253,-80.5551738633335,32.77091056375126,42.77517899289474,-2.6493421440950375,False
2254,-81.08382918400162,32.15685343742919,43.65341856978968,-2.594085098750982,False
2255,1.484713238722179,31.720928744809278,44.414339235009194,-0.6807759842175853,False
2256,22.23503771849869,31.171742758797592,44.21274141245023,-0.20212962948690497,False
2257,12.445716347014923,30.67685136014835,43.840916493896806,-0.41584748839982455,False
2258,-2.392595065802425,30.280764209184106,43.702200653703336,-0.7476364756523487,False
2259,-37.05299303653851,30.000576207103315,43.76019311457267,-1.5322960085683939,False
2260,-57.07253371379966,29.80540900705057,43.98646094310545,-1.9751064499874864,False
2261,-44.52239813987012,29.531893280480215,44.383550481004285,-1.6685076028796937,False
2262,-11.660800410979846,29.243588420237124,44.70709480138133,-0.9149417785463692,False
2263,19.1890874032797,29.130573051447158,44.78675992359106,-0.22197376334274319,False
2264,26.367928101897178,29.21321628314603,44.75533115214993,-0.06357428507401784,False
2265,12.286411057144278,29.266712513087636,44.74647328067161,-0.37947798364878194,False
2266,5.8045027293562725,29.203318266690683,44.763036316068124,-0.522726281839268,False
2267,-43.181534637576306,29.16861911315679,44.778993761229344,-1.6157163811343944,False
2268,-20.456518178486817,29.14111123477199,44.822247491786996,-1.106540438927049,False
2269,-0.020959238326668128,29.255730947451507,44.66948055700703,-0.6554069987094515,False
2270,39.056786692088735,29.30850825182359,44.62936410159427,0.21842745547694042,False
2271,72.23367771120093,29.730013595208522,44.38289958986377,0.9576585691507965,False
2272,78.47711815831667,30.139815530398913,44.45599099965267,1.0873068295405992,False
2273,67.34813957163692,30.534326609827477,44.58970985047652,0.8256123012519676,False
2274,59.0551419521928,30.797742374557792,44.67612639508419,0.6324943959497847,False
2275,46.26578456815491,30.998713036199238,44.72712206547662,0.34133811492735905,False
2276,28.90346818880448,31.187488440442515,44.72421588097407,-0.05106898369591467,False
2277,-3.6798541851819664,31.296934312366062,44.695817119690865,-0.7825517185172772,False
2278,-20.382482307851205,31.11481323293235,44.776036050435046,-1.1501084080506319,False
2279,59.494833599388585,31.034669187561,44.856496036249276,0.6344714127654656,False
2280,57.33980169893516,31.032415925835288,44.85504820046987,0.5864977706751031,False
2281,38.27518804557326,30.985333032544172,44.8230563122877,0.16263627723731683,False
2282,24.86549752142423,30.573094738479284,44.431612252720356,-0.12845802633924455,False
2283,13.386997248119087,30.068675556579983,44.00798861186053,-0.3790602305319866,False
2284,-13.964582589197107,29.670506573083262,43.85331699558638,-0.995023686957865,False
2285,-16.930691777122092,29.339004697518163,43.971964525394746,-1.052254475642509,False
2286,-1.945439517188106,29.05980398398479,44.116578421513815,-0.7028025429563444,False
2287,-7.11091165641551,28.875359186324484,44.18138413228696,-0.8145120744744138,False
2288,17.15061299366357,28.65599444150968,44.26845778452588,-0.25990020939622244,False
2289,-1.643302295628132,28.45479086952455,44.24331985699665,-0.6802855948069856,False
2290,25.476406543582698,28.153207651470023,44.274950203114315,-0.06045859104544036,False
2291,-28.553494144517117,27.819160366522688,44.08059725158412,-1.2788541450402862,False
2292,3.117422825771655,27.488832466793973,44.294625760709835,-0.5502114358676943,False
2293,14.67862915822866,27.1110918296458,44.229827043411284,-0.2810877523716012,False
2294,27.02309278196094,26.554125112345453,43.78892236251331,0.010709733062920956,False
2295,28.12330200821748,26.25921439418511,43.61656933074732,0.04273806130640098,False
2296,46.25115833709219,26.211395073391135,43.610056289672805,0.4595216096624628,False
2297,37.43651694073674,26.21077667174643,43.60976967277613,0.2574134271568533,False
2298,46.74174022123225,26.27964902327897,43.61835761955778,0.46911649852626275,False
2299,62.41864734594219,26.37377711338939,43.645503553693395,0.8258552954535127,False
2300,52.71715875377663,26.583274806707838,43.733983878842466,0.5975646769219163,False
2301,54.37580351343149,26.531282845498463,43.69745987375012,0.6372114248375282,False
2302,39.76450025385634,26.593954127418197,43.72998110661658,0.3011788661496899,False
2303,123.64224114255308,26.893080118908475,43.64659988847458,2.2166482903790268,False
2304,124.66984696410282,27.371182227041416,44.26318998255119,2.198184649037205,False
2305,101.37410592180481,27.520895559906275,44.550281635425236,1.6577495730840086,False
2306,114.61627332522858,27.536939447569267,44.57653875289702,1.9534790343496564,False
2307,78.31743590372821,27.696943468470824,44.841367416252034,1.1288793217512543,False
2308,50.55556766722793,27.909181336275868,44.99673203273435,0.5032895792182688,False
2309,16.224410681283416,28.230574723418005,44.96430462117909,-0.2670154502173585,False
2310,0.3842778336347692,28.254701811679194,44.95672259632228,-0.6199389628176407,False
2311,11.26641992290024,28.02805222368704,45.00091861374849,-0.37247311426362434,False
2312,10.003135759591942,27.701737651903564,44.92197936870625,-0.3939853528502553,False
2313,23.542502146768584,27.316663704685713,44.793824183006365,-0.08425629261966316,False
2314,41.92330180149088,26.963117022159434,44.58610387877729,0.33553469529443236,False
2315,27.07639559310087,26.543679599513812,44.106529717037624,0.012077939411798208,False
2316,77.23833670168528,26.400031808470246,44.064995815493376,1.1537117830688672,False
2317,111.38907837354554,26.567815663125423,44.205199068980676,1.9188073913672345,False
2318,93.75059764171237,26.773001598096805,44.51919358952744,1.5044656168114234,False
2319,111.02259327460524,27.260130216158245,44.802453874698294,1.8695954309268528,False
2320,122.83252092806697,27.72769032644242,45.26466767961389,2.101083151096621,False
2321,96.12758636818535,28.01987343560676,45.719633571197264,1.48968195089572,False
2322,131.16012390863307,28.27465940089764,45.980017543181624,2.2376125544343624,False
2323,132.2803876578928,28.407199298247757,46.24512526828188,2.246143517982607,False
2324,117.50819585663066,28.42062507619002,46.27512100926926,1.9251720759972883,False
2325,77.82519537482858,28.304946272159647,46.025832829256224,1.0759229341134593,False
2326,36.2027114183843,28.249006503063182,45.95945820247126,0.17305915314061385,False
2327,116.95873208352327,28.252627159427064,45.960064291711355,1.930069208804259,False
2328,114.1032243438899,28.350242173179943,46.13165198213947,1.8588751645813695,False
2329,94.47519922285073,28.357218264302457,46.144605821032165,1.432843119626617,False
2330,71.74679008129829,28.42516570597308,46.23395531469024,0.9370088299921059,False
2331,14.120042838943164,28.492928255424815,46.28935399679409,-0.3105008857431255,False
2332,-8.117482846695111,28.343664138849032,46.29506312327224,-0.7875817533385185,False
2333,9.643511418521257,28.244448371346785,46.35555712118115,-0.4012666033588935,False
2334,15.605886971819473,28.296912435988826,46.32932411622021,-0.2739307275956167,False
2335,44.084365137433906,28.296483863005744,46.32944188135922,0.3407742600236343,False
2336,61.63539005466714,28.29827265034665,46.33004922922631,0.7195571331983497,False
2337,71.97998045591714,28.237849244942367,46.27958450260279,0.9451712170949741,False
2338,91.86517090764642,28.15553944751201,46.188788645908886,1.3793310742254636,False
2339,59.35950326558964,28.279272282251675,46.33208065958241,0.6708144883821431,False
2340,41.34383163682219,28.661892817429198,46.32168490031807,0.2737797393744179,False
2341,53.20457413428426,28.804140005038,46.323730093403384,0.526737248491156,False
2342,27.799640101254,28.923425104871566,46.360812702416595,-0.024239976353110572,False
2343,18.633290622907907,29.068656596498677,46.31857788875994,-0.2252954742836158,False
2344,6.77993663392067,29.342276885901562,46.118730891944274,-0.4892229212647727,False
2345,35.56820440487263,29.452162101228705,46.042331154287766,0.13283520078835886,False
2346,32.747829776966455,29.955444106228395,45.64018518945933,0.06118261043741264,False
2347,27.574139806884432,30.387771029628023,45.317535831356274,-0.06208703035430213,False
2348,44.89114502711891,30.759078135587234,45.03485010696471,0.31380290725884147,False
2349,19.25746880314341,31.102314833073383,44.920682870341345,-0.26368357008549553,False
2350,-10.775988824647811,31.38859126411906,44.689060684085284,-0.943510099414163,False
2351,93.75723222075112,31.77556260041803,44.032090775765276,1.4076476617014753,False
2352,93.93033441930402,32.20893963981809,44.2824871212632,1.39381048337389,False
2353,64.44226934566495,32.629331590982055,44.531984597411316,0.7143840105552406,False
2354,49.55977766788601,32.975608239659195,44.551947457060685,0.3722434231233257,False
2355,16.062014280724497,33.15689775287547,44.55712632279546,-0.3836621632262945,False
2356,-14.038467673945433,33.40602475971958,44.3420482145001,-1.0699661911005363,False
2357,3.6714101754962485,33.265178624313066,44.45547637535567,-0.6656945524313943,False
2358,-4.373243087661194,33.14625208972922,44.50804343078036,-0.8429823529704545,False
2359,10.630254264629002,32.90648323201202,44.6014780391648,-0.49945046547161825,False
2360,29.132587344467538,32.59658278109682,44.57413696663957,-0.07771312407510718,False
2361,37.159900230592484,32.28259405806028,44.41036732953305,0.10982359448508265,False
2362,49.64301147764331,31.982607330463672,44.20449327425309,0.399516040996356,False
2363,16.306438203942662,31.63431122793955,43.829639263011664,-0.3497147884794994,False
2364,9.38898484085803,31.351336828317443,43.773855076948415,-0.5017230478981717,False
2365,63.19112344627979,30.914160074312402,43.623101089436126,0.7399052925144666,False
2366,44.52579082233319,30.626487527507173,43.246085731497246,0.3214002622369774,False
2367,51.30972328226562,30.51008755406967,43.18177061938129,0.481676305298617,False
2368,37.60909138868442,30.53870142001133,43.19402226664742,0.1636890846845848,False
2369,36.578394456446176,30.5856523756511,43.19741526076367,0.1387291819341399,False
2370,-13.69987796414489,30.55563072599434,43.19145140961852,-1.0246358306052143,False
2371,21.415516421341863,30.021529611452088,43.18055220022416,-0.1993029906195954,False
2372,76.6520057791472,29.697509588006305,43.0386006017835,1.090985662512343,False
2373,76.78537589641223,29.98037359081811,43.19074753043504,1.0836812276196943,False
2374,-35.847309082156244,30.353356394702793,43.32335686806396,-1.528059464054578,False
2375,84.09984850060346,30.19297451154809,43.518985192219674,1.2386978637243784,False
2376,91.72335678069612,30.265240891846116,43.598763290068874,1.4096297979821188,False
2377,96.23434277635215,30.31477585087499,43.664174210210554,1.5096945749648996,False
2378,56.35366199637656,30.44379067934332,43.827404035169344,0.5911796942443097,False
2379,38.93404697987444,30.575107685197207,43.87203200506423,0.19053002363128163,False
2380,-42.107486762756025,30.677849867883808,43.87127157777559,-1.6590660359959022,False
2381,-37.618213934862524,30.457290503926636,44.14427738773453,-1.5421139152615033,False
2382,-29.28420255408878,30.227097447584313,44.398616822639596,-1.3403863512100964,False
2383,-12.444359274029694,30.049268380726723,44.57749741101822,-0.953252876960591,False
2384,38.063333873999,29.798034859136447,44.69789607058424,0.18491472175358067,False
2385,50.40907917777304,29.736581083502685,44.67927820471548,0.46268648297206744,False
2386,32.00852657182236,29.68841980185728,44.652440079465975,0.051959238192494914,False
2387,-13.183285514456202,29.649722129706355,44.647566224156044,-0.9593581748469026,False
2388,-36.73604110155702,29.814925122345088,44.43566328637937,-1.497692648245033,False
2389,21.53403412871353,29.770599007938863,44.49864437930297,-0.18509698428153223,False
2390,31.078177647543043,29.867087166445128,44.462878521337025,0.02723823830966618,False
2391,29.474343557900283,30.0720626294489,44.3881063349266,-0.013465748393017266,False
2392,19.575476239335558,30.259384924457393,44.318315079234466,-0.24107208647306688,False
2393,52.33242856248012,30.111003533596502,44.312069049840034,0.5014756815776318,False
2394,67.79846162388321,30.2912940903098,44.34065723186394,0.8458865942704188,False
2395,48.848294458937744,30.516356387578224,44.434966574860724,0.4125565851495631,False
2396,55.255036021935894,30.8626545770964,44.34919013757032,0.5500073703527574,False
2397,18.50745980000488,31.33195052015394,44.186412350063904,-0.290236071182876,False
2398,-5.875070524585453,31.630082042816454,43.92761550733519,-0.8537944100594116,False
2399,79.27846975606099,31.828964589180114,43.679550521430556,1.0863093736186835,False
2400,88.72882445302616,32.08188143774373,43.83119060358351,1.2923888727460473,False
2401,72.69199141547097,32.3555075611244,44.04123132051787,0.9158800207194628,False
2402,48.44501760351068,32.62010313566887,44.149755464420096,0.3584371940767592,False
2403,6.68169962838283,32.85633391024615,44.127483804140695,-0.5931594558629066,False
2404,-9.132045688998687,32.882607004795396,44.11047334487281,-0.9524870060973324,False
2405,-4.65453416031005,33.03006528086445,43.92689512068458,-0.8578935373793203,False
2406,-4.907025128495661,33.13118247635552,43.8197106127554,-0.8680615885623559,False
2407,25.50890090228313,33.05421839764188,43.87539389498315,-0.1719715044249781,False
2408,51.6633161878467,33.06235814294779,43.87385731573542,0.42396450148064957,False
2409,59.71211606290342,33.108662873356536,43.88944939420628,0.6061468885289486,False
2410,60.00170035935048,33.113689518365426,43.89246548267182,0.6125883006412591,False
2411,12.772393971723432,33.15039959916341,43.91247380977466,-0.46405961357849873,False
2412,1.7522074026883274,33.25263691838826,43.844458885545706,-0.718458622055996,False
2413,72.21030589867814,33.31256039677354,43.794157775006546,0.8881948524217004,False
2414,87.1499454277216,33.52873171190498,43.896485557827965,1.2215377389421662,False
2415,106.53859795276526,33.61273022151894,43.98595261906962,1.6579353950295057,False
2416,123.03035201212765,33.987025221636635,44.33806912795466,2.008281563491681,False
2417,69.18946143368476,34.459403300032186,44.86151683173468,0.7741614770609986,False
2418,62.514697956115015,34.74296019989726,44.92994320731708,0.6181120155899725,False
2419,59.3696059200347,34.989498715677065,44.968231692928455,0.5421629067124639,False
2420,49.540778646093486,35.821214372697,44.1059337756932,0.31105937679880485,False
2421,33.47816122182007,36.54677811140158,43.31119803459223,-0.0708504273451552,False
2422,15.663637966632905,37.22554796309892,42.34784287929263,-0.5091619438072823,False
2423,126.14400519071819,37.80142574375746,41.3760206050637,2.1351154160085937,False
2424,142.44026534727232,38.543445338709816,41.83606777330417,2.483426993462795,False
2425,109.97606382420668,39.25895264602394,42.57683607205196,1.6609292211969326,False
2426,75.30352758954768,39.83949042862628,42.872933276789986,0.8271894281635375,False
2427,40.58055347560639,40.30196734919384,42.833683393370364,0.0065039031048092,False
2428,38.030387157636824,40.76407179271852,42.4108358954375,-0.06445722130592998,False
2429,26.202515983593457,41.33016060742944,41.72629867457256,-0.362544608660786,False
2430,27.347508618360735,41.751142239116724,41.2084984897313,-0.34953065869034794,False
2431,45.946420058977765,41.98333455476756,41.01518702901422,0.09662483073420368,False
2432,49.37099373705996,42.142604392003854,40.978077708680175,0.1763964965961533,False
2433,49.913370573466864,42.27952740173697,40.96348132310934,0.1863572852003499,False
2434,47.27378822436344,42.50349739885794,40.901326946225055,0.11662924363743103,False
2435,-7.283184532588621,42.750338383947266,40.80353838134868,-1.2262054934776498,False
2436,-28.501246834587846,42.9640190393341,40.44324004805684,-1.767050953113624,False
2437,-35.451194556373366,42.91613374971445,40.523463345579295,-1.9338753856692978,False
2438,-57.90743517145529,42.70523949186893,40.83922052106699,-2.4636286731139485,False
2439,-37.67551257201421,42.12807150458593,41.56974063742011,-1.9197517918782208,False
2440,-41.159722068500514,41.47385013385251,41.956178792279,-1.969520928287199,False
2441,-58.11009140390752,40.76172608488336,42.33792385051038,-2.335301509773937,False
2442,-58.596225104373616,40.01495090050513,42.967929535105235,-2.2949948268815796,False
2443,-52.217303537571524,39.31464514421604,43.60971565192241,-2.0988889130202946,False
2444,-46.680521151012044,38.72843628644385,44.173980108118634,-1.9334675577888165,False
2445,-47.405725875699545,38.27853158799256,44.656910404314125,-1.9187233663933565,False
2446,-54.72404352001536,38.018258542215676,45.028794925640675,-2.0596221199208893,False
2447,48.01150817769167,37.81384448738137,45.372140173960446,0.22475606509218288,False
2448,57.164814676791366,37.74549135987126,45.34792553448106,0.42822958466213185,False
2449,68.41351725794084,37.74444977045374,45.34747478825047,0.6763125759636224,False
2450,80.43130325696461,37.923844587194026,45.40915869478265,0.9360987935381975,False
2451,77.241955562979,38.25459343085796,45.515714077991774,0.8565692733132931,False
2452,34.575128551501166,38.6346824684464,45.573389163684126,-0.08907728811576193,False
2453,35.81217597042905,38.92360932047437,45.39142585980233,-0.06854671980685091,False
2454,43.06316771609181,39.23755496182884,45.184726442675284,0.08466605987128034,False
2455,59.17041776298902,39.50546333821741,45.07237527860146,0.43629727306844934,False
2456,61.75511404913664,39.899995060951966,44.951813797899135,0.486189925203999,False
2457,50.73145940469499,40.16549804342502,44.94836814092661,0.23506885340403266,False
2458,57.77647762838592,40.477252577355515,44.83814899195686,0.38581487951551185,False
2459,28.453900065994276,40.66951490524124,44.84269122872066,-0.27241038627545977,False
2460,58.94717925692794,41.00884463268477,44.53033909718383,0.40283400009809534,False
2461,114.84237676314729,41.341164611441656,44.454127899332846,1.6534170306557452,False
2462,77.01856627103098,41.93737739480426,44.76499667503104,0.7836745556108632,False
2463,48.78142091794598,42.23496949890587,44.831387270714366,0.14602384216908923,False
2464,6.554964090156545,42.357934492416156,44.82077918266326,-0.7988029448650962,False
2465,40.270914656156265,42.12164762189869,44.90468888341141,-0.041214692981118,False
2466,73.90182198175194,42.138519036871415,44.90345051111397,0.7073688677225116,False
2467,103.02852867661727,42.300186190207846,44.96896766313248,1.3504500023512251,False
2468,80.0659490521789,42.541911674319,45.186380986882895,0.8304280307102422,False
2469,52.45893792187576,42.70470209276188,45.27244029965346,0.21545637400042128,False
2470,16.54166418803925,42.69329217852643,45.26972271418964,-0.5776847398778089,False
2471,45.505899089401964,42.55506101146799,45.31415301547559,0.06511956820479926,False
2472,85.43792246398334,42.08996373734209,44.87577244478623,0.9659545978840866,False
2473,67.01083154187813,41.85644037722233,44.54432522386097,0.5647047303610607,False
2474,26.72981423127635,41.651897077341815,44.34785239531841,-0.3364781390776144,False
2475,-0.21336203044643298,41.12876339225877,43.99898869311783,-0.9396153559586653,False
2476,4.723141739004632,40.661318166460106,44.01868160357922,-0.8164300955468256,False
2477,10.667046021115766,40.38850610736355,44.09894670913748,-0.6739721082746263,False
2478,44.042597446668196,40.35542655581492,44.11926091595506,0.0835728163687317,False
2479,52.42380481014834,40.61529750589251,44.010858122653566,0.2683089539255695,False
2480,78.83071106389752,40.86028193974517,43.96103282462932,0.863729232104831,False
2481,88.8902407453179,41.269969887985084,43.992445197891136,1.0824647423693463,False
2482,91.93038580387815,41.65894452250026,44.12346536022841,1.1393357450725319,False
2483,60.26346465960137,41.956605736800185,44.29360772100769,0.4133070179812551,False
2484,59.40006466925729,42.15414781457697,44.300850884119626,0.3892908716311452,False
2485,86.81783951107263,42.04796762390776,44.237589838605125,1.012032347388312,False
2486,50.662776433056706,41.90171024972637,44.047171591048986,0.19890190145854245,False
2487,63.39973572127815,41.645235123484376,43.868543659335906,0.49590204695942935,False
2488,62.85931910140516,41.36176573328599,43.57040859488736,0.493398020844857,False
2489,73.61517801010609,41.00478238907968,43.142487482425956,0.7558765737443911,False
2490,109.14169011715649,40.87077995837682,43.00499159422293,1.5875113010823334,False
2491,160.4927287325263,40.73971785247518,42.761037668677474,2.800516952089083,False
2492,123.50163330270038,40.9076484541099,43.176071138712075,1.912957401409688,False
2493,112.52215892322079,40.94332367700317,43.2421686186171,1.6553017004656119,False
2494,75.94723254218115,41.14985322193408,43.50145642613904,0.7999129725536755,False
2495,141.17117592730528,41.38642775243287,43.5823875062029,2.2895658977074276,False
2496,144.49826652928596,41.53054944197919,43.872858282122536,2.34695711925531,False
2497,128.35791898013963,41.71147231213037,44.23510157755532,1.958771282939096,False
2498,101.42929355653519,41.913155167828506,44.55320748363302,1.335844078354413,False
2499,58.17613562251927,42.08983673613349,44.730726369493006,0.35962525521062993,False
2500,54.92700132424238,42.35207538365478,44.69489599982102,0.2813503792611568,False
2501,53.429772856879254,42.72734017038655,44.53298089723755,0.24032598920762105,False
2502,59.89328530642388,42.9879726789482,44.46627713300244,0.38018277484554047,False
2503,69.24774017910363,43.25158814522561,44.434238099098835,0.5850477727535345,False
2504,94.69474347467417,43.40137013952126,44.479450308811934,1.1531926086998212,False
2505,101.26192122169732,43.598152005116546,44.6334650400147,1.2919402328473528,False
2506,94.77752492676973,43.77244927157952,44.80181869027395,1.1384599363655505,False
2507,-3.577772139519311,43.78978471216954,44.821098229147424,-1.0568138381956347,False
2508,-73.55418511871699,43.415158072853416,44.95301224054484,-2.6020357115484085,False
2509,-60.791290657889704,42.731241306451395,45.84980026988404,-2.2578622230626983,False
2510,-94.03271803674102,42.05269449221227,46.53232546187029,-2.924534958831252,False
2511,-98.3612531088354,41.32750188424801,47.69072703088892,-2.9290548433578727,False
2512,-54.76083527650235,40.63110579060668,48.863867831827676,-1.952197918417238,False
2513,-47.34473298431021,40.26479167209226,49.347438235499624,-1.775361149211142,False
2514,-0.8024824918986724,39.771262282870936,49.807160115519544,-0.81461670733014,False
2515,5.535726885348595,39.5715580431753,49.902658792784266,-0.6820444437471167,False
2516,20.63331463127747,39.44037701388045,49.963315461784745,-0.3764174216378388,False
2517,-8.935496284979536,39.29598516628615,49.98251700593584,-0.9649670392857126,False
2518,-87.76779060069316,39.12816989790447,50.097395410709325,-2.532985187319161,False
2519,27.775062001633614,38.66988536352325,50.90233475107777,-0.2140338633810693,False
2520,75.5474991551041,38.27713435031422,50.72900467793979,0.7346953688803088,False
2521,60.614871169817434,38.167712711836835,50.627967930591055,0.44337466770846434,False
2522,53.429546678048155,38.14493057983774,50.61693376222031,0.3019664559297863,False
2523,30.130488346231004,38.167964919183945,50.62303958562862,-0.15877111763227075,False
2524,23.447657823693817,38.25170583624053,50.59788265252536,-0.29258236187888864,False
2525,28.943728020698018,38.474837535631245,50.44834139564057,-0.18892810449773967,False
2526,41.93287670533073,38.62526799899554,50.381575839770875,0.06565115622533156,False
2527,41.69418264582737,38.900899664430014,50.27147478871608,0.05556397525907344,False
2528,13.322083923661694,39.08580400003238,50.2239753453381,-0.5129765196645696,False
2529,13.673264255046888,38.991693860622824,50.257539169080324,-0.5037737625870957,False
2530,36.65604918837562,38.85189245600649,50.29531737239233,-0.04365900012863212,False
2531,-13.230179925388029,38.77458910904656,50.288612187164375,-1.0341261524752963,False
2532,-14.190309062397546,38.59877590589578,50.419095054046956,-1.0470058003164446,False
2533,45.378183442908494,38.45842296599545,50.53358316361004,0.13693389709788203,False
2534,34.71370078187579,38.352393561213475,50.50005475094071,-0.0720532442446492,False
2535,35.528396930641065,38.293988263353604,50.49854623258614,-0.05476576137409544,False
2536,54.830649142295215,38.20005179697489,50.48886676076327,0.3293913769964939,False
2537,43.6617122954965,38.30256106931781,50.5051398651771,0.1061110065328971,False
2538,47.128279843175505,38.34472367550264,50.506648499209994,0.1739089095925708,False
2539,7.544345689290822,38.70679604340336,50.349103645012555,-0.6189276093934872,False
2540,-9.85446087477203,38.62422955095067,50.38898679626695,-0.9620890100793659,False
2541,-55.995696300065674,38.1093101065821,50.44003234932544,-1.8656809288883474,False
2542,-127.67516048271068,37.318946581603065,50.868848921946096,-3.243519571623944,True
2543,36.29702799085385,36.77235222802834,52.13727888377347,-0.009116782604518014,False
2544,97.98783185908201,36.487811629756024,52.00772277044019,1.1825170754117496,False
2545,105.52637229171387,36.52510017188927,52.049791481979256,1.325678166140479,False
2546,88.079691208452,36.58040987138547,52.118511913813364,0.9881187978319329,False
2547,65.82678536231515,36.769255283362114,52.24790421318982,0.5561472850736385,False
2548,41.93973746319989,36.929331107067114,52.295751104812304,0.09580905236623925,False
2549,35.44192122430786,37.42961220365019,51.93590308118448,-0.03827200186035531,False
2550,53.51451452550896,37.86449396055001,51.60858287520964,0.30324453207329766,False
2551,78.51994135029304,38.35734346697619,51.35823586939356,0.7820089067204771,False
2552,91.23533825663935,38.89879763735907,51.2989120863352,1.0202271060095538,False
2553,92.75774796717155,39.2152976634462,51.457509720660255,1.040517712465747,False
2554,114.33792257738128,39.46737307290691,51.616155526481705,1.4505254942139574,False
2555,46.8359060078144,39.95742900151143,51.93475946392406,0.13244457233081122,False
2556,38.562133588993674,40.31468609390589,51.773201215276345,-0.033850572569870445,False
2557,98.15022825964093,40.76288951468298,51.42694701150893,1.115900166737783,False
2558,64.73886518586892,41.21893828927183,51.594844577654975,0.45585808212286477,False
2559,79.88545834515094,41.419299524619014,51.62058039341862,0.7451709865981316,False
2560,86.65408603752849,41.719365684066936,51.69719054420544,0.8691907602800696,False
2561,56.03904724264726,42.11864312334189,51.78410458698864,0.2688161595209475,False
2562,67.8338209144415,42.140706329771454,51.789271710182575,0.49610882208290225,False
2563,104.85228398280151,42.14091680173907,51.78937667961694,1.2108924880291934,False
2564,103.61387949088817,42.47427388223826,52.012571027019256,1.1754774740300644,False
2565,95.03009128789904,42.762124140982024,52.217138958902424,1.0009734004778508,False
2566,35.55086402783991,43.21761599507663,52.3379128670733,-0.1464856267140146,False
2567,120.26976398851275,43.464198938841065,52.20264589820221,1.471296401325067,False
2568,131.48695231922875,43.708194737843755,52.4661763299206,1.6730542174335317,False
2569,109.80673127283444,43.962707403714006,52.788597349846036,1.2473152759250663,False
2570,77.9044333585739,44.183628474293556,52.98684041739022,0.6363996158037234,False
2571,10.947583164328307,44.35898213950226,53.04973631843175,-0.6298127246970953,False
2572,-6.217580667454058,44.384374303406695,53.03261232888161,-0.954166742853489,False
2573,-32.69565785998111,44.40172230948732,53.0154751522848,-1.4542429346904717,False
2574,-17.841061571341925,44.234810858894036,53.21461408862945,-1.1665192634272983,False
2575,-5.107570358526573,44.157822546734245,53.29543062777646,-0.9243830535742914,False
2576,22.488659580838657,43.975581646372284,53.41180013239481,-0.4022879216254235,False
2577,70.39899042819138,43.80192297609247,53.43407857739491,0.497754769244785,False
2578,64.38587542383675,43.8655353235049,53.459488033607045,0.3838484215829347,False
2579,5.416681427371486,43.891631603650644,53.4684813912186,-0.7195818765594882,False
2580,-12.826676891130091,43.84784760041046,53.49712078317743,-1.0593939199315243,False
2581,67.21906685215822,43.761068527232965,53.57757799853769,0.4378323769238972,False
2582,99.18906762979032,43.731358771003684,53.56308981450021,1.035371728009864,False
2583,147.43874211637967,43.80302021268266,53.62953916543985,1.9324373007195692,False
2584,93.1572551754175,44.046473451751794,54.00753665197547,0.9093320074962047,False
2585,57.31394191927325,43.86865739915233,53.79468867409943,0.24993702634056558,False
2586,22.486774757248213,43.79796978299512,53.769013489363644,-0.39634714573966645,False
2587,-4.638400070375155,43.55970833538282,53.774264905847254,-0.8963043658550702,False
2588,15.595859710317882,43.17870829972561,53.88821148507891,-0.5118531090430629,False
2589,-27.908884476560388,42.97665521082219,53.92783757885895,-1.314451735316223,False
2590,-75.57026782407752,42.611256129284214,54.19986608625241,-2.180476309024277,False
2591,47.373005338168014,42.06819716624427,54.92371459051678,0.09658502181568912,False
2592,52.569011619561934,41.59932216712194,54.536538025103646,0.20114385418800418,False
2593,14.324885466760406,41.06437422826653,53.97939485142189,-0.49536473750968274,False
2594,-39.3282012891234,40.49502197613887,53.75215670516401,-1.4850236373416732,False
2595,-61.48490573920003,39.812690256622965,54.03447860089447,-1.874684435173696,False
2596,-81.86097964684359,39.205157761296746,54.59665163936632,-2.217464510604656,False
2597,-96.55936175630086,38.49151867317484,55.38989348808312,-2.438186317482832,False
2598,-86.18702675179838,37.76079321043737,56.354350749982515,-2.199436570782855,False
2599,-78.54730898882758,37.084992404662614,57.155038888009095,-2.0231339815910685,False
2600,-73.39819711836572,36.343958303187584,57.84237794747208,-1.897262168599163,False
2601,-66.36576951625943,35.61318931000052,58.44914959563396,-1.7447466649519496,False
2602,-69.61271741917142,34.9210515713712,58.96499252955074,-1.772810688276688,False
2603,-109.51364120450921,34.225298561588254,59.50548417679196,-2.415557855794371,False
2604,-154.8041426539869,33.61678393854111,60.447753556600986,-3.1170873275894,True
2605,-140.32888596117482,32.864980987235164,61.99069386008884,-2.79386882391256,False
2606,-134.21406587587603,32.24070901458754,63.19908882946058,-2.6338160561085466,False
2607,-111.70572873675223,31.786502879442175,64.11837348496962,-2.23792688143955,False
2608,-119.40025716973537,31.34584683084254,64.84883937700191,-2.3245767456871205,False
2609,-142.42880561984202,30.88012936000186,65.64867530679561,-2.6399456526718956,False
2610,-125.73989901291134,30.378232251573678,66.64781057744462,-2.342434506277983,False
2611,-125.31347652379259,29.978567525927616,67.38183274923212,-2.3046574679506606,False
2612,-116.28826263590463,29.543471258152493,68.14741221023777,-2.1399452916005055,False
2613,-123.42812518267033,29.129139463599557,68.8218916214102,-2.216696766858555,False
2614,-118.4170577919781,28.676625182010444,69.57395342271947,-2.1142061897830127,False
2615,-23.139828434890433,28.29750009705829,70.20185082749616,-0.7327061598182554,False
2616,-10.69735398445141,27.873980236269112,70.29676610316045,-0.5486928682340396,False
2617,-20.935263370478197,27.470038756142664,70.32241751660533,-0.6883338746878384,False
2618,-35.812402149259924,26.938200776211595,70.34877471985004,-0.8919928339244468,False
2619,-58.68616888611314,26.246273958317406,70.39113825055561,-1.2065786255951068,False
2620,-70.58091360114804,25.437177979453764,70.58240789832516,-1.3603686023140082,False
2621,-83.66807311248795,24.811249157116567,70.96610873924824,-1.5286074465234045,False
2622,-74.32553032490023,24.10005719828968,71.4522269964072,-1.3775020270276388,False
2623,-56.136492622277046,23.401314948045677,71.83860971785104,-1.1071735363853865,False
2624,-51.87765832656021,22.714964290990522,72.04535038239369,-1.0353565111646612,False
2625,-43.44186647189861,22.038578741135183,72.20985700575332,-0.906807573484277,False
2626,-27.515484096747628,21.478023229964986,72.3511734435441,-0.6771625807139457,False
2627,-34.797537735182004,20.970332981601093,72.39417624487572,-0.7703364222026148,False
2628,-32.493152413416055,20.593836328022665,72.51938975158616,-0.7320385475289742,False
2629,-9.085754421615547,20.04954863950871,72.57293730408571,-0.40146236522087136,False
2630,-47.7371532558559,19.31188119198036,72.23268220051327,-0.9282368092287154,False
2631,-57.91512525170447,18.569287623367938,72.27713844286288,-1.058210307198804,False
2632,-85.53306835883268,17.934189134262876,72.47856513315122,-1.4275566479967512,False
2633,-91.76248571843507,17.386046083971273,72.91206625059614,-1.4969885975699384,False
2634,-63.19994442068355,16.600132986503468,73.37404004329471,-1.0875791677833275,False
2635,0.6873574669898517,15.784051043631829,73.49523961717739,-0.2054104953637509,False
2636,52.950424521338846,15.174877405479284,73.19127835227903,0.5161208816990598,False
2637,15.212561984950298,15.013475473748093,73.0771318852878,0.002724333947789846,False
2638,-74.36322679671048,14.791770855075919,73.01932491519098,-1.220978114428425,False
2639,-34.87406157295709,14.250670313500027,73.34238488496513,-0.6698000339572742,False
2640,20.095235192656673,13.77221816670027,73.39942800422193,0.08614531744842349,False
2641,37.61730921953904,13.38327359960904,73.19022422221622,0.33111027978752905,False
2642,29.33501739808912,13.208312157214166,73.09633216967487,0.22062263265742033,False
2643,13.456735720968254,13.223819318921384,73.09949416612785,0.0031862929381910347,False
2644,-27.01201001924892,13.305188948394091,73.09205515543144,-0.5515948194630433,False
2645,-30.96373115912661,13.116289235547342,73.15534837133295,-0.6025536256204528,False
2646,6.236127331584839,12.868486990426854,73.23416088080506,-0.09056374209894688,False
2647,16.835847454047098,12.643448477837072,73.19587054163237,0.05727644121433697,False
2648,29.30621729362599,12.43161539833647,73.13152302852075,0.23074320342964216,False
2649,33.15148359711179,12.136826744941995,72.96188802200146,0.288022382943721,False
2650,59.35121004179109,11.805048428583625,72.73716248462895,0.6536708333000352,False
2651,25.511992012971746,11.611124763333107,72.56548900866466,0.191563061719033,False
2652,76.34425178328752,11.404270759484124,72.47544610136251,0.8960273377687089,False
2653,111.98505959286695,11.505129016115253,72.55438488665688,1.3848912196515704,False
2654,106.38441938306096,11.654933897554505,72.73656905808912,1.3023639513413574,False
2655,104.57672277386791,11.986610343685484,73.04191225532387,1.2676299068749222,False
2656,98.99214126105312,12.231711457093756,73.28415391458454,1.1838907208382585,False
2657,23.155283988332712,12.446787779472613,73.48636971300272,0.145720849331401,False
2658,19.862497175699446,12.146431267438247,73.33783344804306,0.10521262417341146,False
2659,12.525934439027196,11.615007499929575,72.95323444332914,0.012486450341077596,False
2660,12.521184683579122,10.73425277199208,72.03247183947789,0.024807310730210166,False
2661,8.051137056309017,10.07365486354493,71.49902459221722,-0.028287348236860653,False
2662,-14.005897922301301,9.451803542908552,71.05559456189546,-0.3301316611287546,False
2663,79.7131854689776,8.916368242524728,70.89024759982746,0.9986820419375314,False
2664,106.1626887358725,8.550546870748965,70.36026691264058,1.3873190956810744,False
2665,64.08875183302757,8.322358907692934,69.9778543140589,0.7969148735978161,False
2666,12.422042962718024,7.939804341341076,69.49169959477955,0.0645003453292092,False
2667,-30.625066056382593,7.409999278282642,69.11293082373297,-0.5503321141404153,False
2668,-33.66106450304369,6.881420696860606,69.06190318556128,-0.5870455827284599,False
2669,-42.65612121348386,6.354110781221997,69.031055351098,-0.7099736741012507,False
2670,-11.849735127693293,5.782170935565075,69.0367337874655,-0.2553989028151223,False
2671,-0.8529957641244437,5.355129147266759,68.9218087885354,-0.09007489821456739,False
2672,22.65459944974782,4.937862861890401,68.74464816416575,0.25771804876430443,False
2673,5.417774625053994,4.509052480789649,68.40526226953065,0.013284389447756157,False
2674,6.169517665895796,3.9385516081905814,67.99193212646233,0.03281221739008248,False
2675,-33.467907781487725,3.4111229935425222,67.62574435659278,-0.5453401086510176,False
2676,-77.75884958444226,3.233205519483186,67.68353612163523,-1.1966286004675237,False
2677,-95.85556862760177,3.20817775480625,67.71287133578792,-1.4629972770044146,False
2678,-111.11713602590567,2.999461814510345,67.96489394758304,-1.6790520989913824,False
2679,-150.0535201870323,2.897768850289127,68.12354459314506,-2.2452045023610263,False
2680,-137.62016828277092,2.590076784347479,68.69795453006238,-2.0409668093649294,False
2681,-143.9040947406113,2.096866468833975,69.40595732703031,-2.103579675754791,False
2682,-141.95390546797512,1.522108363141707,70.21295771646717,-2.0434406767266426,False
2683,-114.66286616438629,0.6819213216174423,71.08011395820108,-1.6227434237631166,False
2684,-108.93209773389117,-0.03354649415478913,71.63374729894264,-1.5202129631063401,False
2685,-140.67230081936714,-0.8047691868046025,72.10581911645454,-1.9397537306478607,False
2686,-142.60401882081624,-1.588916832842624,72.90663887624584,-1.934187395846589,False
2687,-54.69765598974823,-1.9153229532004994,73.41575017945814,-0.718951082125104,False
2688,-9.289239976447789,-2.4062319888634867,73.49172651493829,-0.09365690961397168,False
2689,18.83164945757403,-2.911212578932248,73.24392870302425,0.2968554857927564,False
2690,39.13723096293211,-3.159922231981316,73.09771997648727,0.5786384747502219,False
2691,21.606260568702055,-3.2449955398093873,73.03975902198945,0.3402428545941627,False
2692,31.08722480077745,-3.2957349908661073,73.01939279590825,0.4708743591958527,False
2693,23.772601410698826,-3.250261377907276,73.03852356584758,0.36998095620380045,False
2694,-5.346339810973404,-3.2810418934429855,73.02596340894333,-0.028281693539115794,False
2695,-20.574809707027725,-3.562465801278129,72.94172942695909,-0.23323197899749654,False
2696,-23.24658484305735,-3.933114565283219,72.86855484471812,-0.26504533154158016,False
2697,-12.575128334739816,-4.150785212704166,72.87132034669536,-0.11560574286229033,False
2698,-27.495504966688145,-4.307025644786229,72.86101401673052,-0.31825633550168986,False
2699,-38.81469995012287,-4.688880133804466,72.81313566870153,-0.46867669552909075,False
2700,-33.84932068326475,-4.841168943475507,72.8578480916291,-0.3981472483692816,False
2701,53.800253781831316,-4.958186869790192,72.88873452938479,0.8061388502764207,False
2702,40.637098183321996,-4.908055498725176,72.92644866218622,0.6245354671392798,False
2703,25.352837508988387,-4.872797180859425,72.94714858689353,0.4143497761786192,False
2704,47.36554143674971,-4.93336598694069,72.91762062936124,0.7172327754566303,False
2705,32.49466027228823,-4.977801151854652,72.88324951540241,0.5141436705044803,False
2706,72.03652516363263,-5.044271699611844,72.84370549391642,1.058166884023794,False
2707,93.33178983989956,-4.896008334609123,72.97576039012877,1.3460332259558845,False
2708,105.7887397355139,-4.385368786093595,73.36245100918934,1.501777912352017,False
2709,55.935758909887,-3.6970164015085594,73.85173037942928,0.807466189417895,False
2710,-23.653254380947374,-3.0307577395445557,73.8819814694223,-0.2791275522291981,False
2711,54.05478035949477,-2.4115797270340598,73.26443092984131,0.770719971067564,False
2712,95.37358153903483,-2.3058788200778637,73.33338885056669,1.3319916328721233,False
2713,77.03839461520329,-2.3214398338876685,73.31225386236247,1.0824907197380986,False
2714,52.10044447495943,-2.491011129581184,73.09392934095531,0.7468671625230638,False
2715,17.006160113686292,-2.7051733125186397,72.87936583586794,0.27046521604752904,False
2716,-18.801039922463815,-2.9957722723319065,72.7015821627419,-0.21739922543572635,False
2717,-12.972788415867171,-3.357324518675143,72.62777275414783,-0.1323937597500246,False
2718,1.116871066796648,-3.645507314152375,72.56892726165232,0.06562558605528143,False
2719,12.721277555948518,-3.9573980490256626,72.43426451502623,0.23025947342247466,False
2720,23.428508016013893,-4.349056762087237,72.16301335659716,0.3849280051657058,False
2721,20.480266955727302,-4.752668846852865,71.81398258539227,0.3513652201724963,False
2722,1.995425038808662,-5.182891948111462,71.44185509185974,0.10047775184015399,False
2723,-50.46517152782667,-5.851597290602966,70.8396576551625,-0.6297824652738486,False
2724,-22.922772150206583,-6.430770371172258,70.80406374660596,-0.23292450893858305,False
2725,26.497830143755664,-6.796751952953211,70.72897166854645,0.47073471183400717,False
2726,-5.095582880491065,-7.223254322690624,70.30711933964366,0.030262531905497107,False
2727,14.833712443256445,-7.638935561180863,70.08519851315083,0.32064756155638946,False
2728,10.471853690081844,-8.026148334406425,69.77776806385705,0.2650987920330132,False
2729,-9.055371065336658,-8.479614003141226,69.40533328826454,-0.008295573768144191,False
2730,33.54081275796875,-8.867080778783986,69.22445486003257,0.6126143372670655,False
2731,43.16381729582554,-9.07120582733442,69.04726321994225,0.756511130017872,False
2732,53.68919997587818,-9.438399081423562,68.60037384609996,0.9202223766145067,False
2733,25.04644058611393,-9.735569792822432,68.21475974474423,0.5098898025748193,False
2734,-48.87815006461142,-10.152139142237818,67.78347515200694,-0.57131934937725,False
2735,42.18061791806804,-10.654692797550029,67.75557631905104,0.7797928020983005,False
2736,71.46286025562267,-11.119509143207438,67.11687393205713,1.2304263378301679,False
2737,65.69997443114516,-11.476795405490808,66.51020745089639,1.1603748175588622,False
2738,39.781388273227094,-11.739335624786577,66.11446548544707,0.7792655286512793,False
2739,21.110099606734593,-11.966258512199355,65.86991325837378,0.5021466779406921,False
2740,6.628924567848344,-11.905767342899319,65.89574330062548,0.28127297731797085,False
2741,-14.052716940289883,-11.829300049832042,65.90983577738874,-0.03373421985100158,False
2742,-8.2534917169869,-11.718330163405309,65.89018478908602,0.052585046733581484,False
2743,10.472079868912715,-11.661261295224625,65.8890019954613,0.3359185978513072,False
2744,5.602072675734689,-11.568525281966057,65.90924201921904,0.2605188199963493,False
2745,12.310310620272162,-11.669040680210722,65.86985657562286,0.36404134678740396,False
2746,0.5157631273091283,-12.014806631448339,65.58834191333659,0.1910487350833537,False
2747,-51.69396341942854,-12.394985871308624,65.32742856946821,-0.6015693317291676,False
2748,-58.88588479376426,-12.734930185872908,65.38275688423147,-0.7058581926976177,False
2749,10.645483639240183,-13.009092137674301,65.47963949404493,0.3612508553756738,False
2750,53.4897856400014,-13.345839656798814,65.20948843964709,1.0249371202882254,False
2751,44.03566129585511,-13.617859192452318,64.83146216516116,0.8892830512048673,False
2752,94.50972919102901,-14.233353721145916,63.77551586629413,1.7050913886789354,False
2753,42.770793880730935,-14.225303280576801,63.78923693888973,0.8935064894397492,False
2754,-9.901581464534956,-14.311869637949078,63.70137947089023,0.06923379383690587,False
2755,-25.99247124266617,-14.504657472602545,63.638323387472376,-0.1805172285906746,False
2756,-17.29348262182475,-14.63176503910428,63.63982477017434,-0.04182471577086931,False
2757,-39.32729657379991,-14.827534933938463,63.59685410352289,-0.3852354331863769,False
2758,-32.2873296773314,-14.895501672612507,63.61701631868519,-0.2733832708782772,False
2759,72.36802793673269,-14.637865136024732,63.4572671041779,1.3710942346432868,False
2760,89.21827544301141,-14.489085239604703,63.632585501813736,1.6297838578264294,False
2761,62.34182193639299,-14.270934859703218,63.92600160877329,1.1984600142046389,False
2762,38.69972571110134,-13.985119761669694,64.16152868434583,0.8211282766026913,False
2763,18.812725828725206,-13.520667815239785,64.25931631136775,0.5031705206338317,False
2764,-24.936216102540584,-13.042705722573563,64.19902047395837,-0.18525999761618625,False
2765,-11.335781431031364,-12.703867844333661,63.983488180457485,0.021381866669159696,False
2766,11.064291441053001,-12.19658462811182,63.651652291476964,0.36544025538641806,False
2767,8.081445019644434,-11.617707734106753,63.41650980159757,0.31063129799134626,False
2768,17.33796445856092,-11.102060388818229,63.220931200131396,0.4498514069232824,False
2769,19.35065448145872,-10.56196418895557,63.07295489709896,0.4742542777520975,False
2770,12.528837067356676,-10.051747379445343,62.96543923686894,0.35861870766685816,False
2771,-33.88690406565968,-9.562809555120772,62.81891965966698,-0.3872096916393843,False
2772,-60.043166478341846,-9.112650405484763,62.36773464256384,-0.816616418164702,False
2773,-42.62701953724627,-8.548596975867827,61.46417526668036,-0.5544436643543855,False
2774,-27.741738320553395,-7.967038247153967,60.66688091283567,-0.3259554434949625,False
2775,10.754954193377444,-7.333274392658,59.891309331953664,0.30201758465121537,False
2776,55.723603166538396,-6.604341756169132,59.3562330488873,1.0500657087078396,False
2777,41.81797785925278,-5.561937825596074,58.89945891381652,0.804420219788039,False
2778,27.897123177355525,-4.465230781077652,58.04487617826991,0.5575402359209196,False
2779,30.869188407826414,-3.5507246966117783,57.32860174067643,0.6003968710092609,False
2780,33.266608622020385,-2.621065976780713,56.60400943029123,0.6340129428993428,False
2781,16.73233294245597,-1.7308584097692545,55.97822915522682,0.3298280712136688,False
2782,-16.41975379820451,-0.8965699685482647,55.1925647880829,-0.28125498224731876,False
2783,45.44739416515222,-0.28944315906151713,54.44805174573195,0.8400087029339656,False
2784,85.44621568778143,0.1188141183196891,54.53276241783751,1.5646997838780197,False
2785,77.34298210743054,0.6910972711305989,54.92166758084095,1.3956583660442137,False
2786,78.64577217319629,1.2760868275467223,55.21256573943859,1.4013057409933778,False
2787,63.76757789320368,1.9573854842280094,55.457806715416204,1.114544481107177,False
2788,39.312293378019376,2.6862768341048953,55.460700555048795,0.6603958510686406,False
2789,12.278796369838574,3.340403066123749,55.23900242650942,0.16181308334824768,False
2790,5.766655471658623,3.9115153844709303,54.82850986411527,0.03383531837333162,False
2791,23.915697217690877,4.388254585640924,54.49132549893038,0.3583587378955071,False
2792,26.914451550203694,4.864755715640733,54.30859878627758,0.40600745236193364,False
2793,37.06875016175513,5.333756369669089,54.15564869214078,0.5859960051903416,False
2794,28.053865107142883,5.812986230583695,54.07761061688816,0.4112770261638275,False
2795,-2.3152419056473263,6.143756166321138,54.04246944299922,-0.1565250100366067,False
2796,-18.365117922448917,6.337103165306464,53.953149160929776,-0.4578457693743578,False
2797,24.92098672792895,6.421198608705078,53.903250416182225,0.34320357263038215,False
2798,-47.740545938318974,6.623619686976176,53.90852090634324,-1.0084521836491027,False
2799,-39.062893520522266,6.623599492437705,53.90854139287016,-0.8474815276490189,False
2800,-27.490378246521914,6.735815157504266,53.7928908442858,-0.6362586740894942,False
2801,-41.954288301318684,7.081307360553735,53.381553630222015,-0.9185868961691455,False
2802,-12.611731608867558,7.377784726131809,52.965993042002715,-0.3774028425965208,False
2803,16.82393536895529,7.678905040487856,52.70550504339201,0.17351186220373765,False
2804,27.06915787051321,7.774956099428127,52.707390978081925,0.36606254669498756,False
2805,-2.616587501299364,7.62090094079226,52.61229733603259,-0.1945835662089645,False
2806,-45.095158332556366,7.514775050993155,52.61487406616204,-0.9999060972263032,False
2807,39.5043192054211,7.688989744232167,52.390117083919854,0.6072773116774354,False
2808,60.750955433052695,8.131718201246324,52.34252927223672,1.0052864843066807,False
2809,39.02097504386916,8.373716536010585,52.49194187740443,0.5838469184362739,False
2810,34.49822774900781,8.382071689726835,52.49673595084672,0.49748152120798184,False
2811,22.060503054016863,8.41280508467278,52.510585512114524,0.2599037477156958,False
2812,-1.1096333442092146,8.464017985464736,52.51972902568305,-0.18228676170420208,False
2813,21.34917063095577,8.61819879900664,52.45293733489684,0.24271227654355285,False
2814,32.81123524255145,8.9295851191857,52.37176726035051,0.4560023725119929,False
2815,48.624678988158735,9.087770285322406,52.40370751312764,0.7544677767872043,False
2816,49.78113135035642,9.2769895206445,52.489173625589636,0.7716665939271952,False
2817,65.70728754667641,9.398864009077418,52.55968089234463,1.0713235427158077,False
2818,67.71507702823874,9.592648556396258,52.707587432397325,1.1027336158459202,False
2819,70.82526213142273,9.642433478934636,52.75879345711941,1.1596707324669102,False
2820,59.710909775805476,9.912155324877796,52.955870883528824,0.9403821260999577,False
2821,77.54631687637561,9.813147336738021,52.84635945991329,1.2816998225018077,False
2822,52.33401181429622,9.60815482056843,52.5134040591036,0.8136181182549131,False
2823,82.07743278797875,9.286426204087688,52.08073442983417,1.397657068026927,False
2824,78.75441340495354,9.152501858933586,51.86270225967632,1.3420417470251258,False
2825,19.033400974702772,9.03203919312347,51.67594723617104,0.19353997974862006,False
2826,-5.132223851090657,9.007504175185195,51.67017974839437,-0.2736535482386287,False
2827,14.334611156487426,8.858726073835255,51.67472138997219,0.10596835232700068,False
2828,5.567844279330984,8.86949200667728,51.67567839406324,-0.06389171521211429,False
2829,-9.48134119679321,8.828103075699612,51.67552069834068,-0.3543156222725927,False
2830,-32.18260887864221,8.723743086097814,51.69479923640371,-0.7913049778503364,False
2831,62.970523693245696,8.615548378024355,51.7616344177193,1.0501016037587536,False
2832,79.77824957932239,8.515889676978333,51.63990217780244,1.3799863457715145,False
2833,40.74159280318031,8.35883944390363,51.38062490896063,0.630252228668967,False
2834,9.10852309058896,8.219868259202158,51.26042081149066,0.01733608147024027,False
2835,-17.40129453120221,8.20014492662996,51.259431727845175,-0.4994483667661291,False
2836,-18.921819418144423,8.278857852375083,51.20958437203703,-0.5311637968569888,False
2837,-27.301141958033895,8.36659145407091,51.14989258420368,-0.6973178556218487,False
2838,-13.02857919414646,8.457990140115257,51.07183440315177,-0.4207126997759792,False
2839,-1.4194229495466288,8.450973211148273,51.07472215744957,-0.19325403533801197,False
2840,12.755619041767659,8.447601620758855,51.07535870891753,0.08434629789994297,False
2841,19.01496739998754,8.388679118330401,51.064579611720895,0.20809508983440408,False
2842,16.016062281587665,8.46961478960977,51.07061782356989,0.147764953971148,False
2843,-33.58699093593657,8.528225174226982,51.07361237476846,-0.824598342508654,False
2844,-74.33077013448178,8.52751634592669,51.07419953377889,-1.6223119938592199,False
2845,-106.90436681874087,8.547921580747884,51.04019333343737,-2.2619876779317334,False
2846,-141.04787076801347,8.482154924848246,51.182445678312185,-2.921509976929901,False
2847,-186.22905244924118,8.303995789478558,51.65119334613883,-3.7662837126542787,True
2848,-195.4162480764985,8.088665240298743,52.38551581168286,-3.884755359637257,True
2849,-200.3172794659763,7.744640955812269,53.525513581058824,-3.8871541158909277,True
2850,-201.42928768790955,7.408848189589859,54.64776931635371,-3.8215308417905214,True
2851,-191.0076080018074,7.0548280573283435,55.80163331014057,-3.5494021287570945,True
2852,-180.1030365118147,6.600395070200837,57.09468754166407,-3.2700666142672428,True
2853,-181.05920751928386,6.1767585298560554,58.21020254195509,-3.216548953152831,True
2854,-181.62235511165863,5.936360275689884,58.89960881322668,-3.1843796447291473,True
2855,-78.7867569777668,5.7041082739586795,59.56204131081368,-1.4185354194095743,False
2856,-32.42484640649559,5.560720768077616,59.73705952532379,-0.6358794268819062,False
2857,-12.866559758305357,5.423008825041617,59.79813421139563,-0.305855171311709,False
2858,6.505129354423389,5.23432900828043,59.80558075192097,0.021248858888509997,False
2859,-11.394964891773498,5.040090308229783,59.74777426421083,-0.2750739320819846,False
2860,31.97814321554324,4.8436544423936185,59.74723258437459,0.45415473821035146,False
2861,15.234048973882182,4.848957528195796,59.74961536820373,0.17381018072984786,False
2862,-3.724637593692478,4.798132811309983,59.737052237649756,-0.14267142561867016,False
2863,16.391783016121394,4.80778580069856,59.73553417017795,0.19392137990131117,False
2864,-24.52585231041303,5.0278250430982565,59.709554689794075,-0.4949572561217373,False
2865,-26.21062072503264,5.020210355792568,59.713263539249816,-0.5230133010616148,False
2866,-6.410548906651229,4.939046710612254,59.74658028241132,-0.18996226333985958,False
2867,-22.67390004331469,5.064552401445807,59.70016704031382,-0.4646293941862761,False
2868,-14.28311777599447,5.160628591367284,59.64208833024806,-0.32600713542588466,False
2869,25.304058274465888,5.277094084862941,59.58453197726291,0.3361101199426239,False
2870,-21.578289786619052,5.107473873509575,59.486052108727286,-0.44860539091336876,False
2871,-37.42943000403625,4.7371441832123065,59.457191948186306,-0.7091921566695316,False
2872,-38.52473868895777,4.363440209920493,59.524104854270426,-0.7205178306146562,False
2873,-27.789235875034365,3.852188542505568,59.52140391115569,-0.5315974143481115,False
2874,-41.8589916205824,3.4933558273429335,59.529409183998496,-0.7618477668364974,False
2875,-15.876849211192166,2.815406322674987,59.392523426074426,-0.31472405036188283,False
2876,-25.41217175561792,2.165354899751822,58.992184126566805,-0.46747763392185293,False
2877,-53.32844474065291,1.3843970932569898,58.47837218890784,-0.935608153680581,False
2878,-77.69205143639442,0.7340149286704426,58.47563712005398,-1.3411750641391296,False
2879,-4.969827450531739,0.41235542238801975,58.758531025400245,-0.09159832247326159,False
2880,53.301001709175125,0.061018471137861935,58.61214596456806,0.9083438656250814,False
2881,13.07358878148807,-0.189413551658922,58.29147004333833,0.2275290419556457,False
2882,18.78256865127696,-0.5701564435262745,57.99215122716187,0.33371283329353324,False
2883,-8.200867442339586,-0.7684771329529558,57.867787156943365,-0.12843743772730112,False
2884,-6.422272509384129,-0.9185189636435861,57.85410168161643,-0.0951316049470249,False
2885,-15.377446352648803,-0.8448358242800166,57.83907093946217,-0.25125940462597485,False
2886,-14.780334239173044,-0.8591492643799072,57.84238766223391,-0.2406744523771184,False
2887,-16.30636281099919,-0.9537754864392506,57.85213822279027,-0.26537631617757457,False
2888,-14.477480784648606,-1.1265590600520345,57.854398709321615,-0.23076761702555634,False
2889,-20.32367581182723,-1.3521899457702637,57.83197296395081,-0.32804493593678224,False
2890,-37.32715947601503,-1.595070557481898,57.82541584245134,-0.6179305137361615,False
2891,-81.90459446472835,-1.8291335605463246,57.89034298146725,-1.383226575973423,False
2892,-59.25410393040761,-2.016272982789787,58.09894843008851,-0.9851784325579165,False
2893,-3.937999624139138,-2.2325309100528883,58.24466744348461,-0.029281113429672913,False
2894,-19.215851898264873,-2.4136965634332146,58.20208732114204,-0.2886864734270147,False
2895,-7.031598279726495,-2.4977457837771064,58.216177189628546,-0.0778795983319412,False
2896,-7.909850679963711,-2.6278964428424807,58.201637909719494,-0.09075267340954266,False
2897,-6.296743258255674,-2.7373113498070376,58.19414151440774,-0.06116478078068031,False
2898,50.61264012554875,-2.7208909461934603,58.19273727660166,0.9164980643243731,False
2899,66.17095414994355,-2.6192729261483416,58.271290460720834,1.1805166237473599,False
2900,37.60200445198416,-2.4823256829690674,58.40641129313607,0.6863001723179651,False
2901,15.108368936866555,-2.5780827991827224,58.32690013988268,0.30322975665829466,False
2902,-51.50446325563803,-2.6372379875711,58.30375056711869,-0.8381489148251531,False
2903,16.964995566469497,-2.6528708041843534,58.31657393448565,0.33640293054069104,False
2904,56.60306185387367,-2.80296379437244,58.23288168825607,1.0201457308307418,False
2905,33.23562212219235,-2.8914149753352314,58.13059785768549,0.6214805701116869,False
2906,25.900718030279904,-3.084655167650427,57.95491230717009,0.5001366069592742,False
2907,-11.488527534806735,-3.1672782048108266,57.903306144157945,-0.14370939906745664,False
2908,-16.85348940285462,-3.361317652081906,57.876077334923636,-0.23312173823900909,False
2909,-26.478077192527053,-3.5010939257170426,57.880161463139785,-0.3969751065992205,False
2910,-16.30945392168769,-3.575054403408931,57.901659983809616,-0.21993151011282813,False
2911,0.6457782585829364,-3.6230065593892924,57.90889308792693,0.07371553124820826,False
2912,-3.700851119980257,-3.68149644992697,57.8995330253686,-0.0003342802444504471,False
2913,2.561022901850947,-3.736870996330035,57.89504958383292,0.10878121607032282,False
2914,-12.580858198455076,-3.794902470844447,57.883753299523256,-0.1517862133463794,False
2915,-69.8738031829298,-3.872858550164472,57.88673205191527,-1.140173962032835,False
2916,-98.61981320898235,-3.981071882090075,57.99355813792885,-1.6318836844224738,False
2917,-29.387340100961865,-4.217583360752087,58.29903145871071,-0.43173541841832874,False
2918,5.983334791624429,-4.4558739782532895,58.31972771340082,0.17899961435312012,False
2919,42.250582569748076,-4.738650471398391,58.152014339353165,0.8080413649462781,False
2920,48.3317774021923,-4.749275940006171,58.143211405970284,0.9129363868736701,False
2921,23.506238140887035,-5.024144700654008,57.779172412063225,0.4937831687527672,False
2922,11.55638118406523,-5.1388146752959365,57.70281540350524,0.28933069803639067,False
2923,24.193294036102316,-5.011088707149507,57.71595707574367,0.5060018792536939,False
2924,11.105305202382624,-4.712363913823504,57.73658331959291,0.273962680275859,False
2925,-0.23153172985894344,-4.543323510107983,57.74110053972521,0.07467456872046588,False
2926,-23.69456971405134,-4.310610624132145,57.678821763535,-0.33606718197863544,False
2927,37.50225958757392,-4.259463243398335,57.65767050823283,0.724304718918694,False
2928,94.43946296757463,-4.466997578809994,57.44255120089115,1.7218326567788342,False
2929,64.00363319967983,-4.435919081639975,57.49493038124942,1.1903580337865705,False
2930,22.925712475007913,-4.426027347929934,57.50662973738862,0.4756275919462341,False
2931,4.513775534570186,-4.5199202838590615,57.44864342674754,0.1572482008204087,False
2932,-2.166340841996771,-4.605033083229032,57.42445522851019,0.042467834157554105,False
2933,-4.772222545301929,-4.469498111440081,57.40304869102855,-0.005273664740199776,False
2934,-7.7481328158974065,-4.430429308548834,57.40058102327399,-0.05779912760819191,False
2935,9.604005516064149,-4.542408024364015,57.38852111413741,0.24650249328246335,False
2936,23.39944403624827,-4.5333451642662785,57.390646807706226,0.48671326695631223,False
2937,20.445925469908047,-4.497264928684807,57.40638235586935,0.4345020427165554,False
2938,25.521717702698652,-4.490745458515465,57.409169035606276,0.5227817030864844,False
2939,-34.57211283375625,-4.413406883305096,57.440977050161756,-0.5250381783045632,False
2940,-56.33820644293428,-4.417485506924718,57.44310664862848,-0.9038633870135439,False
2941,-55.33012739378216,-4.395432173380626,57.4223306160192,-0.8870189467055906,False
2942,-53.67389520832285,-4.471045910621911,57.48130887509805,-0.8559799743707037,False
2943,-44.27239513882387,-4.625403987334825,57.57890902666087,-0.6885679465224188,False
2944,-41.22531392945052,-4.952947733359832,57.64736608336915,-0.6292111619398861,False
2945,-38.39272564467774,-5.530024620835957,57.52144281623643,-0.571312182290492,False
2946,-52.03176150332092,-6.007469284549829,57.458939449208664,-0.8009944607393019,False
2947,-51.09749214597355,-6.48323645526814,57.50741426938468,-0.775800064348516,False
2948,-35.421338950699464,-6.971133363326475,57.536314338626546,-0.494473897301294,False
2949,-58.35112264466284,-7.379990194116474,57.492704139204236,-0.8865669690389321,False
2950,-40.58160897681728,-7.82691552499218,57.595883990952444,-0.5686985107645961,False
2951,37.18289507839677,-7.970736091531543,57.64761294675376,0.7832697463403121,False
2952,66.06133280991912,-8.019929538476516,57.60526645039568,1.2860154446501442,False
2953,74.60056378322838,-8.135315746082838,57.436094093649764,1.4404858275078745,False
2954,60.18136174399842,-8.15163966467928,57.412039499814405,1.1902207621260101,False
2955,50.20310565580121,-8.261546869614982,57.262361826696456,1.0209961772509217,False
2956,14.410607243657068,-8.342287775789995,57.16967943831351,0.3979888507858016,False
2957,26.267957058656066,-8.490512098018344,57.07759238979236,0.6089687336372398,False
2958,23.873778741037768,-8.40724328439443,57.11826325253379,0.5651611268835314,False
2959,31.067321063661552,-8.299462788743364,57.16223602012185,0.6886851633751222,False
2960,40.63494948442872,-8.256893599184014,57.18902723240746,0.8549165014631872,False
2961,26.632142672815917,-8.17522396862315,57.24932004560612,0.6079961580977856,False
2962,35.78458215306398,-8.237346632247787,57.20557649719233,0.7695391163040263,False
2963,6.587156877082407,-8.1913304593554,57.238044040031106,0.2581934373246933,False
2964,18.19043247207992,-8.138339990410582,57.24763672199009,0.459910207129599,False
2965,59.90655446450114,-7.920747428538386,57.27799694947669,1.1841772671077881,False
2966,28.05190489060874,-7.712500001534981,57.46142104879402,0.6224072471471593,False
2967,28.052432641214182,-7.261354460886601,57.442798653510785,0.614764390487135,False
2968,17.525843674063708,-6.861858471828647,57.45368652582018,0.4244758451649976,False
2969,26.334001277268044,-6.593904769920398,57.461875924614475,0.5730391762772817,False
2970,76.52248070200676,-6.187426855762143,57.451773707093594,1.4396406276235938,False
2971,94.84492621836671,-5.6568660681974166,57.80259190923059,1.7387073653095966,False
2972,111.29483719401946,-5.192455408379491,58.29561812641417,1.9982169560291139,False
2973,79.93597161737671,-4.691112079072906,58.93341214265983,1.4359780066966636,False
2974,-8.789233974355511,-4.199727798604596,59.29387052995096,-0.07740270848793097,False
2975,25.369423956585024,-3.9836211059962574,59.21002990672434,0.4957444728337779,False
2976,55.29816078568706,-4.06775738723933,59.15788411192095,1.0035165906307917,False
2977,25.12801575111166,-4.1002144982355535,59.1235941287445,0.4943581438182077,False
2978,13.132395277511932,-4.182910684501967,59.07261341368152,0.2931190100014025,False
2979,90.37005344270483,-4.3100882587370615,59.01180601292677,1.6044271154945138,False
2980,85.04949801844964,-3.9034837921377283,59.4284563960281,1.4968078796765205,False
2981,89.28454584045403,-3.3906318197409497,59.82316552273693,1.5491520191283095,False
2982,94.00361636050343,-2.986254586351079,60.21968854875555,1.6106006737037304,False
2983,93.79153601009853,-2.6220142225537457,60.62123027360654,1.5904254961092252,False
2984,112.47699854999189,-2.3531638831374373,60.9491350942691,1.8840326816044766,False
2985,83.36235472610599,-1.9799741974253215,61.460064171660896,1.3885818388533748,False
2986,75.99782120735051,-1.874884511833479,61.591448334764856,1.264342823957093,False
2987,38.46284108224518,-1.8255824631482898,61.650772975921605,0.6534942158978048,False
2988,-0.8099463933169773,-2.0182159217743467,61.47271201191401,0.01965538023152769,False
2989,32.15478888244638,-2.378459113257218,61.28584858389048,0.5634783362497321,False
2990,-29.93348658455011,-2.6486467798877493,61.03090586901932,-0.44706594824627643,False
2991,-54.0072074120701,-3.1383342703570727,60.917039889272374,-0.8350516248684492,False
2992,-56.832482581311524,-3.948361890595459,60.6814398640448,-0.8715040514727662,False
2993,-50.85766719231606,-4.755426747656561,60.476211822779206,-0.7623202422095897,False
2994,-15.150362806463363,-5.171445010555482,60.55193193975157,-0.16479932970325012,False
2995,39.798351685541775,-5.231076790051748,60.55682583676658,0.743589642511518,False
2996,78.20924702963225,-5.079506905950234,60.63790353839062,1.3735427690512312,False
2997,17.612093201565813,-4.647117603865108,60.972349862894994,0.36507057470286,False
2998,-52.19423329682354,-4.485847161017732,60.99531331563562,-0.7821647851684398,False
2999,-17.8960984201849,-4.604963973030716,61.06922120079947,-0.2176404772455193,False
3000,33.3161417859792,-5.0863129141820895,60.851709199947535,0.631082597433342,False
3001,13.207486649358316,-5.362873079618656,60.568627903867636,0.3066003040130145,False
3002,2.773932574635637,-5.526766568629501,60.48031423250518,0.13724629656113663,False
3003,15.654741599285444,-5.564472464557794,60.473109551542905,0.35088676969318927,False
3004,-3.496649332183779,-5.367710344733463,60.4881408666048,0.030932691693665318,False
3005,-10.714618968540435,-5.2758938561265545,60.479150002036214,-0.08992727431239972,False
3006,-1.4531989882887046,-5.177164552617665,60.456513657815506,0.06159742497568821,False
3007,4.999494573846505,-5.10826347996375,60.45410804317262,0.1671972076172543,False
3008,9.52793403595092,-5.0700556375626,60.45848166713869,0.24145478468818446,False
3009,28.05857716611922,-5.089268048311509,60.453295751770085,0.5483215563720553,False
3010,25.790870511424487,-5.035437037798821,60.478909085664434,0.5097034324074836,False
3011,-24.76096520509418,-4.977253655478363,60.50397953270994,-0.3269819886627499,False
3012,2.1648329831241426,-4.924717788032873,60.48281695683599,0.117215948725016,False
3013,28.01156966577173,-4.469386817094742,60.24465153119767,0.5391508732695752,False
3014,-19.37538336696639,-3.6663157665916914,59.76834284567545,-0.26283257745553057,False
3015,-25.545014122277507,-2.9420747701568875,58.823368794884445,-0.38425101817844676,False
3016,31.279778378784613,-1.985622161067818,57.10661348112609,0.5825139771393859,False
3017,-0.4543932712019796,-0.6362410512149422,55.15356276696097,0.0032971175548770935,False
3018,55.182206438398225,0.5534189856587145,52.931411568798126,1.032067459257821,False
3019,101.2383986232876,2.0808683554581657,50.72439106563237,1.9548293865081465,False
3020,120.91301658348448,3.8204279187027788,49.04633270491041,2.387387235846456,False
3021,94.0840606313468,5.612190139508131,47.76872451074471,1.8520877707743384,False
3022,-12.38200930965536,7.249947688023789,46.014809326043824,-0.4266443191924235,False
3023,-2.222282406163231,8.25733069875,43.646768318252626,-0.24010055059519184,False
3024,67.78994222125402,8.713071618819068,43.12910570649738,1.3697680402757586,False
3025,40.9233651902498,9.309588217793769,43.249586777015395,0.7309613646819139,False
3026,27.360702383494527,9.629766342487548,43.28352394380586,0.4096463140114631,False
3027,24.208523410713497,9.753906658136783,43.304411208775385,0.3337908621569613,False
3028,3.729990492689467,9.965832183746825,43.287407755564885,-0.1440567133580712,False
3029,18.4400585084079,9.797688417539362,43.25624381614587,0.19979474240994266,False
3030,31.02864448358423,9.816771807625823,43.259363627266865,0.4903417641259134,False
3031,55.19977299426205,10.023636581895326,43.27731209650553,1.0438757451393224,False
3032,65.47628356742268,10.254636522241404,43.41486019583525,1.271952663122445,False
3033,64.40200951377165,10.790363521514234,43.53823398241511,1.2313693296313053,False
3034,53.8293554580689,11.32972441579283,43.638262512192426,0.973907497586591,False
3035,-8.31934745323963,11.688295275106642,43.73899584899998,-0.45743260310361494,False
3036,-40.80447051815986,11.773739040523756,43.68545561272001,-1.2035632642772365,False
3037,-26.29261055122015,11.615873845629913,43.82786824946945,-0.864940183288722,False
3038,-41.65648617401712,11.308750816905592,43.912074653667844,-1.2061656710291342,False
3039,-37.3193563063503,11.18923774317108,44.02928390293618,-1.101734794425909,False
3040,-15.226962037181693,11.189892943752543,44.02855688834453,-0.5999936597496668,False
3041,-3.3478236614764683,11.3285701857274,43.90755687527836,-0.3342566722373761,False
3042,-1.6367808060049356,11.474054782236674,43.81756687837852,-0.29921413995059276,False
3043,7.44874743677974,11.713472703752016,43.633913303915996,-0.09773877573775926,False
3044,2.5966083712398813,11.852315540942325,43.58267623970496,-0.21237124399603188,False
3045,-26.552640813767994,12.01903447026886,43.49275189802841,-0.8868529490723113,False
3046,-47.6303214547454,12.178414255547937,43.30048641516501,-1.3812485877605911,False
3047,-2.6610693380355315,12.357353124486323,42.9878599855226,-0.34936427325248903,False
3048,60.27643224590429,12.3710957322988,42.98265628661885,1.114527129132295,False
3049,84.01035707652568,12.412616152160282,43.02577797597684,1.664066155046436,False
3050,101.47490628742571,12.834858820583127,43.378930656150544,2.0433894087768305,False
3051,81.25233241299384,13.327075116036394,43.91268974861987,1.5468252499630193,False
3052,99.32605660834906,13.859534638984806,44.19153464738602,1.9340021262289357,False
3053,59.542481939756726,14.488988978971314,44.65164772168368,1.008999561261579,False
3054,39.18653794806005,14.934940933092776,44.725639552318135,0.5422303014046069,False
3055,32.52587295094736,15.25617231515964,44.70473589414803,0.38630584188393274,False
3056,30.594381128328905,15.546840385171228,44.65701590833184,0.33695804426444437,False
3057,39.53726592178339,15.815125277510376,44.6109242001018,0.5317563146162948,False
3058,39.65291869729754,16.17144040687711,44.55957922626519,0.5269681334104589,False
3059,21.03372655484668,16.62965515790873,44.40166926942207,0.0991870681756302,False
3060,48.61073129358897,17.24238325921572,43.7391012503422,0.717169469368734,False
3061,106.46026468434343,17.88443584983475,43.39984030755857,2.0409252247659126,False
3062,73.06729748881457,18.54156837548048,43.90034425137194,1.2420342036755234,False
3063,83.25801089213496,19.09087283611786,44.002303862110125,1.458267691098572,False
3064,64.79887796899084,19.628310985950367,44.232129343982635,1.0212161985637145,False
3065,61.6080224161326,20.061101037432238,44.31669733256056,0.9375003978054751,False
3066,81.42505764682892,20.46529607120836,44.38447276527986,1.3734479149498169,False
3067,107.1464912571787,20.648703318358837,44.57305626217449,1.9405846309942956,False
3068,103.90188053551901,20.892605324949525,44.93428831747267,1.8473481681536141,False
3069,52.083933420306494,21.287247444494376,45.37094255625638,0.6787755387190085,False
3070,-54.04701488630167,21.507340090229135,45.43043407546783,-1.6630779897683108,False
3071,1.3244278405845762,21.492205854332326,45.45531881792809,-0.4436835674727102,False
3072,69.54780409471391,21.399107236916343,45.48065661065631,1.0586631866373741,False
3073,66.89057979680297,21.476159274064205,45.55156531668627,0.9969892408088714,False
3074,36.89715582207441,21.676486403079743,45.67742106510576,0.33322085757206105,False
3075,41.11855752128349,21.741941389935665,45.69138728735412,0.42407589880096813,False
3076,29.731207316815926,22.055078800983818,45.64252505557215,0.16817931318405416,False
3077,26.06809036511777,22.33236866241043,45.54613535280026,0.08202060775893379,False
3078,38.40463772977,22.645143469301175,45.389088699475394,0.3472088713834648,False
3079,31.494497482216275,22.970822586274135,45.304119854044885,0.18814348283120041,False
3080,34.29934116373647,23.154445914986237,45.27559969515124,0.24615676708405454,False
3081,39.795939111346115,23.38063753572265,45.23553491107228,0.36288509924540546,False
3082,23.306597626179382,23.602273941731546,45.224132943408755,-0.0065380206608307775,False
3083,-25.320267757344254,23.815889750211515,45.13687166814749,-1.0886035228318784,False
3084,-24.869870312154262,24.081089365839997,44.711992360288804,-1.0948060485327493,False
3085,30.565279452091545,24.520077121178264,43.853895094407136,0.13784869777016112,False
3086,55.402806191432546,24.8769379518512,43.65608292799764,0.6992351624841818,False
3087,99.9998433454873,25.17110147208815,43.69449397894043,1.7125439628495205,False
3088,81.8290130387486,25.51484707194374,44.055330695019656,1.2782599762251026,False
3089,33.39749077214583,25.714235379304196,44.234652278263,0.17369313416344412,False
3090,6.694516428798579,25.773111883061695,44.23827832725863,-0.43126894118994946,False
3091,11.949630777990933,25.744172211899386,44.249223184432324,-0.31174652211209036,False
3092,3.189649265760181,25.671293263934437,44.261873707200415,-0.5079234590675947,False
3093,-3.034792159563267,25.62417626431169,44.28168082364682,-0.6471969421849679,False
3094,-28.741448752963606,25.607490190325354,44.2920089781532,-1.227059693094894,False
3095,25.712989600664514,25.577449243665157,44.32734563381954,0.00305771426331349,False
3096,71.69016998063921,25.507275017552605,44.31768522197912,1.0420872555000336,False
3097,38.08678107946503,25.37186255929704,44.14020184963009,0.28805755269273975,False
3098,1.2233259031891066,25.217595582390995,44.04957375823958,-0.5447105983565551,False
3099,-10.532017259091162,25.088414709939695,44.088140833460244,-0.8079368123864524,False
3100,-13.2052248610496,24.99885641950123,44.145429707650116,-0.865414189725971,False
3101,-2.265784134632213,24.933148776530683,44.19429377270551,-0.6154399264993123,False
3102,8.689866074663314,24.948068052784667,44.184627682676755,-0.36796059694977634,False
3103,11.280819975131863,25.0459132842761,44.12995643773448,-0.31192175157857244,False
3104,2.114470496785543,25.055894322722935,44.126632470334954,-0.5198997190950441,False
3105,15.170945080071647,24.9291980516547,44.161959483977036,-0.2209651266747702,False
3106,2.9021759717345503,24.89779935885806,44.16704106690084,-0.49800989280233254,False
3107,-38.20676894923736,24.763159229507078,44.199592754860404,-1.4246721350576235,False
3108,-78.9533376866965,24.74152437167684,44.2296894527782,-2.34446281087013,False
3109,-71.49143418125504,24.606910495225872,44.51145206981865,-2.158957755989299,False
3110,-68.48189865780478,24.51071224053853,44.702301455128996,-2.0802645025264948,False
3111,-55.779770909535955,24.42256936286304,44.87166522355124,-1.7873716046157382,False
3112,-18.554580389767807,24.35407307851356,44.98579335252417,-0.9538267588621676,False
3113,-31.841983559364053,24.489017921011676,44.82159879775451,-1.2567825109174335,False
3114,-5.416455248540615,24.52801043342426,44.76938630435399,-0.6688603117852581,False
3115,2.7933839540899044,24.805482494464616,44.435251661191764,-0.49537467927967943,False
3116,-7.63783293938036,25.126261518869757,44.077101705371774,-0.7433359542843326,False
3117,-13.840787375771924,25.29163953084189,43.90033340512754,-0.8913924763506048,False
3118,-16.851378400433077,25.55658200268053,43.52522849514337,-0.9743305634304843,False
3119,10.468913365280514,25.697833375159007,43.347449072979146,-0.3513221731742346,False
3120,71.5194049633385,25.538821579247603,43.354063101245856,1.060583024864619,False
3121,61.49568693013771,25.571310103970333,43.386644396412535,0.828005422542837,False
3122,50.456350553423135,25.493304884606705,43.3096788553191,0.5763849173809005,False
3123,28.35671856166732,25.435417913234225,43.26951829109403,0.06751405524739512,False
3124,34.347366468822884,25.305379894816767,43.22744521958302,0.20917235631380526,False
3125,-38.04946157237282,25.424051080680847,43.22472283441039,-1.468453896077353,False
3126,-34.098343576044044,25.0412093031152,43.50114969524655,-1.35949402012291,False
3127,-43.06795516801185,24.696137146465897,43.739742913849675,-1.5492567582746595,False
3128,-44.16401778236934,24.254855740324988,44.04796236643961,-1.5532812381537777,False
3129,-41.69848004361393,23.750099982784523,44.34400573943493,-1.4759284583123558,False
3130,-47.277331692713574,23.34337008566292,44.62986094348657,-1.5823643696269034,False
3131,-60.745564837583856,22.848953931819008,44.950146841455584,-1.8597162555274958,False
3132,-49.85946461877825,22.448163921612657,45.39399926848343,-1.5928895824473728,False
3133,-0.8182396171150685,22.04310501035755,45.73455264043456,-0.49987030172151686,False
3134,-9.127069754719741,21.681647902728884,45.67343630005616,-0.6745434579313828,False
3135,-24.09566017411362,21.46034448222097,45.732419737470465,-0.9961424503197384,False
3136,-18.784227296036534,21.14993916784402,45.864194271509476,-0.8707046334985413,False
3137,-20.431940078866546,20.933807793021998,45.9668141578706,-0.8999046079160514,False
3138,-0.1873514648973469,20.65543909447358,46.07539132182767,-0.4523627463907594,False
3139,40.813668457281665,20.19883295062296,45.898190568186685,0.4491426623024094,False
3140,58.346599068045634,19.87721832109269,45.56006010568985,0.8443663300204607,False
3141,20.741277326542104,19.56205023700951,45.104742401801055,0.026144192977045025,False
3142,-57.94822275395404,19.209700866230737,44.8608382775841,-1.7199394077916454,False
3143,-31.207778117626958,18.91708783778075,45.20357503323659,-1.1088695068598593,False
3144,9.11425295430422,18.580318777815197,45.365677877503906,-0.20866139924264293,False
3145,-5.924000544995124,18.30541456453315,45.28169846957055,-0.535081852678528,False
3146,-14.266154363679789,18.120581134199185,45.317043979996804,-0.7146700811327116,False
3147,-13.21917255561948,17.957494529192093,45.38435376549351,-0.6869474719394533,False
3148,-31.686598702561923,17.34089199348778,45.097435442539876,-1.087145870157456,False
3149,25.473240039950724,16.646034274910328,44.94701902285118,0.1963913504598074,False
3150,30.34407655550831,16.26620507371686,44.5977694376312,0.31566312977780153,False
3151,45.73124859788413,15.887279241544272,44.202003137569804,0.6751723279023473,False
3152,63.06627273164406,15.601206102185849,43.848903134356775,1.0824687332319627,False
3153,59.244529026567875,15.3070946389814,43.3581916124261,1.0133594772664452,False
3154,73.4976404110015,15.163536152674624,43.17103511953348,1.3512324663239914,False
3155,49.099579140025526,15.14865412412493,43.15036458193539,0.7868050558746361,False
3156,19.82397138150941,15.211968041135528,43.192560934668606,0.1067777237693736,False
3157,28.669825456523768,15.334788980271396,43.17606254990916,0.3088525374641979,False
3158,5.527584447437448,15.314045150355193,43.168769588563286,-0.22670233124991532,False
3159,-11.768084569752318,15.52512295411702,43.0326833151202,-0.634243682272991,False
3160,-0.7461639630139416,15.776546304368914,42.74644156286601,-0.3865283205640255,False
3161,-13.071628564953926,16.110393439001637,42.393532376742456,-0.6883602372319683,False
3162,23.740408623772737,16.33531033559308,42.13556007669265,0.17574462697781487,False
3163,62.79433038400407,16.566803022677817,42.06832128977642,1.098867887855573,False
3164,63.34582976658953,16.7036838482639,42.18162342877132,1.1057456334530709,False
3165,27.32579545059798,16.61521112646008,42.06728021238927,0.25460605653758234,False
3166,-50.621762671726856,16.673030782704316,42.07533334915288,-1.5993882424174792,False
3167,-41.89246608754979,16.68239072690132,42.060093764713066,-1.3926468433979895,False
3168,6.450771042072802,16.539555205071768,42.218671750959444,-0.23896498266243282,False
3169,0.22436940021520968,16.379642283977084,42.20562343027087,-0.3827753642936342,False
3170,-5.124533770841481,16.30236182416076,42.22334919895386,-0.5074655611529063,False
3171,-23.44946725434079,16.25534714353292,42.242895831057865,-0.9399169639473886,False
3172,-3.48556656947153,16.022583995594665,42.35381374629536,-0.46059962113264363,False
3173,15.0865803761601,16.022649964420335,42.35378317038638,-0.022101203675111876,False
3174,21.924041826063558,16.176228531948315,42.302999187428284,0.13587247723616233,False
3175,22.01511650195721,16.31537877489089,42.283105749622955,0.13479941045052363,False
3176,43.62145246360308,16.41666223874869,42.276216519146814,0.6435010619394806,False
3177,38.73139074742198,16.619599848437094,42.324752024542285,0.5224316703890721,False
3178,52.70087387795445,16.683128500706754,42.3500268247153,0.8504775103525527,False
3179,12.946777850317858,16.843307092174193,42.43548492127492,-0.09182242760003952,False
3180,4.509855101501898,17.067757943694502,42.313660361031395,-0.2967812932052023,False
3181,32.56402178041935,17.081716408684848,42.309101276963034,0.3659332130546695,False
3182,-15.148779554647035,17.108814337938703,42.31760050727024,-0.7622736994987186,False
3183,5.499764451241617,17.13397269396441,42.29703168807534,-0.27505968571318884,False
3184,-16.3246079033554,17.318763042616315,42.17710142120497,-0.7976691098325964,False
3185,-7.194447037947157,17.035403600460718,42.242605134253324,-0.5735879821190426,False
3186,13.129002595049087,16.995284232801517,42.2625112570693,-0.09148253434906124,False
3187,56.34536877257824,16.744967543257776,42.15939221206123,0.939301995392413,False
3188,72.35083834558736,16.477747127479745,41.76102904128545,1.3379241963331607,False
3189,24.25685028757448,16.18868654273036,41.19809684607369,0.19583826347582953,False
3190,-27.68775697292085,15.773048385922188,40.757400767518654,-1.0663291706638673,False
3191,-12.059252118015138,15.681942745069415,40.837740461473516,-0.6793028837933799,False
3192,53.12375289872284,15.62338935392744,40.87060429278647,0.9175387590590164,False
3193,44.56574908245216,15.536090607959993,40.77405972041367,0.7119638974766688,False
3194,66.75939607490295,15.557771464461197,40.78860556125111,1.2552923520161459,False
3195,46.884383670562556,15.792287498338629,40.96973360335696,0.7589040356776037,False
3196,60.86065216602083,15.927262857028206,41.034928139680055,1.0950034847396948,False
3197,42.92504784337871,16.267326319369463,41.169746293729794,0.6475075492041409,False
3198,19.62199368554957,16.413070303506196,41.22079168873036,0.0778472040584481,False
3199,8.555063491469582,16.34517357256551,41.2059650767087,-0.18905297003950572,False
3200,20.454256390178216,16.06752649219175,41.099603369535785,0.1067341175666439,False
3201,11.6032002020537,15.79953823518434,40.92190445095351,-0.10254503277480925,False
3202,11.774568362903437,15.485259608328874,40.74878445498602,-0.09106262419985872,False
3203,19.115503890305718,15.234933494667178,40.64085181863641,0.09548447490608578,False
3204,-2.97477937644112,15.3982361812359,40.60073892380886,-0.4525290929348781,False
3205,45.557769434612965,15.623412914222323,40.39153030383393,0.7411047884350472,False
3206,-0.9522128779292416,16.051093747471327,40.325385307597614,-0.4216526759930801,False
3207,27.427651317429536,16.293381088519467,40.09822628568554,0.2776748814170076,False
3208,18.408393472087255,16.67877994342292,39.89046435062041,0.04335907232018556,False
3209,23.8544027545272,16.878990392882855,39.81370453141973,0.17520128919778283,False
3210,59.12714221335045,17.040908407263828,39.78625648743142,1.0578083368909506,False
3211,91.36049054304954,17.40259842523618,39.89150207252651,1.8539761171026086,False
3212,92.08154865583788,17.902073086583027,40.289462556562235,1.8411631941010518,False
3213,65.42848444116726,18.434721540658014,40.675573874815356,1.1553312817451322,False
3214,-26.293967624205152,18.98222823860406,40.685450067045,-1.1128350746568905,False
3215,-4.487991147851972,19.109230344738226,40.5091893802326,-0.5825152725496159,False
3216,47.92752043849828,19.098355810155983,40.51531327971609,0.7115621796950428,False
3217,45.7727901098192,19.02485038273095,40.4513096046279,0.6612379175982995,False
3218,45.18985186974396,18.797245817452936,40.19020228656206,0.6566925407368656,False
3219,32.316280567681815,18.462215731633403,39.72881584566093,0.3487157757197919,False
3220,18.92656917359227,18.170929708744637,39.44406659013912,0.019157240370254826,False
3221,12.909609129112823,17.6923613311568,38.938019435129206,-0.12282987864886268,False
3222,31.433881555545213,17.414784707283918,38.8038812673731,0.3612807891990116,False
3223,2.206977638608123,17.36863794304276,38.78243851544596,-0.39094138699907105,False
3224,26.47762483486531,17.18816832808836,38.7820264595672,0.23952994092409835,False
3225,26.541256479281174,17.163663826341555,38.77480491195509,0.2418475779370926,False
3226,24.1644185386956,17.08630662727904,38.74285204799165,0.1826946530071855,False
3227,-12.380652236670358,16.994113173954027,38.70724246496106,-0.7588958432576355,False
3228,-23.46326416302327,16.79521806209976,38.77215540655892,-1.0383349030503646,False
3229,46.65074093828207,16.36620618438183,38.81673228110145,0.7801927924944045,False
3230,8.611080448579742,16.0101971144648,38.25570167417622,-0.1934121279202595,False
3231,61.83797089417567,15.626529155891971,38.00242578977699,1.2160129459608078,False
3232,74.2426734798612,15.499028917808882,37.809603227748795,1.5536699554397821,False
3233,107.07630042666779,15.555241986325969,37.890272389100964,2.415423607951354,False
3234,161.95097904803742,15.825886498293439,38.38040665301606,3.8072835931836324,True
3235,197.5717323346139,16.305207459014916,39.68521205563231,4.567608826720954,True
3236,200.52849279752968,16.8434529416187,41.49653506610457,4.42651511899242,True
3237,109.4759824291707,17.41861134794019,43.33915634910188,2.124115438235526,False
3238,35.99311903511898,17.760230687278668,43.83737241498794,0.4159211043772895,False
3239,151.67582554786213,18.29618386538236,43.50334436772353,3.065962941953452,True
3240,211.58328472768676,19.191132661259015,44.682638304492116,4.305747363335209,True
3241,201.97890224690445,20.036581950740995,46.928454636913216,3.8770149518848718,True
3242,214.04313029919876,20.840679108182076,48.853920244526606,3.9546969869355015,True
3243,156.3187491948545,21.895119432450674,51.06426673016662,2.632440224251609,False
3244,127.94521800675989,22.58083485907907,52.08719005030018,2.0228463667541154,False
3245,124.12189104986805,23.165442065566832,52.71529537133284,1.9151263077092127,False
3246,124.9655380889833,23.749095641071296,53.28733797704408,1.8994464030369755,False
3247,135.36712555561076,24.264339095590426,53.845455736520236,2.0633642141256088,False
3248,129.53125936170818,24.88262854840825,54.521102814299326,1.919415151409109,False
3249,142.59429313108922,25.44948520434856,55.111462314859594,2.1255978884660283,False
3250,138.97467790786027,26.06138016875179,55.837597114060095,2.0221732949657416,False
3251,102.83446723973748,26.749880646618937,56.51246523755692,1.3463328183134087,False
3252,64.62253387386204,27.512706450172995,56.67011440158863,0.6548394654846285,False
3253,120.81681518742425,28.04539933223262,56.59533553105463,1.6392060402979094,False
3254,107.40878330803503,28.58261085446674,57.04594462464914,1.381801510558352,False
3255,127.72024546299576,28.892170242065568,57.332739804511554,1.723763342863188,False
3256,133.2754991207421,29.057172635622162,57.57797645734788,1.8100380196987627,False
3257,126.52029137232898,29.36340171944355,57.99561935261774,1.6752453157222829,False
3258,98.89737233092183,29.917704103968454,58.47742337505488,1.1795948632096966,False
3259,93.62039402807955,30.466530627195382,58.69044874583104,1.0760501027072173,False
3260,-51.97860947806839,30.95266612273162,58.87410790258445,-1.4086205049258929,False
3261,0.07705158838030002,30.62428363020883,59.18293532164487,-0.5161493237165704,False
3262,1.8753240796206683,30.642806509660875,59.17282383800168,-0.4861603784331363,False
3263,67.80660406179436,30.825049205092927,59.0358235458437,0.6264256621741504,False
3264,128.35301843880416,31.07560643402822,59.103284633524986,1.6458884241028722,False
3265,104.2974673106969,31.412885293898245,59.49680962764909,1.2250166432945686,False
3266,82.276922516799,31.806996521465106,59.75999284894296,0.8445437087468898,False
3267,68.98574970002187,32.289458406069926,59.83873656347004,0.613253109965461,False
3268,75.38359489567279,32.76277844749322,59.81247768908926,0.7125739995210778,False
3269,52.378418258088686,33.29009285080704,59.795293903215345,0.31922788837158333,False
3270,74.2096513705551,33.61535596028752,59.749329559126494,0.6794100571471088,False
3271,56.420309358537224,34.00535468228688,59.7994713924857,0.3748353313883469,False
3272,82.4013962667168,34.27404211909286,59.798164480513634,0.804829957001559,False
3273,77.44242540006621,34.751940486771026,59.86039920081867,0.7131673941912392,False
3274,91.02401183567031,35.12260406010433,59.9311798377311,0.9327600078443962,False
3275,38.79728418014656,35.64713879738966,60.033035981898784,0.052473531135535746,False
3276,1.5887555009185235,36.10549625649314,59.759119850261506,-0.5775978769778278,False
3277,14.827907186597486,36.58491347784799,59.150508754040054,-0.3678244997303506,False
3278,17.52064156095389,37.09871908122806,58.57822588953739,-0.3342210731542656,False
3279,35.0166296293437,37.61063896348258,58.02318530207586,-0.044706427622581375,False
3280,7.905628675121079,38.15109372859496,57.56917860538507,-0.5253760047680217,False
3281,34.54595148231988,38.30859497302882,57.449181473930835,-0.06549516275382171,False
3282,25.41511208041925,38.70376125303884,57.191506793367324,-0.23235354194516025,False
3283,32.58701662822364,38.88728248713979,57.09847400237575,-0.11034035443143392,False
3284,21.486988931894302,39.06462553877154,57.03192758628637,-0.3082069526807274,False
3285,1.5174337762534833,39.23798757371961,56.93329494104917,-0.6625394479016782,False
3286,-33.52588495513214,39.32940555676738,56.85983880840532,-1.2813137011765439,False
3287,8.00002064053433,39.230152541560834,56.9729345265468,-0.5481573340140077,False
3288,52.96324132175437,39.21545675153258,56.980715606815785,0.2412708303820835,False
3289,103.98473738055827,39.10500339652315,56.93568873022006,1.139526638405246,False
3290,116.8905014695465,39.35791441110899,57.12978312221188,1.357130778749501,False
3291,120.56304253919711,39.75335578560972,57.436165031089025,1.4069478125819639,False
3292,106.5168847850025,40.302202952142636,57.76621243174349,1.146252784204938,False
3293,100.32810422201169,40.73178341831038,57.989577645125074,1.0277074471624696,False
3294,93.79447633489985,41.555459405181715,57.84645041588472,0.9030634819275485,False
3295,76.12108867017037,42.316726190365905,57.686195866534106,0.5860043632971752,False
3296,68.78739086535575,43.02618478464079,57.36181326649116,0.4491002744462366,False
3297,89.66678806461096,43.69851459802011,56.99451756695743,0.8065385133330956,False
3298,110.00765346758362,44.480450717711925,56.71635205931164,1.1553493899139708,False
3299,107.62093905138363,45.4166708674756,56.49033709844995,1.1011488225942072,False
3300,105.87988980435148,46.41885243824326,56.087700459906046,1.060143968794256,False
3301,147.64675124782934,47.34587240504761,55.77303025823911,1.798375996039138,False
3302,117.87498252734531,48.22959258876752,56.18002735538682,1.2396823785437308,False
3303,120.41414147554633,48.98555718568458,56.25803089279742,1.2696602272833297,False
3304,62.791163880372096,49.845734576456344,56.23870228142414,0.23018719811733063,False
3305,84.23894848158352,50.33130238107783,55.994231151615665,0.6055560618145448,False
3306,130.454521349287,50.95434338441384,55.78407810224056,1.4251410199728667,False
3307,133.68405348222268,51.73197357973637,55.97713375232723,1.4640277986558963,False
3308,123.3736160844328,52.284773490599115,56.32614565547317,1.262093149931803,False
3309,79.91056419537676,52.67183906807761,56.590857494996335,0.48132730856229833,False
3310,38.15176979686635,53.024037204201626,56.57506530848179,-0.2628767165577733,False
3311,99.73174603797202,53.596060969385086,55.92845187824845,0.824905455438324,False
3312,121.74482693045138,54.37546289888269,55.651254464567586,1.2105632600692204,False
3313,101.7025175842166,55.04588298207405,55.78100458485485,0.8364251405900698,False
3314,105.34399676109547,55.686517018557446,55.694552166478985,0.8916038968067238,False
3315,105.71417611427319,56.398482203823974,55.559312609644216,0.887622463167206,False
3316,73.8084101246061,57.10641880304952,55.42449348782857,0.30134675610927136,False
3317,76.93231674352887,57.73436528416362,55.008521344595245,0.34899959115609835,False
3318,92.78036585025802,58.04066931216111,54.9710630596359,0.631963338609792,False
3319,105.48746953280556,58.41231389129652,54.99374539281954,0.856009266240222,False
3320,121.68127067897922,58.76800568257582,55.10437105496067,1.1417109712341005,False
3321,126.5597972747862,59.11690447988138,55.31690240840461,1.2192094976138403,False
3322,128.45766384454964,59.51759060040649,55.561091358433586,1.2407976797899736,False
3323,49.59852964090692,59.84473359703476,55.805164479978465,-0.18360673338403888,False
3324,12.514700890427775,59.84770354049239,55.80460247420657,-0.8481917360121397,False
3325,82.98320361263745,59.80419597804546,55.838832278359625,0.4151055222473739,False
3326,106.69134405654086,60.127489895641375,55.81471781024098,0.8342576293085884,False
3327,54.763624815416506,60.72965513140986,55.767821752696015,-0.10697979817913421,False
3328,39.40434816218021,61.125677211083485,55.48542796872926,-0.39147808432053693,False
3329,40.98639369111652,61.36466835468582,55.30350442634295,-0.3684807115742639,False
3330,100.85397000376588,61.686442296686245,55.024375481611266,0.7118213948683366,False
3331,134.28900646183502,62.14545159061477,55.02757472810896,1.3110436945055508,False
3332,126.86031354805823,62.5710151386971,55.308363688119556,1.162379324253462,False
3333,89.85021909644001,62.94907754215823,55.53032412055913,0.4844405643280247,False
3334,12.249468514770115,63.32124673052633,55.499657727486635,-0.9202178951540186,False
3335,37.0033090866923,63.69548024949357,54.93584684924905,-0.48587894232427115,False
3336,77.11047026930441,64.16509795886407,54.362048704243584,0.23813253214332616,False
3337,74.73664804646364,64.5856914066452,54.18590315347493,0.18733574692050634,False
3338,69.80180292177192,65.02921687477763,53.96041656611837,0.08844605640036864,False
3339,37.611277784049435,65.47520697413843,53.68605497487184,-0.5190161430772091,False
3340,49.84325513589988,65.83866378984314,53.28562484992622,-0.3001824356755273,False
3341,39.2791958757698,66.1560972523751,53.028397716064504,-0.5068397789523098,False
3342,56.31898124231088,66.30010091606326,52.921624316638166,-0.18860191467355217,False
3343,77.4273468113422,66.50483269830282,52.81534695104169,0.20680568705085361,False
3344,37.71433993797905,66.83466740252535,52.7087611867201,-0.552476036410492,False
3345,70.5140400601565,66.79950601844426,52.726306532685825,0.0704493503524573,False
3346,83.62909496063571,66.98868845482959,52.68199443832204,0.315865158166858,False
3347,90.77242558280841,67.17278500889317,52.6858058780501,0.4479316616801964,False
3348,78.40474093244075,67.63603291206275,52.54812747935773,0.20493038547583314,False
3349,54.369168934392974,68.0758834229612,52.325363962684314,-0.2619516320678272,False
3350,-2.8273107787190384,68.20567596554437,52.26375713618975,-1.3591251497508015,False
3351,6.2330362208961105,68.27901804159157,52.154616288704695,-1.189654650649457,False
3352,6.5799191544949736,68.28338275450616,52.14936137966718,-1.1832065046930589,False
3353,6.540714823812095,68.41971922508863,51.95642558395449,-1.1909788578755962,False
3354,38.02827615521551,68.50147614093243,51.84742140335399,-0.5877476480198804,False
3355,73.39721701009876,68.64968610260009,51.7236274611154,0.09178650339378755,False
3356,1.1860063960969,68.75118519925199,51.716067852543375,-1.3064639600172592,False
3357,-48.43008980067384,68.32758500907644,51.97719905611666,-2.246324868019418,False
3358,-73.00012237604847,67.8949246514083,52.64448360576744,-2.6763496833317038,False
3359,-46.40360286909345,67.6252081906754,53.24971676274731,-2.1413975133017358,False
3360,-3.407685658711216,67.42077753144278,53.62208832434097,-1.3208822222987247,False
3361,-20.912871666222827,67.08428087336283,53.88905653297522,-1.6329317713279945,False
3362,-14.535759530067253,66.69452717843023,54.288207009273656,-1.4962786797254424,False
3363,-35.586901854890584,66.21062744268637,54.64874169259421,-1.862760717716071,False
3364,-75.83527402090431,65.71972693360628,55.19110716737385,-2.5648153881970073,False
3365,-44.85103598111277,64.90606070630317,56.26044657003059,-1.9508749641863403,False
3366,20.071637201303247,64.38358401687167,56.870075429276675,-0.7791786186511133,False
3367,29.2482401199818,64.3862604663702,56.86796676294721,-0.6178877555594772,False
3368,23.978725718557826,64.50943413677801,56.76863811010084,-0.7139630219701988,False
3369,47.8692416930794,64.53041312087551,56.75290898498246,-0.29357387534451956,False
3370,87.66080801369549,64.74628241546495,56.619200384296235,0.4047129850421918,False
3371,58.33536551944621,65.19798622291015,56.49664015237055,-0.12146953668316472,False
3372,38.72475616838324,65.43143778022645,56.38600352126864,-0.4736402643214379,False
3373,86.19019325543036,65.67964930132659,56.17445978355358,0.36512222873407535,False
3374,52.81924079943906,65.9215089669267,56.17477770898279,-0.23324112176046014,False
3375,38.79849046724439,66.2415771435777,55.944182398406504,-0.4905440655276247,False
3376,23.794314578461808,66.30926070994565,55.90380641304971,-0.7605018130135681,False
3377,-7.80610998954171,66.34131976415026,55.877710537477974,-1.326958979537292,False
3378,16.047312656718532,66.15286433114984,56.07490349643479,-0.8935468195253692,False
3379,45.31417483377459,65.89643677426514,56.2055727753752,-0.3661961069722976,False
3380,-49.707698623269835,65.62235156170993,56.19292481602439,-2.052394506293636,False
3381,-116.08771740587349,64.77836794695332,56.854049148228135,-3.181234899932603,True
3382,-76.17966898736358,63.69791436453046,58.54134847685302,-2.3893809587799466,False
3383,-3.5320840156853137,63.400975665940244,59.12416296397303,-1.1320762329000893,False
3384,57.31070002269735,63.40666558934599,59.11763605762924,-0.10311585464456251,False
3385,46.92298485769629,63.462517848775754,59.10735589185315,-0.27982190611505814,False
3386,40.04775154303911,63.469364246084545,59.10536120334306,-0.3962688362984014,False
3387,10.163270371842373,63.438756506044626,59.116214363803266,-0.9011992176349967,False
3388,-63.721512804651184,63.306893350117015,59.21068257449379,-2.1453629755906287,False
3389,-4.2367818597078895,62.8149404811989,59.9207094498088,-1.1190074843334612,False
3390,3.0392403432369974,62.71287863007497,60.020740361461414,-0.9942169644603999,False
3391,18.232049376958685,62.54386290857313,60.14918961970308,-0.7366984295512308,False
3392,26.959008779883334,62.63925024034903,60.06558020292365,-0.594021423582769,False
3393,40.51141814630614,62.642115620974145,60.06385626897805,-0.36845282420033576,False
3394,35.813985401076025,62.72527134518261,60.02323375681472,-0.4483478189985261,False
3395,27.64440603033904,62.79461400507774,59.98513612117434,-0.5859819656611718,False
3396,19.611061708724492,63.032858399524216,59.76384891917337,-0.7265562288253024,False
3397,79.19606526868347,63.28925319637987,59.48228109646596,0.26742101646213895,False
3398,59.794972907942565,63.48297536501321,59.48076509352954,-0.06200327872836718,False
3399,34.40353421182044,63.78764139155704,59.3289136430066,-0.495274654050576,False
3400,24.98454297940134,63.624341173209686,59.37205251420203,-0.6508078558437163,False
3401,-36.60885320566899,63.33113801546886,59.44088926538534,-1.6813340523042388,False
3402,-6.3835959293066935,62.475869243847804,59.84006123453022,-1.150725178961209,False
3403,96.19227351381187,61.47387772612552,59.57317031273285,0.5827857675767479,False
3404,78.42969599677917,60.87042856647788,58.69327157232936,0.2991700234099665,False
3405,56.76146242842083,60.14365001409246,57.7011470290567,-0.058615604018555374,False
3406,-70.3952207810105,59.829873109326094,57.57446389550346,-2.261855084342472,False
3407,-42.09263435286289,59.19660918184913,58.41713346008355,-1.7338961625688634,False
3408,29.921574499458075,58.04322549196387,58.493122757518584,-0.48076850177897357,False
3409,26.69814919495593,56.961905788224406,57.3047963075761,-0.5281190850209408,False
3410,41.426386910086876,55.91856797243901,56.23434260853834,-0.25771050909647714,False
3411,40.7467949162899,54.891087357027615,54.888760721515055,-0.25769014010902047,False
3412,9.802062778955815,54.20315905775045,54.331351220348104,-0.8172279039908287,False
3413,7.1237284568310315,53.499925990918285,54.13539635136609,-0.8566705087570116,False
3414,-37.94044337589753,52.80350835643592,53.97376165779593,-1.6812604670333635,False
3415,-21.42516671812541,51.83382989533544,54.1326835234819,-1.3533228328073235,False
3416,-8.613040665113886,50.9005424413251,54.03540405559608,-1.1013812915178074,False
3417,-0.24193595607880525,50.07825494116545,53.88256466874613,-0.9338863360828817,False
3418,-23.890742153352676,49.22803929183707,53.53982804056093,-1.3656895085616656,False
3419,-43.67015630518199,48.25860226766318,53.37931776998296,-1.7221793461088386,False
3420,-5.242749906438576,47.386550937038656,53.678256590905164,-0.9804584609477488,False
3421,31.971131671786225,46.97068615263211,53.81438676399231,-0.27872759280204645,False
3422,42.51106518995766,46.441842798372356,53.520088769525,-0.073444900761318,False
3423,90.7068337218584,46.05554685719333,53.311209068930644,0.8375590733072962,False
3424,77.9281067428708,45.83522893016275,53.04752455022838,0.6049835140246875,False
3425,-25.310240495842663,45.50578016600875,52.67176490250444,-1.344477839178771,False
3426,-72.91274195439223,44.60202700012677,52.57585993666289,-2.2351468734146573,False
3427,-102.51698755415077,43.57934774842848,53.1809105810317,-2.7471574613219985,False
3428,-112.19276715254182,42.41186333424854,54.218563580152434,-2.8515073118496606,False
3429,-21.659563379841984,42.05344572904333,55.03909546391217,-1.1575954977432437,False
3430,-2.43255332592139,41.924061116137246,55.16377121917269,-0.8040895947056295,False
3431,21.415968779003606,41.898418988723314,55.18349650501344,-0.3711698516214693,False
3432,75.42890605478874,41.622284254897174,55.16914331604162,0.6127813442058935,False
3433,44.68351286038774,41.3072597764209,54.82093526468728,0.06158692965863425,False
3434,18.98002277061937,40.95241480945477,54.60327328140142,-0.40240063861371994,False
3435,-17.630639865696367,40.57564754906084,54.5347572260934,-1.0673245903239683,False
3436,-27.977265876424326,40.06007380164585,54.67381875640751,-1.2444226729653216,False
3437,-35.295206556022094,39.44483058276432,54.85520159761053,-1.3624968090909735,False
3438,-42.15438117368808,38.92296376839462,55.14768393639411,-1.4701858565011576,False
3439,-27.340497074604173,38.230320717536024,55.43185831827004,-1.182908525556835,False
3440,-14.579789009141905,37.731744488767326,55.643555420223386,-0.9401184576156119,False
3441,-8.241504238951165,37.15447552879197,55.68040823946535,-0.8152953831176694,False
3442,12.833763827830353,36.64445213808354,55.701588801778165,-0.42746874590932804,False
3443,-11.7596405600666,36.17903399517973,55.571004877504,-0.8626562478205724,False
3444,-113.72177374564103,35.878099919345125,55.69349698971893,-2.6861282151595263,False
3445,-171.85395528202957,35.19172772144894,56.817813342673105,-3.6440276529962223,True
3446,-177.53650992507926,34.08052615913568,59.00197205496102,-3.586609543950348,True
3447,-146.5012308624564,32.919471686004535,61.20775117098988,-2.931339562651657,False
3448,0.731839303725792,31.839008230696198,62.753113680233305,-0.495707178539077,False
3449,13.31024723151313,31.79630710348551,62.77193488602678,-0.29449561982655137,False
3450,19.73116266791226,31.669904101992614,62.78774384425592,-0.190144456594813,False
3451,-22.569405423456374,31.63607106977532,62.79266560522574,-0.8632453483344493,False
3452,-73.01587950126509,31.30775903375341,62.93170280775684,-1.6577278840476533,False
3453,-97.66922127934095,30.745241959746505,63.440314918315615,-2.0241775817858274,False
3454,-126.88089582166663,30.154845203463207,64.17126850356301,-2.447134748729654,False
3455,-91.84632267174129,29.59916061497193,65.12314666879126,-1.864858955670106,False
3456,-40.521822372526,29.00483714287505,65.77379983128952,-1.0570570606189342,False
3457,-12.893701218009028,28.448378430409093,65.9650660115911,-0.6267268745119373,False
3458,-44.39377777805316,27.75267343875096,65.77971913561684,-1.0967886784080227,False
3459,-92.5979149266957,26.792647967039052,65.64780613002682,-1.8186527460987973,False
3460,-88.66089541082374,25.52383274402779,65.88411668509103,-1.733114654942175,False
3461,-76.9158810818194,24.362060242862153,66.16759868491583,-1.5306274269821705,False
3462,-84.04352997171884,23.30703652081554,66.36185603040468,-1.6176546726383016,False
3463,-71.42384440729916,22.248476959466622,66.648512034071,-1.405467556708244,False
3464,-68.82094072526695,21.37023331019597,66.90598906306444,-1.348028409690652,False
3465,-43.23751389821473,20.551136098347026,67.16384674278747,-0.9497468219896419,False
3466,-45.00506376492979,19.760039062854016,67.12758983612517,-0.9648060206822743,False
3467,-41.23556736978287,18.837344317422385,66.94477933486957,-0.897350208396535,False
3468,-32.38111849919551,17.951293683963065,66.74745122027713,-0.7540724216877386,False
3469,8.443481934911006,17.128311491680044,66.50875599318536,-0.13058174712603113,False
3470,6.275557841098134,16.299720602912675,65.73560099411084,-0.15249214444259193,False
3471,-35.47584804893745,15.635438313113585,65.26519274973349,-0.7831323896957272,False
3472,-11.192082480490171,14.70752170880118,64.87358565304494,-0.399231889660098,False
3473,-41.22244899759312,14.267145242367476,64.79628998295533,-0.8563699288116209,False
3474,-13.03996352863328,13.520351209753331,64.70794515049593,-0.41046450596775047,False
3475,11.843929871034561,12.66621737119428,64.09938112552287,-0.012828321985659603,False
3476,30.863760115885725,11.940978540175303,63.40748442966729,0.2984313562652041,False
3477,22.596471490216345,11.390324635600617,62.83306057398651,0.1783479390029137,False
3478,-51.873511714660935,11.049169321879425,62.61401175539355,-1.0049297157695734,False
3479,-21.64380625462536,10.513304550977477,62.7657171972646,-0.5123355908534777,False
3480,27.116730817937878,9.790831025426304,62.43026511954493,0.27752404637934797,False
3481,-19.496313648533942,9.227568548566104,61.838210559688235,-0.46450053999177143,False
3482,-25.007613220149324,8.506146934085445,61.45871723736848,-0.545305233508153,False
3483,-26.8732116100432,7.730244493720893,61.05031341234745,-0.5668022679923791,False
3484,-40.10836746970995,6.941033852504724,60.63162635703639,-0.7759877830945651,False
3485,-71.88490995401139,6.2629577953957,60.51622106839715,-1.2913540596178692,False
3486,-60.16402136696581,5.377140969815104,60.5647413883919,-1.0821669643807448,False
3487,-28.62971641051763,4.4667577125697235,60.392318256729375,-0.5480245679987535,False
3488,-8.359268016886631,3.668441129573752,59.93364024169023,-0.20068377455394126,False
3489,21.161178326037543,2.894390304003122,59.23604793967003,0.30837283474141536,False
3490,22.148524315693976,2.267017572165332,58.4716669273139,0.34001949642111856,False
3491,-19.527677113080017,1.6342250749697627,57.66754853022212,-0.366963790336247,False
3492,-27.856637166631344,1.2227595585769833,57.5697970638488,-0.5051154982005114,False
3493,-5.6668352143049106,0.9824539749040123,57.606626889784735,-0.11542576866947278,False
3494,-25.7892118666648,0.4547751723626887,57.255950685668445,-0.4583626107809356,False
3495,-41.64909766554251,-0.3337995652754402,56.693566306796455,-0.728747559761718,False
3496,-28.124055937653793,-0.9076848181382915,56.62042408637977,-0.4806811598230768,False
3497,-23.776898808485157,-1.3096396044468273,56.572206113001904,-0.3971430627817556,False
3498,38.2710414336741,-1.6951353931349324,56.50287892497005,0.7073299199476183,False
3499,55.29793460685619,-2.0676528250997643,56.02703275124691,1.023891229197378,False
3500,69.21652750044473,-2.5378377766174958,55.20122548616237,1.2998690635056522,False
3501,27.269175349938905,-2.880955550710433,54.5676146555918,0.552527925051232,False
3502,-37.19571187881229,-3.2534617634872256,54.14274495777033,-0.6269030161252255,False
3503,-4.62935291714075,-3.5477783134490255,54.192335109503134,-0.01995807343430123,False
3504,56.55013600745201,-3.7955917777575556,54.100903498479234,1.1154292051131065,False
3505,34.49159316996929,-3.917974719792391,53.93980319433677,0.712082091797368,False
3506,16.69486264947659,-4.157528617866762,53.67712299010905,0.3884781841080747,False
3507,0.9571888122081873,-4.473641357582806,53.39459097311491,0.10171124210925239,False
3508,-23.88011174830217,-4.691820458605671,53.2963923455283,-0.36002983401382976,False
3509,-51.39205237669944,-5.130650023392588,53.14797848503351,-0.8704263769191913,False
3510,-59.21663363742823,-5.67035983441919,53.15467875144409,-1.007367085283237,False
3511,-41.771196537736046,-6.35807182775097,53.095225076103546,-0.666973812790623,False
3512,-24.416607935106754,-7.067586966733579,52.764288213122526,-0.3288023311960164,False
3513,-2.172183795127353,-7.437414037406708,52.666178304990964,0.09997365314392653,False
3514,20.82956246352194,-7.8700701317833985,52.319386706764554,0.5485468083974054,False
3515,-7.9455115422963445,-8.243876872837648,51.884270137555,0.005750593190388539,False
3516,-25.858724160683096,-8.83148364143946,51.312013393515116,-0.33183731046881043,False
3517,16.98233594350222,-9.45209950508901,50.87928383707733,0.5195520348367724,False
3518,-15.932338417696883,-9.674640177653833,50.67983686812027,-0.12347510621091606,False
3519,-21.14312171604047,-9.75264629455251,50.67931997701689,-0.22475588517473297,False
3520,-25.522245453303867,-9.915599615605705,50.671623937156454,-0.30799577011886786,False
3521,-36.51325495315791,-10.106683928747364,50.669575425833216,-0.5211524036364336,False
3522,13.393481041270434,-10.362957558372186,50.69374516692751,0.46862662289826773,False
3523,56.87809531220205,-10.50959324357424,50.588451202469926,1.3320765303936832,False
3524,83.43661677557225,-10.607921348918865,50.44022290285667,1.8644750699379824,False
3525,47.492729332637964,-10.118334382374368,50.95196140950089,1.1306937382055275,False
3526,-38.3777224488972,-9.54736522086656,51.0574157917218,-0.5646654218779529,False
3527,-34.043457513088015,-9.341279507014468,50.86929199977219,-0.48560097919554635,False
3528,16.559306136846544,-9.267707213228721,50.82428609147211,0.5081628358456927,False
3529,-10.249067541682734,-9.148856071588497,50.86140420734085,-0.021631559081796706,False
3530,-3.6469074688195633,-9.085381047037664,50.85328837002717,0.10694438358923367,False
3531,-51.55927392565013,-9.020566451434998,50.85323918617218,-0.8364994669952527,False
3532,-67.57838962145433,-9.115640094713328,50.918093567254296,-1.1481723967045523,False
3533,-39.671013003766575,-9.06649197328803,50.857256142538425,-0.6017729494627625,False
3534,-52.70856395820397,-9.03565850318478,50.83699718889316,-0.8590772049880402,False
3535,-40.436666042706406,-9.468873986277085,50.8975374267124,-0.6084339954761071,False
3536,-16.316427768972517,-9.883665094388325,50.86406036393975,-0.12646970431689564,False
3537,-14.356437413665617,-10.123517198480767,50.79838888816174,-0.08332784381221402,False
3538,-27.42727435271138,-10.493908145544726,50.59947539893817,-0.33465497564273167,False
3539,-46.555218078714574,-11.178956254868575,50.038596108897686,-0.7069795033189494,False
3540,-48.29234689267878,-11.80330496676239,49.819948536854405,-0.732418298242993,False
3541,-20.061911511576227,-12.321263913554427,49.74376549816687,-0.15561040706311335,False
3542,-32.36860327055456,-12.953716918119941,49.155750229245434,-0.3949667386193944,False
3543,-18.759121445810706,-13.46078741853657,48.911977578855414,-0.10832385623198762,False
3544,-2.60203666318057,-13.803392251352374,48.74503135526778,0.229794817579111,False
3545,-11.681835042250214,-13.960513389695482,48.6655932908392,0.046823190540948495,False
3546,35.15701129036552,-13.983583181675888,48.66357693941913,1.0098023524496793,False
3547,87.00760355016587,-13.869834975523228,48.75643798768492,2.06900755447248,False
3548,76.22226600050931,-13.62165980459233,49.16390369732181,1.8274367787844288,False
3549,35.71243110601904,-12.87207668183174,49.56875513490036,0.9801437953329478,False
3550,-59.95435359075668,-11.968504369260952,49.05691986657346,-0.9781667775312665,False
3551,-33.74407213397012,-11.871925110947815,48.94559442229817,-0.4468665113005145,False
3552,23.95007639998198,-12.051758373556654,48.97026455544838,0.735177461268853,False
3553,-0.4341879623113982,-12.250333514168053,48.754478022924864,0.24236021040571043,False
3554,-13.405543912249868,-12.532221447620481,48.54676395599553,-0.017989303373979717,False
3555,-21.681653512322782,-12.850395825330535,48.37495431265342,-0.1825584708548708,False
3556,-28.333346749144994,-13.039948943688657,48.346619754979585,-0.31632817108958594,False
3557,-43.64738763620858,-12.829305098120171,48.201354427947514,-0.6393613396104041,False
3558,-15.993180523198816,-13.063892037266008,48.25515780277698,-0.06070415307530575,False
3559,-11.052756320679237,-13.177180256709077,48.239464812601575,0.0440391273883884,False
3560,5.403789234012265,-13.351494576337876,48.17815894777671,0.38929017255890075,False
3561,-7.499976941969976,-13.479799454587107,48.098800717237125,0.12432373413572757,False
3562,7.421379798245425,-13.765581568207798,47.91838053106198,0.44214685746149684,False
3563,-27.072927517694325,-13.934585172986553,47.7923743449137,-0.2749045747317222,False
3564,-17.50239646859768,-14.260283586962942,47.6936661321514,-0.06797784998643994,False
3565,3.6410268192171316,-14.481197028494622,47.62173629321344,0.38054521439812233,False
3566,-1.509743696004307,-14.930929400217638,47.08551127730654,0.28503854668095835,False
3567,-1.042985982048549,-15.295838427622082,46.73920345217413,0.30494427360444337,False
3568,-16.457224091184116,-15.506829619252255,46.59328493218896,-0.020397670465069143,False
3569,-36.085852355772204,-15.753506804196215,46.487210319236155,-0.4373750416931897,False
3570,10.766640099638607,-15.750393703899208,46.4858228313376,0.570432708048395,False
3571,46.7870513803482,-15.648308965631678,46.52533038510553,1.3419649001776404,False
3572,58.132332322275715,-15.942387668807058,45.96696240522969,1.6114773766877242,False
3573,-9.131593331336944,-16.063205309726722,45.74356499741404,0.15153195818431803,False
3574,-86.17194816307438,-16.455425879725276,45.396581471963906,-1.5357218544397386,False
3575,-25.618673028194962,-16.549334971285184,45.52496815672616,-0.1992167907880198,False
3576,37.79048681103586,-16.45127567768597,45.48734590843464,1.192458284946097,False
3577,39.06274273463487,-16.40443691392658,45.53940397508074,1.2180040757431347,False
3578,34.27039027338628,-16.33083814285706,45.61940288534252,1.1092040933420784,False
3579,14.899379697150152,-16.37343336093266,45.56846392415141,0.686281923176878,False
3580,6.2492457037747045,-16.52728702295135,45.41783860906962,0.5014886974867567,False
3581,8.325567371088255,-16.54843474363695,45.4063312556696,0.5478091144309164,False
3582,20.230942491173664,-16.541280940575895,45.41017766868308,0.8097793340524486,False
3583,3.020618286162744,-16.19502269136714,45.46777481827164,0.4226210993243483,False
3584,14.423951794677919,-16.049512066341613,45.49004804413687,0.6698929803602879,False
3585,24.340234883218955,-15.912387111223806,45.54728401907572,0.8837546049416363,False
3586,23.54687493749873,-15.766064665751793,45.63732400875446,0.8614207878557745,False
3587,-22.83659801564818,-15.483697897353869,45.733405698109756,-0.16077744497821683,False
3588,-45.71715011742708,-15.35968862182093,45.684738433950294,-0.664498966968939,False
3589,-15.13287164354324,-15.600607670695862,45.73775752369504,0.010226474853086209,False
3590,12.155604299962533,-15.88098864281092,45.588522343284154,0.6149923599553484,False
3591,71.53282490730271,-16.06167591001327,45.41553101917933,1.9287344846925634,False
3592,59.797611660969096,-16.175806914861816,45.16903449011495,1.68198013159784,False
3593,2.0894400395034154,-16.283726528444564,44.96404532677941,0.4086190740717317,False
3594,-22.932874804651874,-16.120633191924647,44.98079721610822,-0.15144777403562054,False
3595,-4.961911191451463,-15.823133982700002,44.767706347909154,0.24261289392048124,False
3596,-21.516693751680805,-15.242449004350604,44.266350268122345,-0.1417384697253546,False
3597,-37.09483612024792,-14.70271047220262,43.62532305316904,-0.5132827468292797,False
3598,-58.826248975360386,-14.794587095657416,43.65630482875587,-1.0085980032533548,False
3599,-1.1607497599839007,-15.130263855475505,43.777323045993995,0.31910389040496473,False
3600,41.03283574438683,-15.26464908487424,43.69904604461965,1.2883000871867447,False
3601,16.33855559792528,-15.469387598626632,43.350773018955714,0.7337341639246768,False
3602,1.837929179584762,-15.638107582331765,43.170039893785734,0.4048186382248902,False
3603,-9.847449331015468,-15.740143853706973,43.10794064676532,0.136696266030831,False
3604,-11.204371530300477,-15.693815338619588,43.110079028116715,0.10413907627937917,False
3605,-36.74192175115945,-15.59397668179742,43.100882632062984,-0.49066153122418793,False
3606,-4.891946539771652,-15.602588081768477,43.10498676539923,0.24847801485916138,False
3607,2.53071493851553,-15.380787875614214,43.06339262187885,0.4159333885140671,False
3608,16.707000913399497,-15.202983042202783,43.07538246821609,0.7407939785362929,False
3609,27.34502065122126,-15.016752149806704,43.14566777172821,0.9818314326516484,False
3610,18.26725788162946,-14.804927596889012,43.2663178754962,0.7643864119356654,False
3611,-24.359045422652343,-14.772585370378303,43.2891267270093,-0.22145191592171296,False
3612,-63.01296992050402,-14.847581827893695,43.29478925960504,-1.1124984996185132,False
3613,-53.46995729582909,-14.545743709886928,42.77498350387797,-0.9099761214966524,False
3614,-40.955482584232186,-13.841077055207162,41.11074341401548,-0.6595454929132023,False
3615,-29.415687847763138,-13.02809474960688,39.15832493092248,-0.4184957637249527,False
3616,14.92109286491268,-12.33115699356704,37.786462781375405,0.7212172786893433,False
3617,20.003632766157352,-12.246697150940928,37.83166665679748,0.8524691816955318,False
3618,20.012755312335457,-12.20685557037757,37.86225468150542,0.850969155264051,False
3619,14.629171387213546,-12.205179423684575,37.86368323706083,0.7087094681965002,False
3620,10.726003303027255,-11.983759323621065,37.911447370829066,0.5990212508774415,False
3621,-0.40501089313033845,-11.485295735500275,37.65383384335848,0.2942671093855777,False
3622,-33.95313676663022,-10.906342102249022,37.063892329497044,-0.6218125840506926,False
3623,-6.293199789905657,-10.353200679302377,36.000908054191875,0.11277495787843,False
3624,50.33640038012254,-9.843955900243833,35.442008446563854,1.6979950888251913,False
3625,53.954130779761044,-9.303133145763782,35.66360725537297,1.7737202934230574,False
3626,69.1068307674766,-8.905229383872292,35.99468537185733,2.1673216294409703,False
3627,54.966808798474176,-8.229630523482234,36.38762252612416,1.736756482965742,False
3628,48.73663750943524,-7.351269072737177,36.11890149699102,1.552868560713148,False
3629,31.282567917698543,-6.533426614878492,35.821100810479216,1.0556904639154536,False
3630,32.05217908617851,-5.889388227976598,35.519492544891435,1.0681900161215008,False
3631,11.491317073720666,-5.198342340727209,35.11693057343969,0.47525962952670237,False
3632,21.17048935457467,-4.704799712863996,34.76146321029688,0.7443670857840646,False
3633,27.84939944404357,-4.1691364385792244,34.45959650429514,0.9291616597609293,False
3634,26.01101790679695,-3.746000049637211,34.413409707024584,0.8646925198568759,False
3635,17.772152420872544,-3.3232852777816944,34.339653623330726,0.6143171369766459,False
3636,19.436753223073538,-2.9720488504563645,34.251213810357854,0.6542484070083756,False
3637,71.70306217399843,-2.6636091378238107,34.218092482360404,2.173314346793546,False
3638,25.427024165511057,-2.2870640173530523,34.68591456141171,0.7990012237905989,False
3639,9.399615245908535,-2.1730671939934516,34.74564416770219,0.3330685821809968,False
3640,25.599674006402665,-1.9059513410479396,34.66047892799473,0.7935731472318098,False
3641,0.8281160927294877,-1.6869527905307204,34.717639425221954,0.07244354526687781,False
3642,23.959198946160086,-1.4366518078502286,34.58221689919873,0.73436156010573,False
3643,75.49977542179226,-1.2164186978812206,34.62566527065949,2.2155875856825764,False
3644,94.81409050442585,-0.8375148553171866,35.11427967790227,2.724008757609157,False
3645,74.98589711807358,-0.4568581268139716,35.799928585074106,2.107343735773304,False
3646,-23.925422907417897,-0.14501630760053563,36.22756106475672,-0.6564175423598049,False
3647,26.588226283156928,0.021341363871149117,36.05234578388799,0.7368975399974855,False
3648,69.06966204627156,0.3084367956436627,36.070824946348374,1.9062836891837966,False
3649,63.491941291326384,0.5581566243837441,36.401238862132345,1.7288912859614705,False
3650,58.82255472112297,1.0521343323591033,36.68941231319082,1.5745801512332718,False
3651,38.832869649535496,1.5511234272476289,36.902310563538556,1.0102821653428988,False
3652,36.264232060378845,1.94223105379274,36.94741653455662,0.9289418375026306,False
3653,-1.486673455256323,2.396829860519459,36.89673754437021,-0.10525329810272985,False
3654,5.8619521523951335,2.815866982535858,36.44505901723456,0.08358019583446982,False
3655,26.3838360130012,3.2088787296749115,36.116356528535356,0.6416748396260811,False
3656,31.449563287818478,3.536340351243476,36.075328670736404,0.7737482641209492,False
3657,17.973263097980634,3.7732976804381493,36.127428255631706,0.3930522072334039,False
3658,42.837215064060615,3.754321994556858,36.11907695194662,1.082056806753402,False
3659,24.31422431766987,3.8774689632971358,36.21730219048679,0.5642815482744836,False
3660,9.397051885825476,4.138432662289695,36.205596077251286,0.14524327157369685,False
3661,50.41910643927463,4.360180811411461,36.122450922376856,1.27507753354939,False
3662,18.981832201266343,4.694025702206578,36.28802061463021,0.39373342103149495,False
3663,21.25666348913296,4.960520012134739,36.227160545177085,0.44983220411867814,False
3664,15.306350806814407,5.334959066626856,36.067264950878965,0.2764665342317438,False
3665,-1.7642702736675346,5.593473392486785,35.981552572160076,-0.2044865532524911,False
3666,41.44500896716113,5.724500943289271,35.91397558995316,0.994613028412944,False
3667,64.62713284342294,5.743393607179074,35.93202962595293,1.6387534979018668,False
3668,74.96674731039411,5.7989245490634005,36.01618231698895,1.920465144044543,False
3669,43.14293345044234,5.833152047932147,36.07948796365243,1.03409952602701,False
3670,-19.11851960805052,5.927638703292287,36.15666470828101,-0.6927120771072242,False
3671,1.0104162304044166,6.035241038237297,36.054315047735656,-0.1393681949353371,False
3672,56.733039288675855,6.06881109268697,36.04695065275743,1.4055066317270666,False
3673,56.3197351717472,6.069899802694255,36.04848717680232,1.39395129461603,False
3674,54.83411721770176,6.199829219371504,36.190598211299935,1.3438376374542762,False
3675,35.95956917520766,6.426848591801416,36.37597330900969,0.811874374673887,False
3676,17.770493776112744,6.6351960939621275,36.44463286969339,0.30554012498807476,False
3677,6.503998460269031,6.883116364940788,36.37741008485773,-0.010421794838813074,False
3678,2.1261564030469344,7.227735715160838,36.09518043097691,-0.1413368558129086,False
3679,27.422072239601675,7.5928713701636665,35.727405728980415,0.5550137342704813,False
3680,28.183917934888655,8.004736065266869,35.55333545944438,0.5675749295770053,False
3681,36.39594353288419,8.317834433540648,35.49767727056317,0.7909844040028955,False
3682,41.04384311415561,8.547406620016908,35.554099442496934,0.913999707591989,False
3683,27.01773988296395,8.667729719127824,35.630037674670696,0.5150151771206547,False
3684,30.12694487788076,8.87584431094485,35.63452854981999,0.5963626132228782,False
3685,22.600542709171805,9.2090923409363,35.56947652670742,0.3764871366094046,False
3686,-25.097330823057973,9.242534047874809,35.57946819525636,-0.9651595881781941,False
3687,-30.81942906503673,9.187980521652422,35.62529639852367,-1.1230056625815772,False
3688,-15.669292437404465,9.130383454098872,35.682404031209416,-0.695011352649122,False
3689,-23.313458384049,9.189031983955417,35.63317033247251,-0.9121414138776447,False
3690,19.700628525745742,9.267602201628685,35.54624111648887,0.2935057546570649,False
3691,58.05957813168175,9.305144746179133,35.553954645005085,1.3712801816928695,False
3692,60.39276355791094,9.31217738200937,35.56353656564879,1.4363190815291658,False
3693,38.08467007704371,9.175011589047099,35.319534565451114,0.8185175383447856,False
3694,-29.116076289814828,9.11901123633523,35.26583427153358,-1.0841963139664965,False
3695,-38.91550031574366,9.174140082520243,35.19831546989387,-1.3662483489983022,False
3696,22.083347115933975,9.14513982774253,35.236122870138004,0.3671858943129168,False
3697,16.39336626793738,9.178021024046624,35.24565909316581,0.20471585521548166,False
3698,39.37072290932542,9.336606939580076,35.21765150969481,0.8528142758604297,False
3699,5.805558230567158,9.592664263259511,35.27901776698342,-0.10734726396596542,False
3700,-11.846267052286976,9.934121597522708,34.95976419369024,-0.6230130308985535,False
3701,-10.281109542721424,10.26586042233918,34.48097811189224,-0.5958928977706146,False
3702,-2.666422237032748,10.44080032389302,34.30018648276573,-0.38213269095523855,False
3703,-2.219719046080172,10.738670215090469,33.96414254093927,-0.3815314708902491,False
3704,2.9380630128978282,10.96615204245134,33.7466191313141,-0.2378931352594104,False
3705,13.638432715093927,11.08076210662914,33.68604900204355,0.07592670212851699,False
3706,-2.5916324369609356,11.247398238347946,33.628657089206044,-0.4115249276412784,False
3707,-32.1912036742151,11.395229440227414,33.51201191835993,-1.3006211987697223,False
3708,-36.631546481698706,11.480729525968481,33.38134497402055,-1.4412923159660336,False
3709,13.082937506496819,11.550139052224313,33.26824664142468,0.04607391759456022,False
3710,-6.421970937609558,11.747429820189035,33.177811622242196,-0.5476371065298936,False
3711,-9.327841163581525,11.90187406026609,33.0312875790928,-0.642715339903522,False
3712,12.274348186165298,11.958012633374597,32.98685002737008,0.009589747203150001,False
3713,20.541486025947506,12.046562543192133,32.96749239098002,0.2576757547104069,False
3714,45.968660977345735,12.238368025740927,32.92232046604303,1.0245417842401219,False
3715,64.31779559574716,12.302723083401522,32.97790918577267,1.5772701725670948,False
3716,82.07011967244739,12.167664702720462,32.71554783338752,2.1366738324457675,False
3717,74.36239747433069,12.202473355529614,32.78714133847677,1.8958628773730388,False
3718,-35.34240253872872,12.432532679150519,33.08731731188227,-1.4439047677256798,False
3719,-5.081559792977487,12.57903238779354,32.81828595722223,-0.5381326801707786,False
3720,54.76000595412256,12.74964258029945,32.65009913202479,1.2866840986898358,False
3721,40.57188328709003,12.933035018121714,32.79957363817075,0.8426587666616313,False
3722,27.869529359990565,13.177118775558629,32.85203841857967,0.447229800392616,False
3723,23.803135552865342,13.42280373551244,32.806355436853245,0.31641222193465857,False
3724,-27.14960214135658,13.69354652756713,32.7024349949841,-1.248932951787481,False
3725,-27.680142285615148,13.700592626423015,32.693451908272316,-1.2657193565286307,False
3726,-20.290352130746896,13.79563575350988,32.548625716459675,-1.0472327827659913,False
3727,-14.25823810459974,13.770057351084,32.57385418751583,-0.8604537643698851,False
3728,-12.704917287182752,13.750977102370186,32.58941639700957,-0.8117940520094907,False
3729,-16.629195395582883,13.643187182601169,32.647086514783744,-0.927261382557848,False
3730,-35.447500302135836,13.588846596567759,32.69005916951899,-1.500038487064786,False
3731,-70.57164026908276,13.333674691208346,32.90509502048165,-2.5499186344262053,False
3732,-74.31670935049647,13.07475378197389,33.392477112512736,-2.6171003378399647,False
3733,-20.07073248597976,12.736573348153067,33.98640969577619,-0.9653066071939367,False
3734,-29.464391689342165,12.595431923717369,34.073532934399466,-1.234383992233379,False
3735,-27.061920147925548,12.42903520947131,34.21080861951692,-1.1543414771806262,False
3736,-5.2764505522370655,12.27416060134109,34.330846688543005,-0.511219875023799,False
3737,0.8930294171871083,12.340712824787204,34.28562329566805,-0.3338916521621614,False
3738,36.549895923757504,12.560825216292912,34.091014132663794,0.7036772392311974,False
3739,95.9592339250803,12.714296977150763,34.140888024208216,2.4382768511733848,False
3740,99.70927894077317,13.006988539917026,34.64184706863041,2.50281950119711,False
3741,54.15965194407113,13.25447036502713,35.111483260798934,1.1650086461802533,False
3742,-53.88476927163015,13.631203967856939,35.209260568596946,-1.9175629408049657,False
3743,-44.34620483062872,13.82338955649649,34.74630909716206,-1.674122975895482,False
3744,11.365410857874167,13.711916152910575,34.90329146496366,-0.06722876830661825,False
3745,14.454787508618892,13.554624034141755,34.85363847239923,0.025826958502194297,False
3746,5.056981693357102,13.408148110177374,34.797459545526806,-0.2399935663663645,False
3747,-0.07592069422616987,13.234258773391486,34.765560579295204,-0.38285530984777494,False
3748,-2.995286257106045,13.145120080585675,34.78046075203134,-0.4640653398114931,False
3749,-0.8501308322668137,13.090093104628052,34.79874439414652,-0.4005956013527817,False
3750,30.762582785546783,13.035475853417605,34.81346477860782,0.5092026043619229,False
3751,3.596544982480964,13.09816418850316,34.83597402961886,-0.2727530798462406,False
3752,40.27596598337891,13.101592323600292,34.835004705474226,0.7800881294414821,False
3753,40.674945441019645,13.255473360437795,34.89792395873585,0.7857049637967947,False
3754,21.621565336257163,13.352703780424706,34.9517064952695,0.23657962328539228,False
3755,-18.90010625038144,13.34124360422684,34.94865946209821,-0.9225346651585876,False
3756,-46.80499490093007,13.364675102829617,34.92557060235296,-1.7227970500131502,False
3757,6.856083506977484,13.358199836261146,34.93668915057136,-0.18611140572767543,False
3758,11.000207438975622,13.489086474061867,34.87043802733949,-0.07137504361530786,False
3759,57.770672371727414,13.482209111794088,34.87081653491493,1.2700724462700446,False
3760,45.988338535630646,13.40029153717757,34.749583108005034,0.9377967757819226,False
3761,11.9657648679256,13.318093482860078,34.655380661560216,-0.039022183254633316,False
3762,3.611246606487157,13.376881130648304,34.644594051496824,-0.28188047201953637,False
3763,12.915715957546126,13.534881853333657,34.53837352572735,-0.017926897898834712,False
3764,3.054997468453621,13.64129630064912,34.50857080249085,-0.3067730301780963,False
3765,-1.228678802186323,13.787556367435633,34.41059884294663,-0.43638401174468183,False
3766,-20.62132715324151,14.001045399090762,34.20366332309221,-1.0122416486586505,False
3767,5.8371478739441045,14.228455648031943,33.84164720908303,-0.24795801818522678,False
3768,69.29131730051631,14.270109800614849,33.82689539052621,1.626552093081267,False
3769,51.84961215153339,14.438315047972761,34.030416545557486,1.099348785621741,False
3770,36.77064646267877,14.649690384601383,34.15235789980231,0.6477138750705534,False
3771,20.977860383623693,14.85762322557218,34.180218452059066,0.1790578713426222,False
3772,13.425975399971094,15.041107211968844,34.129503754041934,-0.0473236242647235,False
3773,-6.818763999885277,15.187716419887124,34.068934862555494,-0.6459397838104795,False
3774,1.24767782397862,15.365830454120902,33.87347769399374,-0.4167907634900338,False
3775,-2.24188457150467,15.40237583723846,33.85479793708885,-0.5211745892422937,False
3776,13.94528199563024,15.373967506821673,33.86766347014449,-0.04218435418347856,False
3777,8.08363141500945,15.357528703739712,33.867682809667706,-0.21477398762734046,False
3778,-9.5536053332537,15.242877577333692,33.859460425780966,-0.7323354418166416,False
3779,-36.439897619014914,15.077277201054622,33.912571867125486,-1.5191173061695677,False
3780,-71.73431254912919,15.005367366552466,34.00936553333431,-2.5504645133901036,False
3781,-74.04733036293987,14.95345461281065,34.13558980163155,-2.6072725121479112,False
3782,-85.25592389808298,14.830970249315945,34.41832161071038,-2.907953946140524,False
3783,-54.273796860712764,14.567277146257306,35.012851393948715,-1.9661658867026153,False
3784,-27.90639650942103,14.419312211656418,35.25154895386405,-1.2006765653467255,False
3785,-31.267187757199963,14.164386679666336,35.4024315382821,-1.2832896629639485,False
3786,-26.332945776057386,13.85920322417016,35.57237327741718,-1.1298697640099036,False
3787,-26.14521734644177,13.583335955786868,35.70383096020055,-1.1127252239826726,False
3788,-23.51973347779517,13.340631260943686,35.835024523513624,-1.0286127951315465,False
3789,-23.53345499353418,13.136787589629265,35.94721258979181,-1.0201136594823754,False
3790,-55.343547337746486,12.999118279507814,36.04354417723135,-1.8961139138039111,False
3791,-22.635223463237253,12.871794407060694,36.24759946747526,-0.9795688098506541,False
3792,40.41159788895243,12.774520456624193,36.321191557411055,0.7609077854355002,False
3793,55.112467965549286,12.715444251319612,36.2677635669724,1.169000223461227,False
3794,39.665283140051315,12.722339115520732,36.2757596229989,0.742725839638895,False
3795,41.98399312110564,12.547091808214626,36.07228145558187,0.8160532166266936,False
3796,21.590880408203702,12.469813143468384,35.99468359000138,0.25340040125450564,False
3797,-40.405868025237396,12.308231255961056,35.89168713173279,-1.468699397933638,False
3798,-42.46884514152998,11.881514375348342,36.09035280119839,-1.5059525689943825,False
3799,-32.89910571834139,11.43793685018341,36.298316173219405,-1.22146279064141,False
3800,-23.191698780101547,11.173708143087802,36.45913606958702,-0.9425732649725568,False
3801,-22.587198158150954,10.909647499429017,36.546843695196145,-0.9165455144894747,False
3802,1.876228794944268,10.609429656558811,36.613953808097676,-0.23852110884793537,False
3803,-13.087762654888593,10.465770197559689,36.60050735340776,-0.6435302282839882,False
3804,-22.946822499221526,10.282080226870633,36.64103579303389,-0.9068767300625699,False
3805,29.670892961919435,10.029797038047448,36.72344439059332,0.5348380646152853,False
3806,19.299915030401735,9.779605554642217,36.44286508178046,0.26123932502000724,False
3807,29.30591572185176,9.743134666933232,36.430175562983756,0.5369938725959923,False
3808,32.2308603625595,9.861624550718608,36.461411000663155,0.6135043926696649,False
3809,20.479513026290988,9.901095898076685,36.482133676610246,0.28996158015276485,False
3810,54.32815517306335,10.018068498871694,36.48437285272467,1.2144949524843638,False
3811,106.41095769921526,10.198836095460402,36.62880800501155,2.6266790224402365,False
3812,123.4992961214482,10.382831228064111,37.034188067314204,3.0543795016588717,True
3813,100.99842288374316,10.553576499594007,37.48911942376137,2.41256257213722,False
3814,28.993788935262046,10.708412962484896,37.80918124747358,0.48362263792736804,False
3815,-3.8752726950467604,11.023408271072277,37.73928782833037,-0.39477907039185833,False
3816,66.55854927309747,10.842077920011542,37.737239618710376,1.476432084488271,False
3817,38.41685138663661,10.827130820171218,37.714529000249414,0.7315409020826678,False
3818,33.5267142775117,10.677874332643304,37.554134922818406,0.608424078781938,False
3819,15.682712381368901,10.527303853812285,37.410382316578406,0.13780689232015675,False
3820,-6.288600820344527,10.389505298644627,37.34808052615035,-0.44655858839416107,False
3821,4.037895274436551,10.136214626735558,37.315830579268685,-0.16342445706372705,False
3822,17.461835064929573,10.169098964412301,37.307960065841336,0.19547399771113197,False
3823,11.36020874476435,10.238145886510722,37.31067499263323,0.030073507340062124,False
3824,46.275736436712805,10.148719533723598,37.28974369202228,0.9688191262821196,False
3825,58.97032489061951,10.236970564371777,37.35793845140468,1.3044979553580087,False
3826,47.23579018077862,10.481000694089866,37.54222249721034,0.979025402383141,False
3827,9.244230389106406,10.507182688832236,37.566448853750494,-0.033619155876101446,False
3828,17.5876658878326,10.417480344019358,37.551271784484555,0.19094388027560283,False
3829,38.56545087851282,10.466233998793209,37.55525582341741,0.7482099712445168,False
3830,4.2958145345626235,10.395676525217246,37.49082416143661,-0.16270279800701187,False
3831,0.3132576807440728,10.30825975339163,37.4878055322748,-0.2666200896726923,False
3832,16.212950953853124,10.18359662357979,37.48600223996102,0.16084282051943888,False
3833,14.515177256459083,10.188993053026449,37.48680936774921,0.11540550600058677,False
3834,53.142676527571666,10.28589452642006,37.47676519720909,1.1435560613524662,False
3835,79.52372300165894,10.355523499993932,37.54580620394364,1.8422350322151262,False
3836,97.17758389399046,10.444193679507242,37.6920498982154,2.3011056827288603,False
3837,66.00689910462506,10.576401040123887,37.95773879726252,1.4603213948165632,False
3838,25.62817253909111,10.712496073779736,38.115862485139516,0.39132464787138554,False
3839,19.980487132465896,10.978845431798437,38.06246348581904,0.23649656055555124,False
3840,71.46466968626964,11.091762520501183,38.06085232187926,1.586220577910262,False
3841,55.42414239447726,11.179450796677337,38.1834075365817,1.158741308130009,False
3842,56.21011383172254,11.174119887288825,38.17712961965176,1.1796589841382767,False
3843,47.40806305695173,11.182310343324664,38.1866988517087,0.9486484509777444,False
3844,20.644548179876665,11.250456140239807,38.24135574449949,0.24565269344531734,False
3845,-0.2945602307258923,11.267563606928878,38.24493267669516,-0.3023177981615389,False
3846,25.00723625543128,11.227095995672956,38.25359912092233,0.3602312089954811,False
3847,36.826361848014585,11.363292899556196,38.261734066810135,0.6654969924780838,False
3848,55.24583808281409,11.419270813891988,38.29223636689457,1.1445287981877241,False
3849,56.350947850406214,11.580353671915352,38.4198895527805,1.1652973160421474,False
3850,52.50899883643979,11.699133459519649,38.527764610644084,1.0592326284521987,False
3851,35.71371278606057,11.767378434057056,38.59015841714449,0.6205295685276287,False
3852,26.08784331634638,11.81914017752787,38.61655952683241,0.3694970063012479,False
3853,33.55709763379082,11.795097906328259,38.60634902527693,0.5636896592634081,False
3854,-1.6072267721058324,11.860315495165278,38.63395650007728,-0.3485934004000903,False
3855,-24.8894724774957,12.000137543087611,38.541797513371655,-0.9571325781519366,False
3856,-17.398203420513937,12.035434903727738,38.50504552909075,-0.7644099083587479,False
3857,-11.463346291637436,12.025143766923515,38.512724708384326,-0.6098890752709439,False
3858,30.887659679013495,12.095680148425965,38.45842771180213,0.4886309880219218,False
3859,73.50759227955928,12.162269619576367,38.481352423188184,1.5941571383810644,False
3860,100.35539646760208,12.254222084742304,38.60992426806856,2.2818271740491807,False
3861,78.7760511797726,12.492094899680943,39.029105967670404,1.6983211538331848,False
3862,-14.962558983904046,12.734305501482899,39.31410458924089,-0.7045019789911929,False
3863,0.32886402007352444,12.8185526283038,39.23897856893417,-0.31829800529309565,False
3864,71.76435663716188,13.052150035064615,39.04548898178296,1.5036873178740315,False
3865,38.2206789473355,13.347870329833828,39.301594034624415,0.6328702239300755,False
3866,48.69773475052716,13.47779481006834,39.34777380751153,0.8950935855419424,False
3867,42.01739219512933,13.533312737694544,39.39108248348591,0.7231098426750849,False
3868,-5.087440442580146,13.748859368435982,39.44757770421193,-0.4775020649494765,False
3869,28.935962547504914,13.789090479208049,39.42475781940726,0.38419695912096774,False
3870,29.764606390839617,14.022525432126061,39.397477344986676,0.3995707852273626,False
3871,25.73998027448056,14.215567269196733,39.394667830097546,0.2925373823428756,False
3872,36.888108668840005,14.381994050866735,39.383877346667596,0.571455025107567,False
3873,41.728938792836516,14.584077655961629,39.411896485930406,0.6887479050028787,False
3874,36.86647089402095,14.751283049281524,39.467408595579734,0.5603405095924204,False
3875,13.747300125682386,14.98615271196594,39.48098809449506,-0.03137845950862333,False
3876,27.96256425241836,15.25959618696533,39.311001378709,0.32314028185333915,False
3877,44.63269801638717,15.644084941335077,39.115834084289375,0.7410966365330601,False
3878,24.865949879085974,15.831881134846329,39.17914870688864,0.230583589547244,False
3879,26.148383850073742,16.01811875875523,39.14708210807074,0.2587744614873866,False
3880,23.130630495768855,16.229286764788892,39.10520260484633,0.1764814723175651,False
3881,20.449808206504485,16.293907492822246,39.107597840847305,0.10626837093383074,False
3882,72.86780775999432,16.293361791516038,39.10753885547455,1.4466378510177864,False
3883,99.41713128424271,16.45347576046037,39.28442805619076,2.1118712840903444,False
3884,116.72493856535561,16.6624003776538,39.632300378185334,2.524772401119035,False
3885,80.33284007259613,16.86867906154016,40.06262352436067,1.584123939673238,False
3886,-14.61160483134995,16.904217410339356,40.11654168551638,-0.7856066579405008,False
3887,-6.900037593108436,17.027615015740423,39.986543000678715,-0.5983926294514312,False
3888,44.93366664732093,17.016790743120595,39.99280938334241,0.6980473823833973,False
3889,19.314315082633584,16.958300628199158,39.944435128239135,0.05898229495224022,False
3890,28.593377011692382,16.83176748412501,39.90283322894784,0.29475625101815617,False
3891,26.858208414262663,16.83607610109943,39.904071258539716,0.2511556339259101,False
3892,10.45609656486522,16.854261058607744,39.9079612113986,-0.16032301073588962,False
3893,17.315045003700334,17.078104503287637,39.764874459307,0.005958537619807338,False
3894,27.140253416347605,17.34593299905737,39.61284643889061,0.24725111416569368,False
3895,37.92732500370744,17.628258032075788,39.51189524568548,0.5137457174709485,False
3896,27.11808789092288,17.938886383910955,39.46481801462538,0.23259201407213326,False
3897,25.720076537364776,18.175928081399675,39.399198759218216,0.19147974307980054,False
3898,19.53235147558439,18.428007081000555,39.31055672482314,0.02809282001052112,False
3899,-21.69258548914786,18.755268103486983,39.087578222785545,-1.0348007073269212,False
3900,2.7100747513891292,19.046214858129453,38.597538464323904,-0.423243055301052,False
3901,48.81979592624907,19.504707620640676,37.93364073036596,0.7727992288950426,False
3902,20.903598334157323,19.914770289761087,37.87557734995028,0.02610727317131006,False
3903,23.465902916050027,20.21457975418668,37.681217894402224,0.08628498078206626,False
3904,4.588942299360042,20.515340605757963,37.502837837781684,-0.42467181751118327,False
3905,-4.378746772545583,20.574063182255564,37.469920040834495,-0.6659424393649018,False
3906,23.692458711630024,20.542683562078583,37.48870359371545,0.08401931375614347,False
3907,64.69574042211752,20.466151197720684,37.46894842525645,1.1804331608779095,False
3908,58.186690634626075,20.280058974488764,37.16819057053683,1.019867555516298,False
3909,53.62549293851839,20.032900710761698,36.77279913315474,0.9135174101410535,False
3910,-69.68939204283356,20.0297211928715,36.76985370847792,-2.44001822653482,False
3911,-71.1667167730809,19.935646057328626,36.97971431511563,-2.4635767073292674,False
3912,49.43899817220563,19.776000152909265,37.315259966472,0.7949294215275133,False
3913,33.91785286901586,20.002628648827905,37.3794355293574,0.37226951191542446,False
3914,15.772882341939066,20.118480228354077,37.39229703722991,-0.1162163929669334,False
3915,8.80559424312105,20.182265351262306,37.37558679547715,-0.30438775905768406,False
3916,20.305656898301777,20.235131511603658,37.35303533660259,0.0018880764591843041,False
3917,43.8111411097525,20.37382760181442,37.309495787129876,0.6281862837723718,False
3918,62.834288644123035,20.639668506231196,37.31647498078098,1.1307236323801548,False
3919,55.595962912988625,20.830571517294153,37.45036746806881,0.9283057482770063,False
3920,64.68789955598118,21.140091862118602,37.521892995630836,1.1605972997933076,False
3921,69.81469511513114,21.28540099052695,37.64351558967655,1.2891807091979737,False
3922,44.97370030038337,21.458851881444282,37.80020007965769,0.6220826442554648,False
3923,-13.016742501997896,21.597852684802177,37.84371278098966,-0.9146722835341965,False
3924,-19.95032995501765,21.63287270711398,37.808718158984085,-1.0998310624358114,False
3925,15.599327785724427,21.792721903220603,37.57367927632621,-0.16483331514990615,False
3926,49.40831324415194,21.84476502392743,37.55891894018541,0.7338749090228326,False
3927,72.22892795575262,22.07338470133919,37.6093737016978,1.3335915575788826,False
3928,36.2293251274823,22.1594457464822,37.707961583174026,0.37312755159054617,False
3929,5.576966825509089,22.101356380957505,37.67853863700206,-0.43856237935992304,False
3930,8.219564892357539,22.06332782118122,37.69205129168463,-0.3672860047252933,False
3931,-4.678735295212391,22.090758287168544,37.68021734085107,-0.7104389377647974,False
3932,-26.996554465806412,21.986029410664027,37.73028912430225,-1.2982297515690262,False
3933,-11.508582057809917,21.80715112534105,37.89147059230317,-0.879240965377531,False
3934,-49.83895773811332,21.74596122500996,37.93716609259774,-1.8869337469329543,False
3935,-30.55291500933754,21.572046757242862,38.1986223777123,-1.3645770062376303,False
3936,46.494451366156454,21.35543924008047,38.39107351218656,0.6548139925833555,False
3937,37.59536987294541,21.219743609518808,38.260693690085766,0.4280012902032121,False
3938,15.725535573345269,21.134896929289116,38.20813130206137,-0.14157618212676124,False
3939,-14.015774397915493,21.009628412090702,38.19105649259456,-0.917110078292749,False
3940,-8.784107254189166,20.801332966962498,38.286539727068806,-0.7727373753819435,False
3941,-18.271404493528735,20.669130094021064,38.35045143271974,-1.0153866025766418,False
3942,-19.03302400998473,20.600959614892236,38.409738665817144,-1.0318732957209453,False
3943,-14.427269084197178,20.480241151594832,38.502686348272974,-0.9066253175178198,False
3944,-2.375254688769701,20.407709100924045,38.557185960887495,-0.5908876185312082,False
3945,11.286172874128624,20.310563049231188,38.59410812588296,-0.23382818293578853,False
3946,1.682996680444603,20.32962579601166,38.58882327956959,-0.48321320866602585,False
3947,-37.53769427107579,20.39651033180748,38.54643236524377,-1.5029718977344557,False
3948,-67.89613318234376,20.38997582792617,38.556216943295816,-2.28980216446316,False
3949,-74.98024264730202,20.41282213368084,38.50240184578762,-2.477587376576077,False
3950,-74.04454082402594,20.407269084369165,38.5161718517141,-2.452263695157225,False
3951,-45.32080941281333,20.474003507429025,38.341315669597265,-1.7160290869312638,False
3952,-38.98033824725735,20.527295099380808,38.24289531320379,-1.556044145174659,False
3953,-19.00113279483321,20.461378779512735,38.336306175988746,-1.0293769930046777,False
3954,-22.359360682529086,20.534391011431588,38.24877874809503,-1.1214410785886069,False
3955,-7.5578410261989575,20.55804330365497,38.22084175600669,-0.7356165651541493,False
3956,-23.368495232891974,20.668682448418316,38.11158531975398,-1.155480080711441,False
3957,-35.68310325095058,20.66958267606655,38.110537073930615,-1.4786641767262052,False
3958,-56.870782196670916,20.59726334120098,38.206327268579315,-2.0276234612475093,False
3959,-44.24683693093675,20.5881726575169,38.224681848921,-1.6961556369444004,False
3960,21.82580482052572,20.45953210116155,38.406947107012165,0.035573582965533875,False
3961,10.105745555859812,20.34890238051615,38.37588708575794,-0.2669164833054186,False
3962,40.09622920578704,20.08100522331562,38.28874806207595,0.5227442785546701,False
3963,48.69027084910863,20.083570378468806,38.29008237996816,0.7471046989861193,False
3964,39.07721817981019,20.12348869827835,38.316537395218646,0.49466185542895613,False
3965,18.22564097675081,20.227574042156963,38.344287795317555,-0.05220942102491262,False
3966,28.968230727374475,20.576571119549747,38.05484752020782,0.22051486616438556,False
3967,39.592001198851904,21.001791809245606,37.74401217698018,0.4925340025442325,False
3968,21.162120737832765,21.43328649327652,37.53792139507339,-0.00722378185488295,False
3969,7.717447887843946,21.69729732374041,37.377819318186866,-0.37401458113139074,False
3970,25.597563003981122,21.87768212163324,37.235677880747474,0.09990098459497174,False
3971,19.13291966028214,22.018880539544178,37.20434050659455,-0.07757054257554959,False
3972,17.45987484839543,22.210670315229713,37.105198067746386,-0.12803584711124077,False
3973,60.62195810651792,22.451186370870293,36.94133059226491,1.0332809112089794,False
3974,29.64088657035836,22.6354189014929,37.05455758762065,0.18905819216165404,False
3975,15.082358371317468,22.696972303516453,37.057572477830576,-0.2054806460070846,False
3976,-13.026242012894045,22.612308271668034,37.058630856990376,-0.9616801662773673,False
3977,-17.223819541919283,22.34292075752843,37.15266548007885,-1.0649771635002416,False
3978,-5.456036543941536,22.11849615890813,37.27765423058376,-0.739706756554082,False
3979,19.094469259035577,21.76263787487834,37.253681515957844,-0.0716216091206942,False
3980,56.8402480545044,21.242896872258225,36.67017114569126,0.9707440699094979,False
3981,65.76360607556103,20.8461168242407,35.90985834511468,1.250840056778756,False
3982,-18.950921094381783,20.636385771811046,35.53991536404409,-1.1138829808875546,False
3983,-24.527284776341958,20.351000593063162,35.66468241711394,-1.2583396886739127,False
3984,29.158748695904023,20.228071949722125,35.784077010049344,0.24957124767180305,False
3985,26.806262676107735,20.00545408914359,35.610034073416706,0.1909801201802563,False
3986,32.1864539187668,19.936343442057108,35.58534608853743,0.3442459276981891,False
3987,11.734157745122957,19.928365701826483,35.582431186544326,-0.2302880293295475,False
3988,-3.4285695040941846,19.90486240042026,35.58655619762247,-0.6556810885250354,False
3989,2.1883555815338696,19.92188639635032,35.57463276011746,-0.4984880921862227,False
3990,7.582569911706514,19.910877231511613,35.579863562174054,-0.34649675646625205,False
3991,27.304082282835225,19.85207208179005,35.592097438869196,0.20937260620406797,False
3992,55.039412203180746,19.94697609094523,35.59057546917709,0.9860036161153679,False
3993,43.38961916196956,19.999140827650397,35.63579003005486,0.6563760285542113,False
3994,41.50238299725652,19.90639853164653,35.55394046455709,0.6074146545623693,False
3995,9.49687214317919,19.872271107935088,35.53029433702034,-0.2920155646992596,False
3996,12.56732516507509,19.873774927899802,35.52984715523381,-0.20564258919837256,False
3997,34.204496840661704,19.8438919474072,35.53389243067207,0.404138244108004,False
3998,14.758696464353761,19.817933887658086,35.52172493595117,-0.14242656944240686,False
3999,6.113086047595743,19.880212946763987,35.50351500357277,-0.387767996993617,False
4000,7.090103203976241,19.914735734661914,35.48719067875308,-0.36138765242874094,False
4001,2.4743210166870995,19.860433069484078,35.49986673443459,-0.489751473797297,False
4002,29.32649799545993,19.7887613061521,35.522870428095764,0.2684956641838335,False
4003,65.09871570577047,19.646998338699053,35.43638312033791,1.2826285688559858,False
4004,82.23100821413391,19.56113520003305,35.307674048686906,1.7749646416153984,False
4005,74.40069708968986,19.472167487652953,35.12930677811515,1.5636098357698385,False
4006,-17.27199563289264,19.52213057089738,35.20178200904648,-1.045234760965633,False
4007,-23.82499950651527,19.26677242701653,35.31264979378262,-1.2202927898409603,False
4008,49.63426589618325,19.00602548273688,35.46873208412423,0.8635279192050833,False
4009,45.11566521322129,18.876082603033986,35.315050196024124,0.7430141671762777,False
4010,49.84438603005401,18.814722619812226,35.26008032205924,0.880022482275208,False
4011,34.25621639998553,18.77683138289753,35.22305473422272,0.43946742080970713,False
4012,21.37420108823767,18.69854658136797,35.173620100006225,0.0760699211301604,False
4013,12.347554734420783,18.702889753441546,35.1739068743677,-0.18068322753342167,False
4014,23.069109853774307,18.778140437757894,35.14653311172756,0.12208798524667627,False
4015,22.520098438328432,18.766603971081366,35.144794276989614,0.10680086608743061,False
4016,27.190615902686204,18.681447641261805,35.11809519698467,0.2423015318369266,False
4017,46.539385560554365,18.514452271141998,35.00971876340603,0.8004901004433511,False
4018,92.74953013631716,18.456050114654783,34.95436302595186,2.125442250699954,False
4019,46.79225349345802,18.695577086677865,35.325020458382674,0.7953760830763448,False
4020,54.98806960857519,18.761520781364755,35.36729488900029,1.0242951557620366,False
4021,76.30097623364918,18.933545937866114,35.473269243642186,1.6172016709755315,False
4022,50.99691795918352,19.187973786674796,35.73113348415087,0.890230481678341,False
4023,12.708536148476696,19.501093695789613,35.77826912704572,-0.1898514856376394,False
4024,31.05827391042726,19.724891366182305,35.61616068253119,0.3182089907238005,False
4025,25.90418610568645,20.013322778866478,35.50977478801111,0.16589413371353903,False
4026,71.44974188343281,20.235748566945787,35.42836879547178,1.445564530846615,False
4027,132.18742815840824,20.477189532448286,35.63898257943301,3.1344957274517453,True
4028,165.64093588766445,20.826474269822388,36.44036635133885,3.974012231974211,True
4029,111.28413139602526,21.215078671132282,37.62248329655044,2.394022000486908,False
4030,15.30816023746138,21.408579148609977,38.00198836771134,-0.16052894001546145,False
4031,44.80542325022225,21.588762001118102,37.900131782159534,0.612574683975974,False
4032,101.2964511898756,21.853503425107085,37.90607628998897,2.0957839887466667,False
4033,91.971399565208,22.02928970220657,38.206207825098055,1.8306477885265477,False
4034,85.19900222564934,22.349234467789145,38.56597358654562,1.6296689001463813,False
4035,85.5190452713191,22.56650391704582,38.81730202912827,1.6217649878663403,False
4036,86.65695096938612,22.82544232821362,39.09195145183887,1.6328555180933515,False
4037,84.45562780154955,23.37153989614199,39.33971517132395,1.5527333545600712,False
4038,80.35568413451324,23.70201409408273,39.61894528584751,1.4299641151898121,False
4039,81.1794274365127,24.003151461604595,39.85685511994554,1.4345405778464295,False
4040,82.89439072505229,24.333148170902412,40.10008597013526,1.4603769826768864,False
4041,41.796340084433496,24.60699508790367,40.34269479178358,0.42608321246875913,False
4042,27.29518591548799,24.607396286067942,40.34286641967842,0.06662366529585514,False
4043,-18.909078010672374,24.55042435167191,40.33220741340135,-1.077538402916767,False
4044,-6.561900240969862,24.356041148479324,40.463067692157296,-0.7641027522844448,False
4045,38.64001449975353,24.150538383637727,40.532253119904354,0.3574801547116658,False
4046,-5.837826410436492,24.11486764841967,40.51675368477181,-0.7392668793727633,False
4047,29.204059855020205,23.93210707526775,40.582540439656846,0.12990691865610154,False
4048,11.063085153955399,23.95029562291624,40.584224414434466,-0.31754236171573325,False
4049,-3.381976664936701,23.878464995881636,40.596361288968055,-0.6714996318703638,False
4050,26.987808884346578,23.73660913355163,40.65001603050472,0.07998028213211944,False
4051,81.23212710410348,23.463513902148964,40.47169049469626,1.4273832522396115,False
4052,35.177593563973915,23.355269829648137,40.29124757627422,0.29342163485866923,False
4053,24.91970504788742,22.869868966544672,39.64570055192264,0.05170386833392301,False
4054,-28.253731800681408,22.540028877111883,39.39447770294116,-1.2893624599064317,False
4055,-40.80288726634399,22.45882574038967,39.485471316205405,-1.6021516496567725,False
4056,13.472115881467062,22.25702306376327,39.722342324396536,-0.22115783380933013,False
4057,8.489697809350673,22.069751928252238,39.688941785261086,-0.34216216175218517,False
4058,14.51593118589517,22.005319682577934,39.702226116632986,-0.18863900665623215,False
4059,9.246718356245765,21.92152536218628,39.70309400752046,-0.3192397802433152,False
4060,8.230421476238917,21.816695064221896,39.71323036266196,-0.34210950516774574,False
4061,3.2261394504726013,21.803446998218167,39.717413890036035,-0.46773708880391335,False
4062,9.991751425105349,21.71958446516324,39.7418145387286,-0.29510059307002856,False
4063,17.45158162459734,21.617510048548702,39.749830143524974,-0.10480367862980593,False
4064,25.500984643203083,21.495630623673048,39.73090862508967,0.10081204176137805,False
4065,14.779957274454773,21.486005009103287,39.72973418531298,-0.16879165874529212,False
4066,16.558702993297402,21.420885251585965,39.731718448493424,-0.12237533255934291,False
4067,-4.947963496881812,21.403184963000925,39.73322716345564,-0.6632018172467758,False
4068,-24.196988290339732,21.502855332002508,39.645379292116864,-1.15271551031495,False
4069,45.68887776356928,21.34269424246841,39.77588911072734,0.6120839550142158,False
4070,1.4813205562591065,21.32405782483341,39.76366961852159,-0.4990167521996441,False
4071,24.041452647650203,21.208449028536396,39.793122615081465,0.07119329755841046,False
4072,6.202652864616994,21.21187491979592,39.79334290346873,-0.3771792204436938,False
4073,7.184721348220137,21.221480339827213,39.789500965484955,-0.3527754470653738,False
4074,29.27229046899697,21.290310507212723,39.754937606344534,0.20077958720051908,False
4075,58.278066882294524,21.323523791482764,39.759287098397856,0.9294568838559705,False
4076,56.861961222267155,21.285323353745724,39.7204298922138,0.8956760529798632,False
4077,18.442244903772917,21.27743805962454,39.713191204765636,-0.07139172324966411,False
4078,-67.7207314990103,21.068013964179624,39.63427456145644,-2.240201099821195,False
4079,-56.694965852147334,21.079732181702383,39.60756269259344,-1.963632517291792,False
4080,2.8297233529151526,21.165873556231748,39.42103502757331,-0.4651361941788502,False
4081,18.041380622541965,20.888437396593115,39.38485986594652,-0.07228810217280504,False
4082,11.64768203878998,20.793934585602198,39.372454569618675,-0.23230079624931038,False
4083,-4.751037128144617,20.769379821892976,39.37689081420927,-0.6481064508228891,False
4084,-33.6498309544445,20.688685587540206,39.415426561134595,-1.3786103889476857,False
4085,-15.555298306650002,20.367521969369097,39.63775843418318,-0.9062777940802937,False
4086,-1.6655055175244797,20.014150306176226,39.692095893838086,-0.5461957937843821,False
4087,7.208243946629864,19.630222959975942,39.58723510173237,-0.31378748683568664,False
4088,7.070501038634802,19.342200823271426,39.49992404593661,-0.31067654131094524,False
4089,15.883634576118084,18.99924011781103,39.35371225954728,-0.07916929211518274,False
4090,11.416301094818209,18.678221900316906,39.15618452354471,-0.18546037858035136,False
4091,-22.627457990044377,18.478475476474255,39.106802452421675,-1.0511197768349676,False
4092,-3.9162110634326837,18.421268836664456,39.16014356006586,-0.5704136366567388,False
4093,62.25451690768,18.516710020542934,39.085532339354984,1.1190280461678077,False
4094,99.65054783769256,18.794419479602197,39.230158723735,2.0610706402564425,False
4095,123.90807666175965,19.093480399801845,39.65414639882589,2.643219077464778,False
4096,124.38282602773893,19.401094380194742,40.264559097025945,2.607298676599651,False
4097,97.12556276289206,19.925817599839128,41.05188163032939,1.8805409666293416,False
4098,94.78574275762435,20.470749718514025,41.465802945555275,1.7921995417931766,False
4099,74.55955002189876,20.98602458675966,41.84874111596028,1.2801705381457034,False
4100,56.683581517660514,21.45768104698056,42.00399401368808,0.8386321657697763,False
4101,38.10954974843844,21.9557770945012,41.92204064003102,0.3853288725289801,False
4102,6.20921205071204,22.251123117157437,41.859604781935765,-0.3832313073669577,False
4103,31.54606625565293,22.584743175424258,41.50344419347218,0.21591757634510114,False
4104,92.71929756592499,22.954379968668245,41.30340726781235,1.6890838362292786,False
4105,64.80558794097283,23.229527862714487,41.61396030218446,0.9990892425606478,False
4106,41.925488196855895,23.391493446452746,41.72301787253355,0.4442151046462092,False
4107,-13.14928329688314,23.547445545402216,41.74315268307897,-0.8791077454281685,False
4108,-9.990846709781863,23.552603230527406,41.73853694439859,-0.8036565820453581,False
4109,-32.02526380530594,23.54542025757745,41.74423868500126,-1.3312180510037661,False
4110,-53.581538852387666,23.463552047388298,41.84011716111305,-1.8414167102615824,False
4111,-64.6227600526928,23.25790612570733,42.134111145052934,-2.085736800661533,False
4112,-68.61191378907859,22.959123441371045,42.57857521777168,-2.1506364823647086,False
4113,-69.37700138094135,22.564857613393016,43.11782114703289,-2.132340098559485,False
4114,-63.01097200749814,22.084719671398553,43.689489057354464,-1.9477383122330683,False
4115,-94.08839572560498,21.699636524446515,44.15303861195848,-2.6224249992772024,False
4116,-101.7993975167692,21.36302520626479,44.81791091413589,-2.748062553807873,False
4117,-58.44521303830152,21.161220061417023,45.296011200689826,-1.7574711545131858,False
4118,-58.7623534556418,21.25964285670869,45.103411268216355,-1.774189447367603,False
4119,-36.86164574562895,21.350608257710977,44.92510730995605,-1.2957621581560308,False
4120,-24.327116511028862,21.4009604223966,44.85461959948338,-1.019473074161399,False
4121,-6.7622192921699025,21.48818198035034,44.75062906702427,-0.6312850089818587,False
4122,-16.63168336272247,21.56103265596143,44.69424729987791,-0.8545331519385098,False
4123,-21.787806776940897,21.595125973341233,44.66271712029002,-0.9713455774183857,False
4124,-53.73307866906521,21.510423796253484,44.731776422189775,-1.6821040540655388,False
4125,-67.7756175619661,21.32968222818102,44.97488277087149,-1.9812236141693116,False
4126,-82.23915065204505,21.138655357282122,45.28557156193179,-2.282797863508235,False
4127,-45.44905280991202,20.98765316409537,45.588528560295764,-1.4573119175394673,False
4128,20.685561941206515,20.98049711719671,45.59892292827408,-0.006468029441268143,False
4129,28.335533144509782,20.97370995720076,45.59888121481528,0.161447452024703,False
4130,-6.575772542595814,21.082220597609393,45.59455440272964,-0.6066073789406172,False
4131,-21.00432330683475,20.804411063392827,45.62018754616311,-0.9164524877921925,False
4132,-29.73859582529076,20.389562288655068,45.68193138780267,-1.0973300950959863,False
4133,-60.04320417481358,19.979944348148514,45.82167363647857,-1.7464038777329987,False
4134,-58.81316829964226,19.514058365103487,46.23564135494077,-1.6940875992926105,False
4135,-48.80336026453972,18.991550037561723,46.62254943301671,-1.4541227609078602,False
4136,-41.80448252234464,18.4653871717082,46.88671748822205,-1.2854358957671252,False
4137,-23.690686977455016,18.090585961826193,47.116140050295655,-0.8867719829060792,False
4138,-5.212856604292938,17.903632778104175,47.219744932256035,-0.4895513394992129,False
4139,-10.245260198029882,17.72023742329302,47.2495062259947,-0.5918685686907234,False
4140,-8.313202928334476,17.54536730508878,47.29858532822453,-0.5467091680222547,False
4141,29.07151906013496,17.391956127846342,47.340642584600786,0.24671323190040112,False
4142,6.09438859757779,17.204155895427398,47.2305746574735,-0.23522405514690603,False
4143,-1.4699362217725138,17.06399816939894,47.228384715232714,-0.39243210418741353,False
4144,-2.7890111633598735,16.965472606344832,47.24980391004882,-0.4180860476651298,False
4145,-22.78457688454978,17.02640850425873,47.21748355409137,-0.8431407688891734,False
4146,-20.81810273609176,16.99330875817164,47.24357879620092,-0.800350279503042,False
4147,-2.182474931931438,16.90186788798027,47.302120647981155,-0.4034563896603275,False
4148,3.170725636911584,16.775219410653087,47.32469340107567,-0.28747135577707256,False
4149,-31.756563354241962,16.455757967691223,47.23367655223062,-1.0207192164814947,False
4150,-44.31793247677092,15.875280768704302,47.223315140942525,-1.2746503091920334,False
4151,-20.109182887226325,15.724286653332937,47.375646086289606,-0.756368989148823,False
4152,44.62236918311123,15.750584878863387,47.354390116883216,0.609696043661097,False
4153,37.09709790855641,15.842630238906287,47.395619172449656,0.4484479376103396,False
4154,45.442945981478715,15.903885210528003,47.41651904543266,0.6229698291991349,False
4155,23.91916529309765,15.98279290137748,47.45479263913906,0.16724069267504346,False
4156,-5.441561098766215,16.055322708210664,47.45757183887184,-0.4529705792779115,False
4157,-2.082202316915982,16.043340615385237,47.462774425921005,-0.3818896630366862,False
4158,-4.437289393267065,16.017920627894462,47.47138210241503,-0.4308956073162425,False
4159,-12.96193183198568,15.946373846317236,47.493224497426255,-0.6086827328363336,False
4160,-12.63050445182921,15.706695190871875,47.53714627016499,-0.5961064528706455,False
4161,-6.271562015086488,15.303898067925388,47.48854151226217,-0.4543298108542838,False
4162,6.074937218123637,15.00829579901434,47.46722763609002,-0.1882005549045072,False
4163,-21.990990759998567,14.797418145567121,47.42749860473453,-0.7756767695501703,False
4164,-64.56150328600108,14.609990390191061,47.51071626574595,-1.6663923404849368,False
4165,-55.46247970630827,14.150890220839418,47.90161610199577,-1.4532572299632145,False
4166,-125.30789744596484,13.617158217583645,48.175598328195,-2.8837224753728057,False
4167,-127.50439546540986,12.783428491926987,49.3533290714931,-2.842519979839988,False
4168,-88.99277514864207,11.988086340063857,50.52421845137479,-1.9986625144116046,False
4169,-87.04514923608917,11.416164445107798,51.12029565295209,-1.9260708965698448,False
4170,-75.9475341139555,10.883310455507937,51.6775762845509,-1.680242201982326,False
4171,-74.4813675393641,10.256679311999514,52.08922458896513,-1.626786490296786,False
4172,-69.75913051568273,9.425845483159426,52.32189074426071,-1.513419619827636,False
4173,-67.79559669202558,8.521142276434327,52.369487886173445,-1.4572748760563878,False
4174,-85.46385763658873,7.674735765828879,52.44739809620818,-1.7758477404649613,False
4175,-37.40786762216112,7.268831825330686,52.90351722612117,-0.8444939351864613,False
4176,54.33358346500404,7.187981419880414,52.961668404623445,0.8901834754323545,False
4177,61.88041712143422,7.215953548266252,52.985456639249506,1.0316880714145762,False
4178,62.28799137464762,7.31574373819609,53.07297716864311,1.0357860170868756,False
4179,48.90514073842769,7.389812817628196,53.141325086435764,0.781224929059893,False
4180,39.0526400801898,7.47700879583321,53.19766065823682,0.5935530039038963,False
4181,34.004403968292536,7.582237599356734,53.24278039244908,0.49625820015746225,False
4182,32.8016603387116,7.711147416225017,53.28059115236873,0.4709128104591444,False
4183,37.68052620276512,7.769079264349644,53.30267632819698,0.5611621967017892,False
4184,33.60289884704048,7.859319905804625,53.340618811118375,0.4826261771052014,False
4185,38.95221667928695,7.897488256663875,53.35682604171622,0.582019785028881,False
4186,60.031329786193396,7.852326537132523,53.32712598638628,0.9784701928692255,False
4187,53.37586690219041,7.657575344572262,53.0743685902409,0.8614005737983407,False
4188,68.05773795699463,7.69676351962424,53.10585844282503,1.1366161136884056,False
4189,118.402582346803,7.774559164555309,53.185065009943884,2.080058060689854,False
4190,142.5143766108513,8.02516396284789,53.6074040383507,2.508780551130398,False
4191,179.1832425996422,8.56991074053639,54.504177835118384,3.1302798911164467,True
4192,201.83844519293916,9.560831612269519,56.070668603906945,3.4292013697741415,True
4193,220.2775989860238,10.577380250855898,57.9783954126456,3.616868270373527,True
4194,247.7016314421594,11.734364851334098,60.183548471054145,3.920793515595313,True
4195,264.98282501417407,12.78348324156461,62.71376154485008,4.021435416407733,True
4196,226.3083559391855,13.573932032372742,65.02214690020072,3.2717225445251494,True
4197,159.08054350556722,13.93504762791751,66.0323611743007,2.1980964075253944,False
4198,79.1469844623864,14.219550080950498,66.55520050506038,0.9755426155841763,False
4199,93.64549987830515,14.599543082289337,66.74342891425376,1.184325679424821,False
4200,138.38382340870498,14.890257824123163,66.98172577662758,1.8436904118656392,False
4201,134.16807618026746,15.111015992092385,67.32842724919834,1.7683030044280834,False
4202,113.34386661574263,15.362186686229645,67.69458645052359,1.4474079105443023,False
4203,81.78347570080155,15.529715640932583,67.9029572836527,0.975712438901674,False
4204,64.63964807206389,15.507480107774738,67.88050922320754,0.7238037623249215,False
4205,32.81168760021319,15.376424733385916,67.76347324546497,0.2572958857004001,False
4206,15.047225259590277,15.069020327425582,67.56507281053798,-0.0003225789143515163,False
4207,1.850142836451596,14.680279500789135,67.37480239424687,-0.19042930306884437,False
4208,30.924526828444073,14.208081378169725,67.1836701449036,0.24881709222225962,False
4209,33.262462010121226,13.898736950213722,66.98486548477449,0.28907612069936656,False
4210,29.566021377342963,13.847940056914245,66.96681643897834,0.23471447735239714,False
4211,3.5020022311805405,13.861456934663378,66.96977605575148,-0.1546885074672898,False
4212,43.35878344802859,13.994856221817267,66.92641512138199,0.4387494410533575,False
4213,103.79339008964917,14.292003148537495,66.94541739737946,1.3369307477738597,False
4214,70.56116064991943,14.679820860382113,67.27521689716619,0.8306378242519079,False
4215,61.51860638499852,15.134576735741375,67.39380470596556,0.688253613987627,False
4216,68.52879306873683,15.326925226991245,67.48025981591657,0.788406387095695,False
4217,63.01018038159009,15.668983012198277,67.60405040670206,0.7002716121976407,False
4218,114.17537539093496,16.064174423189506,67.68602163936895,1.4495046184052864,False
4219,140.3855814547776,16.583148033347772,68.1032423654742,1.817864012362986,False
4220,126.09492438442112,16.93525192829226,68.59066051365524,1.5914655382914271,False
4221,116.51617550446986,17.476426516509207,69.09228374610473,1.4334415309226813,False
4222,32.82269496998174,18.021643602560296,69.51150005905036,0.2129295347510538,False
4223,27.355726449215354,18.38519376190948,69.42769380337847,0.12920683657894094,False
4224,99.45053035826686,18.790899795930667,69.2787378933925,1.164276847630464,False
4225,73.44818263998627,19.302676072578283,69.5562260545196,0.7784422709329807,False
4226,78.59458036447745,19.689333720379686,69.6762037248567,0.8454141226853833,False
4227,72.80070804017191,20.07075425120458,69.82294868000216,0.7551951727307903,False
4228,50.468714996176914,20.449051808847,69.93602812828996,0.42924461097879535,False
4229,54.42737228686815,20.70047022265615,69.96775505561219,0.4820349321970525,False
4230,54.30598964763885,21.005239465729936,70.00268745748461,0.4757067391467474,False
4231,59.09313999577762,21.26901469324502,70.04441653316412,0.5400020040801383,False
4232,91.54128282185195,21.51688111212109,70.10447968992749,0.9988577337632228,False
4233,184.04684139261235,21.909978125089236,70.31180093766558,2.3059694262598165,False
4234,174.32002077139032,22.917519101983032,71.41315749314373,2.120092528942488,False
4235,152.93594320753823,23.856574564947874,72.3600139309518,1.7838494166925116,False
4236,145.12824996618042,24.79635972390275,73.00605605797759,1.648245320178868,False
4237,209.44943824439042,25.80424804685823,73.49281685783133,2.4988182253618865,False
4238,188.12861536023615,26.779013287815502,74.83194540796181,2.1561593941302735,False
4239,183.4282422902047,27.890009090220122,75.83295167241312,2.0510639473969867,False
4240,188.8051916362881,28.83873998094962,76.7756830905297,2.083556214885314,False
4241,182.11670664297935,29.925659854590517,77.73980938002073,1.9576977098621777,False
4242,189.10563251661665,30.966921671821225,78.60016433411012,2.0119386795756093,False
4243,218.60319710115186,31.918310612580864,79.54122008206836,2.3470206554030084,False
4244,219.17022743012308,32.87262686388359,80.81100742459977,2.3053493144490664,False
4245,148.8987264695943,33.8387474960732,82.06009402536594,1.4021429092922366,False
4246,67.25759264634848,34.61527417206024,82.5294323033311,0.3955233613423355,False
4247,85.23074265491368,35.41871657768737,82.18349985818384,0.6061073836376175,False
4248,117.5897710216284,36.263512461657974,81.96010883678385,0.9922663563310332,False
4249,100.12695584843163,36.946607983495554,82.15778147758843,0.7690123409937847,False
4250,61.33532613905663,37.43521259793537,82.28865936796055,0.29044237352622226,False
4251,-0.47542790247211997,37.730972384246485,82.28471242113304,-0.4643195456669801,False
4252,23.891722261619634,37.756422439161206,82.27215461886709,-0.16852239061649718,False
4253,34.99182535089244,38.098931684494914,82.09268197503556,-0.03784876141027219,False
4254,42.39171816020598,38.39980742055171,81.98741972157418,0.04868930810617816,False
4255,58.93036663050066,38.66205279958583,81.92893919680746,0.24738894497616815,False
4256,67.15694306661499,38.96992257746601,81.90721231897031,0.3441335590739017,False
4257,53.50531658638715,39.3275799704897,81.89827242797755,0.17311398880074724,False
4258,45.93420640211116,39.55151855388416,81.88521900026578,0.07794676409433898,False
4259,-18.801643066012957,39.75698227595138,81.85750120964317,-0.7153727450339746,False
4260,-34.40428814125653,39.77975498383252,81.84057239083576,-0.9064458001444273,False
4261,21.048805143570917,39.59827833455976,81.97174346062953,-0.22629106577314692,False
4262,116.0853802246213,39.353006240725776,81.96519322745877,0.9361580319948515,False
4263,192.18965626836416,39.450832623981306,82.04735635505087,1.861593480031489,False
4264,166.88069745256303,39.85727059783014,82.63525440987836,1.537157811902958,False
4265,136.2054950886727,40.110234118216,82.95996333848015,1.1583329729593055,False
4266,151.63541493008142,40.34285276301231,83.17530120926196,1.3380482011969699,False
4267,146.53741947539447,40.68124366880075,83.51308122388406,1.267540057860058,False
4268,89.36272832298891,41.109683367928696,83.8717852741777,0.5753191588484797,False
4269,37.2110166463674,41.304202098912796,83.94598371257037,-0.04875975325466906,False
4270,-0.609778128004109,41.29885368759095,83.94621709435077,-0.4992319280866717,False
4271,35.14359134640108,41.25826446033668,83.96493150056419,-0.07282413032034112,False
4272,72.29942035803788,41.27967830016256,83.96289845570507,0.36944582224302197,False
4273,73.56353384372574,41.15813141202038,83.90274584400964,0.3862257677710912,False
4274,65.91997104063034,41.21026204239391,83.92024543929202,0.2944427637084482,False
4275,75.17588733599791,41.353086345035415,83.9418853528873,0.40293115705911553,False
4276,67.1649347186385,41.87883140832638,83.87505451311793,0.3014734649902066,False
4277,47.88454646063451,42.33809201206698,83.80054111487627,0.06618637988225262,False
4278,21.48374703531863,42.813745644602335,83.6024764874862,-0.25513596612746786,False
4279,49.885701363158205,43.26056282250536,83.28419162656193,0.07954857231921411,False
4280,54.68943815889361,43.942160807123514,82.86349356095728,0.12969857883030267,False
4281,50.086397379076516,44.67609742586144,82.40539737501179,0.06565467949379328,False
4282,22.52922098450665,45.38718908514726,81.92937961749655,-0.2789959866333364,False
4283,-36.544467631816815,45.89635690057586,81.51644530811491,-1.0113397881959132,False
4284,-71.74456598946153,46.238880282086505,81.04425128714826,-1.4557904403795447,False
4285,-79.99353412983123,46.417778088796666,80.7481442101499,-1.5655011450125464,False
4286,-64.48577107413416,46.28951427277566,80.93261392941639,-1.3687348025546298,False
4287,-50.150556774097595,46.25544631076083,80.97829122558063,-1.1905166387902768,False
4288,-23.74787252519127,46.17634564987708,81.06640970964244,-0.8625547674495224,False
4289,-13.990819333577065,46.179793530745165,81.06340539399531,-0.7422660394276911,False
4290,4.6313885266185935,46.13676614954631,81.09358738548478,-0.5118207118600959,False
4291,7.514263904786048,46.26333205364953,81.01158720811841,-0.47831513347982296,False
4292,6.107280790937011,46.43774914104076,80.89565707664077,-0.49854923994120665,False
4293,8.92237791278967,46.793941756874105,80.58309067637775,-0.4699691154336199,False
4294,21.599399810832892,47.25047744422385,80.14619942155835,-0.32005357482355085,False
4295,27.107005128210858,47.86856405412193,79.53970314390713,-0.26102132778077186,False
4296,103.4686726814748,48.30044535137266,79.22634065455027,0.6963369363561993,False
4297,100.82682854406244,48.79320196292187,79.31095247711562,0.6560711346412634,False
4298,65.508777926123,49.22469776887159,79.39613566683147,0.205099152754537,False
4299,51.57586037324677,49.65377247404254,79.28747781334476,0.02424201087250028,False
4300,75.33338319522159,50.08579737690017,79.09767941825594,0.31919502574552416,False
4301,64.87140598075393,50.711225823450846,78.87782390465442,0.17952042103011825,False
4302,24.304046270281106,51.45476516961493,78.41494275779226,-0.3462441971448841,False
4303,10.178198174679324,51.9495104944359,77.97603903806744,-0.5356942060030013,False
4304,32.40705367180101,52.30059119943127,77.65179683670006,-0.25618901735739497,False
4305,25.028949423194035,52.74232653392022,77.32364773172249,-0.35840752374847684,False
4306,25.388272192490035,53.03232436963837,77.12638210539428,-0.3584253717407922,False
4307,-7.620869527065906,53.2144739458097,77.02406813033575,-0.7898225184618073,False
4308,-3.1745706770359448,53.23009531885114,77.01138577754696,-0.7324198289174552,False
4309,60.60167740468387,53.260682415585066,76.98781273360513,0.09535268932110424,False
4310,46.01819414130432,53.44836192954071,76.96692071576936,-0.09653715803020374,False
4311,55.42851518520729,53.68600362920576,76.88142245206016,0.022664923468190046,False
4312,32.50694932209831,54.024684887580634,76.7622255746772,-0.2803167235497759,False
4313,25.42777809494737,54.23477989047026,76.65402326976036,-0.3758054772173597,False
4314,59.170870120650534,54.52175819391966,76.45393848191526,0.060809318905534156,False
4315,118.0553224484861,54.99788303235265,76.23068603252338,0.8271923381252316,False
4316,141.99265744099625,55.71358420723608,76.25505634850306,1.1314537994627538,False
4317,100.59763399545568,56.539905229879444,76.43422397607792,0.5764136334970216,False
4318,26.00807758199562,57.32772783315144,76.20042807206289,-0.41101672318083,False
4319,-1.955617564576869,57.74633503588221,75.83096613875676,-0.7873030720881948,False
4320,47.29791396632186,57.85439197232655,75.73222982487259,-0.1393921455952912,False
4321,39.62570184465062,57.87031783413137,75.7297118583068,-0.24091754136892962,False
4322,47.395774007141654,57.885369048036694,75.72580965490226,-0.13852073802443624,False
4323,30.953553111738074,57.896993024379924,75.72403815535415,-0.35581092304355383,False
4324,4.015955927842697,57.93886438044327,75.70708064750679,-0.7122571362071981,False
4325,11.684624581164144,57.99515912464926,75.66317313351674,-0.6120617550861187,False
4326,18.850120728760885,58.07710452285213,75.60515069286005,-0.5188400979907807,False
4327,19.410968836355323,58.21572005929277,75.51113889752735,-0.5138943974292001,False
4328,49.90982710511685,58.408415896604325,75.36958728303841,-0.11275886067376738,False
4329,58.1026275024891,58.78067977491948,75.17079909327909,-0.009020155174737282,False
4330,56.4510696795345,59.163859474428854,75.0010933164294,-0.036170003328472866,False
4331,39.59886195672152,59.46371740574678,74.88818841715874,-0.26526019481696694,False
4332,58.400128058016435,59.83032367191773,74.6373817270727,-0.01916192102144082,False
4333,104.8919406711459,60.56223814420355,74.01052251118381,0.598964863681967,False
4334,40.78238038567906,61.5167287416884,73.53773822263862,-0.2819552090823791,False
4335,26.39635124164238,62.50536134782913,72.11371149746377,-0.5007232238692457,False
4336,26.454403808230154,63.421437221085384,70.64814822774498,-0.5232555182293868,False
4337,5.28398984659907,64.1086228101144,69.7120251573479,-0.8438233264740409,False
4338,52.009595977896424,64.65820101893992,68.87214266820851,-0.18365342722061284,False
4339,97.08869561346182,65.41985060281999,68.01002417863069,0.46564966551787296,False
4340,109.26035861041555,66.44110097872966,67.17975862645072,0.63738332061864,False
4341,68.27848849591624,67.50669317590882,66.42195270698556,0.011619581908591557,False
4342,-22.264064001792576,68.3166579686942,65.58657165218693,-1.3810863975456238,False
4343,4.957010650116217,68.69284721652036,64.87664826153207,-0.9824156807464982,False
4344,63.87169554834372,68.9450191109982,64.54324951662322,-0.0786034728751585,False
4345,46.45901668265469,69.00179358768474,64.53451426525639,-0.3493134977722528,False
4346,49.67754144582159,68.90999953745391,64.55566863552404,-0.29792051570586603,False
4347,37.413748271763325,68.83493733549662,64.5707441415348,-0.4866164929872904,False
4348,-10.883725341081572,68.76653618986172,64.59806337065585,-1.2330131489224339,False
4349,-13.504534847223795,68.469295919497,64.850003835573,-1.2640528283477854,False
4350,-20.028060079890338,68.1865046170237,65.10428233644659,-1.3549733063800302,False
4351,8.345546501147737,67.8720419954844,65.40312097080323,-0.9101476292073284,False
4352,30.07122949254517,67.69742902107001,65.52325768171181,-0.5742418930282626,False
4353,40.13038220924727,67.6764071796742,65.53482724947929,-0.4203265061730333,False
4354,36.558716898161265,67.6834200697335,65.5317980322088,-0.4749557330362656,False
4355,6.810018418425443,67.54370213587615,65.57321992094249,-0.9261964532269955,False
4356,23.844601671856708,67.26652446632994,65.73169120979018,-0.660593421457653,False
4357,49.316560031765675,67.00335103606126,65.81695834336706,-0.2687269580587969,False
4358,15.438740815812253,66.59212471275747,65.70962964711804,-0.7784762168293359,False
4359,16.733162264835755,65.83572211873937,65.5616689416231,-0.7489522558924656,False
4360,-3.3423953695357795,64.8687573548417,65.0760878491407,-1.0481753740714175,False
4361,-2.3942537105617703,63.647442827684124,64.41209530743649,-1.0252996152823688,False
4362,41.441691677641984,62.3220151330616,63.453631242356096,-0.3290642796417573,False
4363,72.23465781946788,61.09427739636804,61.81970243520024,0.18020760347038633,False
4364,72.31118165724274,59.94696687735192,59.76762651632941,0.20687143693940624,False
4365,60.56156835867773,59.030317030435604,58.36535010492397,0.02623562311353195,False
4366,14.497836879426359,58.44389455932318,57.84670929737755,-0.7596984895714558,False
4367,-23.069034460830608,58.05907820466268,57.9231442416526,-1.4006165191418247,False
4368,30.543641677272262,57.3643488335964,58.19307266468429,-0.46089175099703683,False
4369,12.240496754479409,56.72244298995692,57.88799844368903,-0.7684139619846702,False
4370,16.551465270710196,55.99668358861294,57.67515515039825,-0.6839204543974318,False
4371,-4.131156345695217,55.42053834251157,57.582234217347526,-1.0342025712900513,False
4372,-20.595995124185038,54.909141723187176,57.72802487245903,-1.3079459589027844,False
4373,-30.96976259461644,54.40178670416189,58.01583250265055,-1.4715215763710363,False
4374,-16.305231916844832,54.02213521490695,58.36559889451779,-1.204945523798224,False
4375,-5.885022393143117,53.83551344599961,58.540827011529544,-1.0201518989026384,False
4376,6.28784689090844,53.78947079582343,58.58498381298276,-0.8108156871144917,False
4377,14.422971686410847,53.642823891433345,58.67332890065443,-0.668444298966392,False
4378,15.904970779162795,53.53068406807793,58.730489972626756,-0.640650423765438,False
4379,-18.08850121230489,53.449368290707795,58.77331077549278,-1.217182911071303,False
4380,3.1182521481514414,53.32085338925849,58.906634572095534,-0.852240186623874,False
4381,59.0078705765427,53.08132641723542,59.029071102133464,0.10040043064633423,False
4382,-4.2623400675952325,52.814745943943116,58.89966541459976,-0.9690562010797155,False
4383,-18.488762349987155,52.36936796348172,59.047378806125025,-1.2000216054657233,False
4384,-15.529363134044388,51.893133625773466,59.29526671936406,-1.1370637234658003,False
4385,-19.613625068807778,51.392787457899765,59.50831850301599,-1.1932182644869862,False
4386,17.734606734949466,50.90097909212359,59.75265318135343,-0.5550610825014229,False
4387,43.379441114580686,50.32692689774272,59.60420271536015,-0.11656033411502462,False
4388,81.5679272749901,49.749509395717745,59.195002881098944,0.5375186473625804,False
4389,47.90965231086011,49.48446774625685,58.95030206457969,-0.02671428949883134,False
4390,-33.767293160605504,49.07609558439012,58.72035004952874,-1.4108122426913305,False
4391,-3.2627804210724207,48.67972660742234,59.05451343272603,-0.8795687917684198,False
4392,59.85046211444751,48.497473590337286,59.16785564845081,0.19187764031139903,False
4393,46.04390313507906,48.261758898409795,59.04239878959528,-0.037563781431617115,False
4394,45.18397122014176,48.09863818707106,59.01024489832019,-0.04939255839306428,False
4395,30.593777984780218,47.899765513592875,58.963134317732504,-0.2935052169302349,False
4396,-5.863158439493191,47.64853378707268,58.94631620275109,-0.9078038404046769,False
4397,-14.261555394119114,47.31322501662227,59.09022065602892,-1.0420468857135494,False
4398,-10.83894193257106,46.90436235185449,59.278041987974824,-0.9741095074655027,False
4399,-3.634090668404042,46.51659490197228,59.44217991510944,-0.8436885329911775,False
4400,30.97775424664019,46.143218528971204,59.55959882677517,-0.25462670301790785,False
4401,148.16718873764262,45.78272133507113,59.466385853168006,1.7217200260896142,False
4402,184.4869100045264,45.569151974029644,59.029672546119656,2.3533547119367952,False
4403,138.77797771795395,45.62966917184593,59.1675088981822,1.5743151990123723,False
4404,142.78187077481766,45.54539556774127,59.02366287046582,1.6474151294282255,False
4405,183.99572497683766,45.53142902493553,59.00023081674631,2.3468432925621907,False
4406,144.5011314611436,45.379918826914384,58.60815476834767,1.691252915673798,False
4407,109.6727580120205,45.12023142275312,58.06600799037128,1.111709394590579,False
4408,78.37405600438706,44.68121068300202,57.28764364212996,0.5881345990046438,False
4409,22.95292932765483,44.0238824947169,56.24816023556957,-0.37460697521156366,False
4410,48.59633124135735,43.07647905831616,55.23967582666007,0.09992549920753097,False
4411,68.4443529718817,42.24011416977295,54.06670731327744,0.484664964897421,False
4412,35.41153786802897,41.346311526146344,52.34754819668581,-0.11337252388246734,False
4413,7.788769612508986,40.25250980256245,50.496769913162936,-0.6428874608391769,False
4414,-74.35681839650283,39.412569583175035,49.84819109569476,-2.282317281308605,False
4415,-52.66212190493343,38.56962666030092,50.566692514323584,-1.8041865905979895,False
4416,17.177452881592444,37.748835799825635,50.922636310671095,-0.4039732505742707,False
4417,1.329403774863522,37.15114342994447,50.567958519589766,-0.7083880920603862,False
4418,2.5715025210142812,36.5630627628399,50.40541749041228,-0.6743632318548144,False
4419,-8.60519979897731,36.21327809844679,50.436366929952065,-0.8886143198948033,False
4420,-37.996988083612905,36.164886599062825,50.47566370504728,-1.469260020354323,False
4421,-34.185271640038536,35.79650141843645,50.79063063849257,-1.3778480829776913,False
4422,-32.24563737950916,35.384732983966614,51.07680250505352,-1.3240917020360554,False
4423,-16.354614294916473,34.94046301051593,51.33941587623642,-0.9991363639408967,False
4424,0.030911106884559558,34.49233812405512,51.45719582520082,-0.6697105519359317,False
4425,-4.421268392747606,34.0927784100091,51.46265281730713,-0.7483882912037573,False
4426,-7.9253062334059905,33.74797730894282,51.52582551448491,-0.8087843935781999,False
4427,-55.77781069300181,33.42738497182665,51.61702461868582,-1.7282126647907443,False
4428,-63.9108244860829,33.207288735951714,51.91901424677998,-1.8705692823907552,False
4429,-23.528479059255005,33.031654591042034,52.19826063201983,-1.0835635702313329,False
4430,15.922612727969863,32.766313613644265,52.37254770843533,-0.32161316610842455,False
4431,38.46857094596021,32.170106664259436,51.987073041437434,0.12115443153878744,False
4432,37.45528978369839,31.25510020400703,50.484851056867306,0.122812872572553,False
4433,3.0763336714983325,30.484710872644737,49.378211810619895,-0.5550702667456989,False
4434,7.962927312272768,29.6922753880187,48.73547942958216,-0.44586302074123724,False
4435,-2.840353757965431,28.837082009341266,47.835090285003304,-0.6622217200505177,False
4436,-3.9735097005846,27.947928597237933,47.0154758436453,-0.6789559761977203,False
4437,-17.659590756046782,27.392355751859522,46.83653094103675,-0.9618975958023646,False
4438,-24.708529412806,27.06574499351182,46.95880955659014,-1.1025465699662713,False
4439,1.9484552349329078,26.922300045387995,47.080505635952036,-0.5304498002541489,False
4440,98.10288149104713,26.724709949486403,47.115440092940645,1.5149634896916817,False
4441,49.5399493237137,26.87830198004003,47.30656991427815,0.47903805718186077,False
4442,32.6697226873755,26.735304453135193,47.200796330761364,0.12572707868432229,False
4443,31.186517307525946,26.537386308175346,47.10512084865711,0.09869693391272001,False
4444,21.114095432746353,26.27554481991063,46.95515919900935,-0.10992294510787581,False
4445,-1.1304417966484834,26.001432681304127,46.84932531368083,-0.5791305274150794,False
4446,11.88750699244747,25.7096767988203,46.864850130491284,-0.29493681870071375,False
4447,28.33960436346524,25.652556322374636,46.875878494845395,0.05732261724729235,False
4448,41.228329647195324,25.524305744995516,46.83864039252801,0.3352792431760041,False
4449,30.63004199066154,25.44418009909255,46.79994740554517,0.11080913930588167,False
4450,16.157160175573836,25.328368459875794,46.76266096478199,-0.1961224638437278,False
4451,-37.211845968747184,25.290439526489287,46.76752885084417,-1.336446184586216,False
4452,-61.52663573349423,25.286467036388515,46.7728406755527,-1.8560579497849135,False
4453,-45.62087332842361,25.34728804981689,46.65239930864688,-1.5212113938390037,False
4454,-54.802452181380886,25.55188722125384,46.26138318070894,-1.7369636158251012,False
4455,-32.79623204677091,25.609526024186895,46.154438912902826,-1.265441839325015,False
4456,-15.853175826895267,25.71282557613527,46.00303507132645,-0.903549110152919,False
4457,-23.752697673583043,25.75981781838703,45.956216679585744,-1.077384499189292,False
4458,-21.000930624371904,25.701711399696517,46.01291422529572,-1.0149898742643326,False
4459,-19.343190580040073,25.549138071416813,46.12555823572398,-0.9732636388276389,False
4460,-13.130887418639759,25.389272270911896,46.23485221201259,-0.8331411877973619,False
4461,-19.787858161515032,25.27475936490251,46.30666361255243,-0.9731346206121907,False
4462,-29.28427794703248,25.10386510255546,46.420211473847814,-1.1716478948017954,False
4463,0.39015848323697355,24.800986068282448,46.60883180587153,-0.5237382409994307,False
4464,44.96812122255574,24.641957219205228,46.646480174477865,0.4357491482170129,False
4465,45.50197865633368,24.293739650997374,46.27135841307268,0.45834485376475365,False
4466,53.683545505106395,23.96442506833232,45.918940829618855,0.6472083175229622,False
4467,34.358901589196876,23.894036780111986,45.86390729350455,0.22817211673910237,False
4468,37.41563309535377,23.791554882587878,45.82089777094198,0.2973332884238206,False
4469,12.088203008365781,23.565853989136286,45.65859559168412,-0.25137985152703535,False
4470,0.9693270761310941,23.25166825715778,45.554148328692456,-0.48913967220394877,False
4471,0.7935107316077392,23.112771119097367,45.586483309323896,-0.48960259197981665,False
4472,11.107039240086124,23.05690988431718,45.608172911882114,-0.2620116062820355,False
4473,16.297014085990213,22.9301240841284,45.6116306178455,-0.14542584661603813,False
4474,34.88386265562781,22.878148278549805,45.614199700004555,0.26320124996244987,False
4475,6.068830389690447,22.934669650354195,45.62321085231222,-0.36967672694630116,False
4476,15.128574245756909,23.01615595938251,45.58051509929007,-0.17304722635195607,False
4477,100.73665858349204,23.125103250589603,45.53939442695094,1.7042728896493775,False
4478,42.36058087449078,23.364001948082514,45.84144491414018,0.4143974728979062,False
4479,31.51402425461424,23.342230440541957,45.83148879276352,0.17830085884887412,False
4480,7.004607605910451,23.199882280240807,45.7683296817486,-0.35385330395373105,False
4481,-0.1396277315855059,23.04808262716826,45.77956650637163,-0.5065078620944671,False
4482,39.86831633722181,22.895895687724614,45.814092595893186,0.37046287916697973,False
4483,66.05168251313557,22.780999534251823,45.74672933747467,0.9458748987206262,False
4484,84.47221424914596,22.471454058446163,45.27166962757103,1.3695266973970968,False
4485,64.04148045737747,22.129070468018487,44.57447525460416,0.9402782590251536,False
4486,14.775132126063,21.911474316006114,44.2773635517052,-0.16117360243478818,False
4487,-27.701930846321602,21.84461154543509,44.27962158932632,-1.1189468340827007,False
4488,51.93133810241807,21.691359680662796,44.406858697637496,0.6809754012923251,False
4489,21.117714294040297,21.7189395862348,44.42429289579212,-0.013533705389634934,False
4490,29.036159769576898,21.608772993671643,44.402563909961835,0.16727382659628132,False
4491,7.5113989729284185,21.499489575590896,44.36129112583413,-0.3153219901328888,False
4492,-13.433967051994841,21.35995294381227,44.36824331157813,-0.7842077440719286,False
4493,-27.661218656766323,21.25608435464657,44.429473114654854,-1.101010198459404,False
4494,-5.34724452629689,21.021882906801746,44.583663827430634,-0.5914526795098144,False
4495,19.936306867504072,20.877850970759738,44.62978406859531,-0.021096765823659967,False
4496,35.07272197939744,20.880977982849906,44.629699079176525,0.3179887897377549,False
4497,52.93157628543372,20.7926618809111,44.58657042674258,0.7208205093353854,False
4498,62.02585010967857,20.761881814142914,44.562437858835395,0.9259809444503776,False
4499,16.0161753710031,20.795065030989008,44.59123909703708,-0.10717104428487267,False
4500,23.327104506844307,20.654691896550208,44.56880380561902,0.0599615063026927,False
4501,46.70909507664442,20.4459238992218,44.47297997203944,0.5905421942477097,False
4502,27.6218635401965,20.09959743734977,44.03582832253832,0.17082149670832236,False
4503,21.659638772785684,20.021261027555234,44.010513403041955,0.03722696279923895,False
4504,15.228394503110621,19.993066310478703,44.00792201315899,-0.10826850233790583,False
4505,8.09049217287884,19.92624482651966,44.006575139001846,-0.26895418732895465,False
4506,57.135336035835735,19.94295019750942,44.001515895832426,0.8452523755402929,False
4507,104.8714337904812,19.973460554997153,44.025654292573115,1.9283750485862936,False
4508,96.73088070303788,20.019786377479413,44.11129577069281,1.7390351606158143,False
4509,76.71186777638195,19.94520615184026,43.96987598644548,1.2910352906622038,False
4510,2.6121393176256333,19.995404838033508,44.03015932815477,-0.39480360247736535,False
4511,-8.359569588661088,20.143477476839568,43.92890316895158,-0.6488449519414877,False
4512,46.84849662939905,20.064212118275417,43.96846614231104,0.6091703182101458,False
4513,33.176966412055435,19.9628835532817,43.88644313783768,0.3010971478657134,False
4514,19.478370127952076,19.88382373024242,43.850374245392594,-0.009246297420892478,False
4515,16.285026607954478,19.704066758112244,43.78936442590289,-0.07807923670468458,False
4516,-14.394623939609346,19.578300557732426,43.76853302493715,-0.7761951829179579,False
4517,-21.350452310997298,19.55740235178881,43.78400029680595,-0.9343105788753236,False
4518,-23.754431711286315,19.51070046212349,43.823643193198414,-0.9872554863290032,False
4519,9.441609115505116,19.488519678603275,43.844713032998314,-0.22914759541330956,False
4520,6.457405621111434,19.495043860831597,43.84312652673038,-0.2973701757280322,False
4521,48.26935204487438,19.354485385406395,43.84686896918628,0.6594511156495149,False
4522,41.952855835390096,19.402931634427983,43.87444932493061,0.5139648371187341,False
4523,18.74012242401841,19.43503960429244,43.88905068629723,-0.01583349763568696,False
4524,22.814884847885196,19.50605212813526,43.87815117757384,0.07540957471884284,False
4525,37.73039863497024,19.499922861325903,43.87761342013878,0.4154846709433149,False
4526,-13.847874312472413,19.430957614916405,43.83955693179289,-0.7591051154820107,False
4527,-16.653471923428697,19.256632524867094,43.913692233228545,-0.8177427727455672,False
4528,-15.535846927195735,19.057902559460757,44.00063947700213,-0.7862101528032939,False
4529,-9.148782922482496,18.985322490665162,44.04784191203676,-0.6387169993329361,False
4530,45.88618109702452,18.945116959641826,44.070550204279314,0.6113167185910621,False
4531,93.03624950090648,18.971572253804815,44.08546710848592,1.680024781519103,False
4532,81.68591723175655,19.095391251908616,44.26480529737727,1.4140020623462783,False
4533,61.653635147023124,19.15119324937596,44.33814131456438,0.9585977363396101,False
4534,-17.471033004051378,19.157693646925633,44.344328449753654,-0.8260070212243906,False
4535,-30.193516847097726,18.967402754762077,44.432948659020155,-1.1064068689008746,False
4536,34.13965890914801,18.924995121510488,44.47668760022175,0.34208176482013164,False
4537,21.63392977901094,18.946399985985938,44.48317751295344,0.060416767490191065,False
4538,48.83035093835588,19.002313277798624,44.48060151069874,0.6705853034245239,False
4539,24.035948962765815,19.194449502010805,44.53962753685654,0.1087009418017398,False
4540,-1.9775569111704954,19.36211084313259,44.50429771493132,-0.4794967868270297,False
4541,-22.144566186153952,19.472934880114824,44.427313835089535,-0.9367548355669093,False
4542,-22.154970412373586,19.525465811117577,44.372496802747776,-0.9393304237256735,False
4543,0.8930294171871083,19.49064593912038,44.403066806618085,-0.41883630702646374,False
4544,10.04068144551502,19.53099148561044,44.38294666427801,-0.21382784950900469,False
4545,36.46274168093203,19.553329786530718,44.37718541082908,0.38103840380726384,False
4546,41.17095561710005,19.684518893640966,44.394502002981014,0.4839886867526142,False
4547,6.317099353033427,19.834911660533447,44.424407578245045,-0.30428795890391996,False
4548,12.209510254651377,19.980183092469986,44.33947530057415,-0.17525405488318863,False
4549,67.20202804689984,20.034297724056294,44.32431790542426,1.0641501674878864,False
4550,-7.610012943184529,20.08307247090366,44.37194432993919,-0.6241125069518931,False
4551,-24.27939277771725,20.063145846644197,44.383693008332706,-0.9990727589080175,False
4552,-17.012568513894166,20.0286778083839,44.41604808960971,-0.8339608748519697,False
4553,-9.950360699057683,20.019849204932417,44.423305120528,-0.6746506101397861,False
4554,29.05169071596265,20.077368635704733,44.377913107793646,0.20222496849861665,False
4555,45.259213377875085,20.144732230829813,44.382924729174135,0.5658590843279154,False
4556,45.43910094135413,20.155921351444665,44.389053897542965,0.5695814028446536,False
4557,29.687328623628673,19.940868813744448,44.176757700243336,0.22062415435776853,False
4558,-7.675378625303665,19.832402601320453,44.13002107364568,-0.6233348762901835,False
4559,-24.480842723071646,19.987711616411534,43.98593346503977,-1.0109721639720797,False
4560,36.83857550488119,19.86141362651868,44.083446890818074,0.38511421124600403,False
4561,39.225139135193785,19.72443811098555,43.99411000002608,0.4432570865553747,False
4562,41.699460151880885,19.68385023003385,43.97282317319119,0.5006640086568115,False
4563,6.905918242710868,19.663109092722774,43.961543573578346,-0.29018978436597026,False
4564,-15.679244305962357,19.52210992759141,43.9642626888689,-0.8006811005263652,False
4565,-21.619378940892148,19.463680845052902,44.00470631508819,-0.9336060441302986,False
4566,-21.539236241823346,19.41988427632211,44.042118634016106,-0.9299988690033297,False
4567,5.245464052408806,19.356192048290847,44.093846785448264,-0.3200158077507274,False
4568,-1.2146557146727446,19.409046540676638,44.071439920642966,-0.4679607086241193,False
4569,15.848049106729036,19.21742505281168,44.090819901069224,-0.07641899047563268,False
4570,12.81559412841807,18.429811126437194,42.94036816758378,-0.1307445007483044,False
4571,-34.90105224677313,17.40795805574607,40.96210443453145,-1.277009836887731,False
4572,-18.606073770260764,16.374154305956033,40.06239884510093,-0.8731436230632602,False
4573,25.000224711674264,15.413511778901992,38.93215104203621,0.2462415426884893,False
4574,-39.4053282704474,14.467109991609354,36.676726380751816,-1.4688453299455144,False
4575,-37.63766531431679,13.372428683683216,35.4979556625086,-1.436986808000176,False
4576,-20.915585812193058,12.49558092578835,34.91963557529803,-0.956801701608143,False
4577,-25.318684505528154,11.904571153070613,34.63706348534871,-1.0746654569705079,False
4578,21.653984302014123,11.617240118349285,34.74491342439125,0.28886945438807604,False
4579,74.4454804982006,11.456869005615099,34.63521336087409,1.818629232518054,False
4580,88.59130772386197,11.49259000279557,34.69737813379927,2.2220329566043873,False
4581,38.156821124088765,11.809136251937431,35.15644305934334,0.7494411430552571,False
4582,-30.648211690074277,11.989898463315884,35.21367235386125,-1.210839634245498,False
4583,-46.04126438205253,12.25006874133034,34.73003976717663,-1.6784125072748701,False
4584,12.80013857497579,12.28947860753796,34.659624795234116,0.014733568826978424,False
4585,33.843138461887975,12.263423165236672,34.65757351422545,0.6226551113797322,False
4586,41.4659682054878,12.456957300278484,34.68691921829368,0.8363098124295262,False
4587,51.148759347635405,12.688471976971782,34.75028546721859,1.1067617676679185,False
4588,27.023846711397255,13.044150305225427,34.836725308568525,0.40129192059086416,False
4589,11.251642905950575,13.431179083767155,34.62682494957903,-0.06294357571016851,False
4590,43.68169142555598,13.70163690844566,34.42956667392657,0.8707647935579202,False
4591,34.95933099219201,14.153585294190098,34.32098497976298,0.606210623333503,False
4592,55.03488862656354,14.4590254447086,34.27615633426873,1.1837926862670969,False
4593,42.84347267838109,14.78643007280193,34.39998857856996,0.8156119744486706,False
4594,21.96588490977274,15.06776781727293,34.43521674032183,0.20032158195834665,False
4595,-47.7678381839097,15.245691574077565,34.392898722909464,-1.8321668744953246,False
4596,-65.78562081509835,15.293369981869782,34.29927486042226,-2.3638689484518736,False
4597,-13.68600566251871,15.282210479911358,34.32549375977361,-0.8439271506234882,False
4598,-23.404985417604394,15.340796631082403,34.26720569104263,-1.1306956977473905,False
4599,-9.518132953280201,15.106703784977796,34.39729155260541,-0.7158946424778261,False
4600,4.433934407275956,14.821068642720412,34.40137350220824,-0.301939520954816,False
4601,-14.135875357103487,14.624512955955993,34.365593028527854,-0.8368948642668458,False
4602,-5.599735494482502,14.522059330785748,34.425832053462116,-0.5844969787228325,False
4603,-0.8736534306765407,14.44132919503125,34.457193863860255,-0.444464011962698,False
4604,1.0544457094788413,14.453035744598445,34.451621030504654,-0.3889102931689638,False
4605,-10.742514357680193,14.482964050610727,34.43769903378379,-0.7324960469497229,False
4606,-25.35743647854906,14.52413712441053,34.40315751905892,-1.159241664979899,False
4607,14.456672332209337,14.520274582352535,34.40762479720671,-0.0018484928999912098,False
4608,63.95161206858165,14.594728255550612,34.393788404842155,1.4350522609507679,False
4609,68.97263132783178,14.391446889940696,33.99588789029191,1.6055231330927422,False
4610,73.68649973477136,14.507117616155684,34.148911870592634,1.7329800241622941,False
4611,37.64859729114187,14.751265098580657,34.42505104488874,0.6651357513661812,False
4612,38.24472929635044,14.789729860387897,34.44712802147968,0.6808985475171417,False
4613,18.766132989567495,14.891697919099824,34.4912872494031,0.11233083423219356,False
4614,26.804604031348163,15.010129911874921,34.470095652532606,0.34216540152265784,False
4615,-0.5040772210479645,15.09892215615409,34.48121469567974,-0.45250724241907303,False
4616,13.183964050948589,14.927233575293897,34.4867006965645,-0.05054903742992642,False
4617,23.318208139497074,14.760302827697187,34.4264504154972,0.24858517821365378,False
4618,26.825940234392874,14.716780007154542,34.410885725564064,0.35189911482697933,False
4619,-24.876203319418437,14.780284650361798,34.42340207773345,-1.1520211709531107,False
4620,-25.651016601008223,14.85371109470304,34.32485191061382,-1.1800408578947583,False
4621,-16.11034115758548,15.067256446682125,33.956440581476905,-0.9181644798564327,False
4622,-33.10647400977018,15.242914376270445,33.71609770739812,-1.434014956464894,False
4623,-22.797996828514215,15.372057103482414,33.486968951293036,-1.1398479804939994,False
4624,8.585069883030656,15.43157040835299,33.40964648457741,-0.20492585961610885,False
4625,16.508792864620773,15.577036156626358,33.325713594402984,0.027959092469392842,False
4626,38.961866976070496,15.816687886020429,33.18566204624923,0.6974451513968222,False
4627,38.56251055371172,16.173609300308776,33.109678370983296,0.6762041298783548,False
4628,47.19907381723533,16.518286092771582,33.039057360292176,0.9286217639289339,False
4629,26.932470463729032,16.87739300488989,33.0427338366058,0.30430525236080214,False
4630,-11.476766235601872,17.15549019908777,32.928709828013645,-0.8695225711616295,False
4631,16.36245516105282,17.26148729260819,32.806760929199015,-0.027403867559360404,False
4632,50.04312182943818,17.356560487119,32.78070877771371,0.9971279621794347,False
4633,66.10114028415069,17.386768824064728,32.80863244897191,1.4848034746907735,False
4634,41.80139141165614,17.509382881373163,32.952511818132386,0.7371823023492887,False
4635,44.30134602917451,17.438655773674057,32.887091648233856,0.8168156230665982,False
4636,41.102423431348825,17.497836990578683,32.92664448224018,0.7168840558138827,False
4637,27.532296723175023,17.51978217115008,32.9412242961586,0.3039508933246461,False
4638,7.387905331277807,17.6117113004049,32.94752493962163,-0.3103057357984506,False
4639,6.783103137552644,17.649917123352196,32.93182867590221,-0.32997906349948064,False
4640,21.23909693326948,17.685569459101874,32.91670920868894,0.10795512551508611,False
4641,27.768578208482268,17.7458793263232,32.91386571211431,0.30451296635357245,False
4642,42.0427996171295,17.81416244609994,32.9227401562779,0.7359240772797434,False
4643,1.199049375343293,17.85677516610888,32.94958823869072,-0.505551865173399,False
4644,1.1871372902512576,17.827788374356814,32.96216021410529,-0.5048410351753775,False
4645,25.29297551175364,17.74480363057404,32.98653668237716,0.2288258374578669,False
4646,-71.02769218504432,17.295734088480362,32.35747977219576,-2.729613891296303,False
4647,-70.02353356896037,16.620803891697413,33.00756009832024,-2.6249846157234487,False
4648,-80.45844471666805,16.01641366655709,33.65645402088134,-2.866459381709363,False
4649,-72.46392776101834,15.495800259875073,34.46347133741363,-2.5522596711087577,False
4650,-52.451247841626355,15.065298473985592,35.10568854231696,-1.9232366354024482,False
4651,-8.074735047662216,14.515777258635305,35.43611331882873,-0.6374997196516529,False
4652,-2.6882861906826747,14.074548582678176,35.251585282905545,-0.47552002665507376,False
4653,-3.585914577430458,13.555736080060147,34.848392224785705,-0.49189215235297745,False
4654,-54.9573846805215,13.153192061995815,34.65176170336992,-1.9655732751934942,False
4655,-58.821951577574055,12.738117557194718,35.04759998209418,-2.041796561571372,False
4656,9.17750763400204,12.552879338556309,35.34360875532008,-0.0955016146744266,False
4657,-8.66151832786204,12.298392252434784,35.21204827119083,-0.5952482632896261,False
4658,6.623873240625926,12.121134915399653,35.242327247454405,-0.15598463847675667,False
4659,-25.27020684278,11.98772844796542,35.22032653923049,-1.057853204434244,False
4660,-5.61217533017998,11.792599841919536,35.335894088534005,-0.4925522792345905,False
4661,-18.174675346863296,11.839158125977958,35.30759837437625,-0.8500672618566764,False
4662,10.410559226918167,11.895625645679761,35.25158855277749,-0.04212764529854315,False
4663,14.958789336723157,11.989422096591758,35.22638943188888,0.08429382880333922,False
4664,19.102536304003024,11.959794016051395,35.22175840359975,0.20279346096535666,False
4665,47.62055806854664,11.864733387031189,35.180531961132154,1.0163525873064936,False
4666,55.731217853844214,11.833120183359242,35.1457774202493,1.2490290695687671,False
4667,-23.59757669208352,11.795652134217372,35.09526675040853,-1.0084900929236817,False
4668,-34.560276141607574,11.559855990984712,35.199662408522705,-1.3102435926040434,False
4669,-49.11933209125391,11.215288249029642,35.36671558057005,-1.7059718254818803,False
4670,-97.32362002578384,10.64488094445882,35.563063510449176,-3.03597300998884,True
4671,-128.44710883244284,9.90115782799465,36.50003794787099,-3.7903595294346037,True
4672,-97.55786590161324,9.007665282725432,38.01623308933751,-2.803158612109502,False
4673,-76.70892745158062,8.336318494602077,38.891517373812626,-2.186729952672081,False
4674,-39.93971345483055,7.831560044456484,39.4411333395693,-1.2112043811722957,False
4675,-7.901105098503876,7.253732368916804,39.42557913455333,-0.3843909918405914,False
4676,-16.930842563009264,6.582467256482369,38.707067670914824,-0.607468124927478,False
4677,-46.712638544994434,5.9059093798987545,38.110682975878724,-1.3806771177046835,False
4678,-84.85242086382505,5.171239699414372,37.926764110873,-2.37361827916743,False
4679,-81.06249298095713,4.650617317381927,38.557178961218234,-2.2230130058153743,False
4680,-1.240364708447487,4.217861820999213,39.10813888229067,-0.1395675346729002,False
4681,2.935122688096726,3.931618598750126,38.9699889200611,-0.025570854348906952,False
4682,-6.5661976387561936,3.751607624202753,38.9038800810604,-0.2652127561945157,False
4683,-3.2279488811195733,3.5965804351152038,38.89272620185175,-0.17547058236071528,False
4684,12.297493819856527,3.480431771489763,38.883742305135826,0.22675446152214093,False
4685,22.523641906678677,3.6393134248199166,38.86479453756004,0.4858980655000867,False
4686,26.159165041011647,3.9004687475441786,38.84327005805144,0.5730386823818322,False
4687,44.70861871061322,4.197573490117381,38.821359982983104,1.0435246276342043,False
4688,56.00542198979247,4.407496166278738,38.94504080988933,1.3248907884161583,False
4689,63.61211764345774,4.702424835139935,39.147742320263966,1.5048043467330299,False
4690,66.51964651418939,4.793750820845789,39.267698650661686,1.5719254709189199,False
4691,-21.637473247361072,4.939981717743403,39.452215086384484,-0.6736619200445536,False
4692,-32.12003273543701,4.699638886366144,39.490612674070896,-0.9323651655062456,False
4693,-15.415595182120796,4.37264532932256,39.567079436191946,-0.500118805669116,False
4694,-90.16890506912478,4.056300128030351,39.51119773972243,-2.38477218073362,False
4695,-123.18897876550568,3.602008278288373,40.15185699242441,-3.1577863775445336,True
4696,-101.04516650878782,2.967868356609343,41.29858938518124,-2.518561442747948,False
4697,-104.94426337401865,2.458884311480819,42.04813132423215,-2.5542906260760154,False
4698,-80.33178457138547,1.8886731183169134,42.848406200945846,-1.9188685176319915,False
4699,-48.89375640394087,1.1373757036239969,43.17761974026297,-1.1587283506717028,False
4700,-37.53354765917652,0.29255423990466733,42.75519011209168,-0.8847136873888793,False
4701,-61.97948344935162,-0.41708543206517235,42.3839296032083,-1.4524938719374054,False
4702,-114.38730495545269,-1.1529968522816887,42.37306172207488,-2.672318296135299,False
4703,-100.80315515976554,-1.7298794234209822,43.24726103195749,-2.290856654786404,False
4704,-43.948280874198645,-2.1501748895678143,43.86424562493554,-0.9528969526121254,False
4705,-35.98459963248979,-2.6149840549448777,43.89111902758988,-0.7602817225181439,False
4706,-9.20962502798443,-2.9579514919180965,43.925605668450864,-0.14232412828302868,False
4707,13.248952768349682,-3.3034275393367887,43.74371666768309,0.3783944659625827,False
4708,7.985997553020752,-3.3676358500178374,43.71125151958777,0.2597416685255701,False
4709,-0.5095809059321255,-3.308328978207175,43.71990720990928,0.06401541656613359,False
4710,16.67940709603431,-3.1795493039201403,43.69594870492092,0.4544804950697406,False
4711,19.684343649923903,-2.948392294941522,43.69768458443143,0.5179390203418007,False
4712,29.655738980251613,-2.8365392340323745,43.73161327249535,0.7429929010810068,False
4713,27.49154683714812,-2.719782939182752,43.792341567357646,0.689877012624739,False
4714,11.322663058841158,-2.7731829084909894,43.74972562457834,0.32219278557973824,False
4715,-46.853623349565396,-2.9508513165758634,43.630644251027874,-1.0062370791592252,False
4716,-25.239144950008495,-3.2673437136151424,43.75568130906141,-0.50214739158554,False
4717,-10.862313745093388,-3.490252375547642,43.771750140475625,-0.16842053027093426,False
4718,-101.37644310305723,-3.9549210766904586,43.429826056818634,-2.243193926195135,False
4719,-110.45993573636429,-4.513054589546844,44.074805369886285,-2.4037969143070725,False
4720,-94.75912904852635,-5.026034011919743,44.80176555518489,-2.002891937954481,False
4721,-102.86922338674663,-5.48881115795922,45.32480721395304,-2.1485014104772473,False
4722,-63.67884039856199,-6.041899626338321,45.94230420982732,-1.254550501189159,False
4723,-50.69836190244564,-6.593867073448585,46.07500981470668,-0.9572324565174447,False
4724,-24.182060487502667,-7.1650431167838295,46.02310317107153,-0.36974945621257294,False
4725,-44.63292419521804,-7.579454791955596,45.859756100558414,-0.8079735383244059,False
4726,-97.94644113303434,-8.021837249210634,45.85657449100907,-1.9609969755035865,False
4727,-64.70614464833739,-8.559165002232842,46.37840033980075,-1.2106277757475963,False
4728,3.5331395168959716,-8.798601323216568,46.56455226544552,0.2648310837354199,False
4729,24.354257970732533,-8.996847966002193,46.439821619675286,0.7181574944423295,False
4730,49.34415384913086,-9.085365115790651,46.3614634684532,1.2603035925447017,False
4731,47.837652049702456,-9.039860986640356,46.41532800962803,1.2254036645942605,False
4732,77.79262562318445,-8.79621971397969,46.60656564683312,1.857867966356963,False
4733,89.47234966301312,-8.239839535830006,47.07943114485754,2.075475145360081,False
4734,82.91286199623937,-7.578579246521047,47.66689325873676,1.8984128198070562,False
4735,80.17866150289183,-6.956840566532579,48.1623391360117,1.8092041132668302,False
4736,94.1534221394777,-6.510809629327322,48.620816806918306,2.070393678669779,False
4737,64.04781346464154,-5.943142499243095,49.23586152830615,1.4215442523260446,False
4738,-17.57160719084152,-5.656239139969806,49.5033083817521,-0.24069841875990564,False
4739,-17.911327794796307,-5.837115338298732,49.490924611314355,-0.24396821339113217,False
4740,2.053326819509266,-5.735986026084584,49.44852015926,0.15752367958649982,False
4741,-60.28042807191605,-5.613013403526429,49.442010432563855,-1.1056875355615428,False
4742,-140.24421968548882,-6.120636336762085,49.56346174054681,-2.706097972955006,False
4743,-156.34053775556094,-6.720867833280189,50.56935557258857,-2.958702325314642,False
4744,-135.3750418146908,-7.427432550192357,51.81777720437627,-2.469183669532097,False
4745,-120.65494653747078,-8.10873883592151,52.74043195777289,-2.13396446566195,False
4746,-95.97868530453434,-8.676216586111645,53.435043317035216,-1.633805519730728,False
4747,-100.2081540487111,-9.376411048055385,53.8046576508007,-1.6881762093937231,False
4748,-128.29255329802027,-10.416016015596526,53.86264984830182,-2.1884652465931387,False
4749,-151.88029121096133,-11.706991378822016,54.074152862166166,-2.592242178799139,False
4750,-158.57051024197335,-12.838164666530648,55.00449239026178,-2.649462602826306,False
4751,-98.79875836066594,-13.599606919815761,56.1265060562701,-1.5179842364574245,False
4752,-16.970273072523014,-13.913639622069411,56.45573267683461,-0.054142127035184624,False
4753,-3.1264699790060604,-14.090844453304525,56.418090178540126,0.19434146812840908,False
4754,20.893344893825088,-14.310901646405087,56.3019854554671,0.6252754011326208,False
4755,21.1725249640524,-14.433357737545933,56.20222927371426,0.6335315015386974,False
4756,-15.084770945513355,-14.61178770411488,56.04012368312097,-0.008440082039664306,False
4757,-6.2143387708781574,-14.862434237786967,55.946878434963345,0.15457690775298527,False
4758,18.42347206081149,-14.966398414434755,55.914279677453514,0.5971617745566729,False
4759,35.164249012953064,-15.116744958272523,55.789456740144026,0.9012633732108963,False
4760,33.15555481606725,-15.115525208148943,55.7905603611349,0.8652194871633345,False
4761,13.203453126874592,-15.245759337973327,55.651187698851565,0.5112058455750622,False
4762,11.732913761553164,-15.422188025779912,55.51273809027995,0.48916884163002256,False
4763,-58.743467523264826,-15.483098568328838,55.47707145391601,-0.7797882588462107,False
4764,-91.2582200150282,-15.54842969534881,55.52176297676465,-1.363605661285706,False
4765,-87.53377090369463,-15.700052309634108,55.69428873161837,-1.289786084534007,False
4766,-130.0149050950347,-16.139622340831583,55.969043498413996,-2.034611914663684,False
4767,-170.71058359555013,-16.774205196054385,56.65212107511883,-2.7172217999636983,False
4768,-165.01803938747048,-17.733684068925033,57.880187450568386,-2.5446419890110272,False
4769,-186.35017121316787,-18.74232677008424,58.95800545975705,-2.8428343722972054,False
4770,-183.04207963297972,-19.76741186446558,60.3579336557923,-2.705106982283933,False
4771,-170.1917293575525,-20.823616293861395,61.64729037706253,-2.4229469316508254,False
4772,-145.97611901013852,-21.831461983902322,62.69434695018276,-1.980157112488661,False
4773,-138.34303582620623,-22.706643916757187,63.395276600223326,-1.8240537483362236,False
4774,-129.18897539767022,-23.466170830260317,64.01245301792065,-1.65159745616704,False
4775,-86.12769250516908,-24.084215704778895,64.52998112925172,-0.9614674561289404,False
4776,33.89938159782878,-24.68293216214424,64.63678134896317,0.9063309239316374,False
4777,33.36688123703607,-24.861814486374918,64.43127445080658,0.9037334154839467,False
4778,38.12251733474136,-25.073753475010605,64.17883490012852,0.9846902161451581,False
4779,25.62666468021871,-25.285443846439357,63.909215564216524,0.7966317232528248,False
4780,4.057723618608861,-25.357002969123425,63.84502462411376,0.46072073369711847,False
4781,5.658768169337463,-25.560497050538547,63.695399123419335,0.4901337561192454,False
4782,21.991518510603896,-25.6385170792304,63.648789140341634,0.7483258712874021,False
4783,29.280206728076905,-25.667166397806255,63.62612150489233,0.8635977146848115,False
4784,50.46042177237871,-25.489878993347176,63.73805252766614,1.1916005863649333,False
4785,48.90755331262346,-25.2679953164339,63.93805857319938,1.160115747714448,False
4786,52.21225221034888,-25.115677785641484,64.08480888768794,1.206649927465832,False
4787,-12.65417783612611,-24.9645687857846,64.23776553118289,0.19163790720090765,False
4788,-19.229912682250074,-24.891818634098335,64.24478662769805,0.08813020089333173,False
4789,-24.143723175671653,-24.853597777439063,64.24624227942243,0.011049278161359135,False
4790,-46.41924690489475,-24.901415527546717,64.24268528462517,-0.33494601419623055,False
4791,-81.26612932167654,-24.980658223351032,64.26107469702764,-0.8758874849774178,False
4792,-63.55519597102398,-25.32868282152462,64.40734222571456,-0.5935117306274666,False
4793,-59.14772448695885,-25.758089165893992,64.42036366491081,-0.5183087058425268,False
4794,-54.377612944078464,-26.20842557870101,64.3875574268816,-0.4374942689411123,False
4795,-63.35133345147369,-26.764017721082848,64.22434427946868,-0.5696798642456069,False
4796,-72.3016821463466,-27.370647744923243,64.08476987345982,-0.701118760200638,False
4797,-71.56411297890554,-28.081961768515992,63.91510053602805,-0.680311082134327,False
4798,-102.63422358148114,-28.66825095567453,63.859161793925885,-1.1582672015723523,False
4799,-86.81987512055048,-29.210854868447615,64.09903969431042,-0.8987501299058678,False
4800,0.8444763614952535,-29.825035405838122,64.15406281950936,0.4780603194784216,False
4801,9.179317064649013,-30.117884486004446,63.89908301364727,0.6149885052694816,False
4802,23.497718738258072,-30.456704862311003,63.53571216610878,0.8491983761748002,False
4803,24.333374125349565,-30.565655294890753,63.426662609436164,0.865551286503806,False
4804,17.737094702088825,-30.684512270508755,63.304118060136574,0.7649045347507858,False
4805,16.424805125427383,-30.82359160818292,63.17098439204303,0.7479446012806107,False
4806,4.853307656165953,-30.889707629598085,63.11533036584929,0.5663127338251884,False
4807,2.7018946170062463,-30.904794520521374,63.10642811945475,0.532539871753052,False
4808,13.840372714582031,-30.92908742838177,63.09261725839041,0.7095831824445372,False
4809,2.758477021193471,-30.973127453493003,63.05855771731068,0.5349250870263175,False
4810,-4.768490594592663,-31.12199710341734,62.948474987498905,0.41865202475609276,False
4811,-83.5369647835314,-31.40063573562997,62.725885479549355,-0.831177250816165,False
4812,-103.56834215294123,-31.90501677228994,62.80281604988658,-1.1410845864575003,False
4813,-120.5165250929831,-32.528561292785135,62.99204257191706,-1.3968107749442074,False
4814,-198.22448444048155,-33.396474986860945,63.194764618948284,-2.608254187629313,False
4815,-226.56009297793503,-34.15359875028618,64.39880575213822,-2.9877338869946426,False
4816,-217.2468026524723,-35.085363984863406,66.03261686866325,-2.7586584828210294,False
4817,-213.45702555549133,-35.89958040114795,67.42411489001495,-2.6334412464143218,False
4818,-192.88975514282583,-36.73882503087696,68.74648598553246,-2.2714023542208466,False
4819,-152.1431864053668,-37.57476852671743,69.78470240085838,-1.6417411543943208,False
4820,-120.29336197986595,-38.43231883241805,70.30328684354237,-1.1643985199387183,False
4821,-122.83123924802544,-39.132349045448905,70.5303890403821,-1.1867067705334053,False
4822,-119.84462317943576,-39.84214264467863,70.77013437744634,-1.13045539956263,False
4823,-69.2417087436138,-40.228376207172175,71.02970852382272,-0.4084675713784017,False
4824,27.50975423303248,-40.29039857125574,71.05058759040874,0.954251823998155,False
4825,24.635096685719418,-40.18127805578532,71.14103593748291,0.9110968639599776,False
4826,38.14950800855763,-39.98308391879972,71.27562743350185,1.0962034953708806,False
4827,41.177967160856724,-39.79543133089536,71.44037728588786,1.1334402416117606,False
4828,38.51365592624529,-39.399906485635626,71.7047305849884,1.0865888732338722,False
4829,72.45276960536239,-39.1372527281569,71.90975896127547,1.5518063743422124,False
4830,86.75322775838958,-38.59780365106032,72.40617542386691,1.7312201711475983,False
4831,96.84691044327019,-38.14338300503965,72.95309081611038,1.8503711349060439,False
4832,94.8316193638176,-37.655953712738786,73.58087536715547,1.8005707653716672,False
4833,101.56224901261032,-37.205185361192264,74.16035168506927,1.871180910294155,False
4834,86.268187255606,-36.8841038674776,74.64499697183248,1.6498398569103765,False
4835,-3.155043904638319,-36.702336192467115,74.90858936526362,0.4478430654226849,False
4836,-39.53847220888156,-36.5806544496847,74.94659806011944,-0.03946567070094633,False
4837,-101.97182117882971,-36.61028656913276,74.94677859734706,-0.8721059908505606,False
4838,-199.89707689470652,-36.92488471846357,75.11035009989087,-2.169770104379792,False
4839,-244.14738190104958,-37.535441009350016,76.01570137649678,-2.7180166353839854,False
4840,-250.15235446749352,-38.22413311094886,77.35656945113595,-2.739627970322727,False
4841,-242.78050783320668,-39.13243363812673,78.93713724658338,-2.579876611928873,False
4842,-226.8587244276166,-40.12095494992212,80.4361368749516,-2.3215656138235796,False
4843,-208.78296462278377,-41.233568110474415,81.71618535269646,-2.0503820117048646,False
4844,-220.91044735477567,-42.4292934647856,82.68944440466855,-2.158451482834165,False
4845,-223.8304914541484,-43.643457779022306,83.80286143352764,-2.1501298475118333,False
4846,-193.53134909303776,-44.69773071300536,84.94798645561833,-1.7520558707744245,False
4847,-137.4288963848055,-45.34462909532211,85.66637452232219,-1.0749172916788825,False
4848,-28.77168132335555,-45.6801434012974,85.91711521201977,0.19679969510401302,False
4849,7.433216490393761,-45.84402028590995,85.85808005299484,0.6205267663034043,False
4850,31.72225956489433,-45.817245918039134,85.87408250763391,0.9029442087610131,False
4851,56.196015351265714,-45.589338434684066,86.029545045531,1.1831441597427959,False
4852,64.17062856979965,-45.23562436187225,86.32640847013091,1.2673555505268894,False
4853,74.30841612669815,-44.9268557026464,86.62567282701212,1.3764426634521205,False
4854,70.21623793285482,-44.618612998955804,86.95861495296985,1.3205689970328665,False
4855,70.71616854200363,-44.356368517456744,87.23931963619899,1.3190444118469753,False
4856,89.05957329669002,-44.20156167322228,87.42119823417296,1.5243572229809645,False
4857,94.67080621507466,-44.00481077258598,87.68487372885822,1.5815226856171056,False
4858,59.9915977049053,-43.81993762632636,87.94548440845728,1.1804077950049772,False
4859,-8.187786766621457,-43.85879505971494,87.89786981216704,0.40582335350470367,False
4860,-63.49714340443609,-43.7787374020915,87.924351274789,-0.22426558418064263,False
4861,-160.48654651114953,-43.9655059179784,87.9327627676796,-1.3251152008156781,False
4862,-282.50723622230885,-44.829023485413096,88.3619835354642,-2.689824325203194,False
4863,-333.4543194457592,-45.97389450418204,90.18026948718104,-3.187841715004433,True
4864,-338.87273491083397,-47.225473912993074,92.68270480272469,-3.1467279857510917,True
4865,-327.88700291703344,-48.64111420110049,95.2893129069229,-2.9305058478981367,False
4866,-288.5018045625329,-49.96815431742797,97.60243335788776,-2.4439313861207927,False
4867,-258.5384623723089,-51.207261579280036,99.2969191602024,-2.0879922815986616,False
4868,-213.4596643085183,-52.45514673385366,100.57674740603939,-1.6008125309985588,False
4869,-196.82654847986714,-53.502325999623544,101.33345937700064,-1.4143820151942181,False
4870,-180.2908403343738,-54.30498710099567,101.93329456341624,-1.2359637130633303,False
4871,-110.01345872424235,-54.697270049679716,102.29208267532304,-0.5407670586797733,False
4872,2.4909074642837368,-54.75209328518256,102.31940547048684,0.5594540007953579,False
4873,27.519932280421244,-54.47566954507254,102.41145568764178,0.8006487289428148,False
4874,28.320379162842073,-54.09766637892426,102.59714540333286,0.8033171412105291,False
4875,52.82662930791389,-53.874273496836004,102.73623319167596,1.038590762868218,False
4876,41.61607555623664,-53.63869208886241,102.93625561742668,0.9253762639193261,False
4877,56.8416805204331,-53.43851305312898,103.0894002077873,1.0697529848003868,False
4878,42.95286783957488,-53.09713649701966,103.36032409024872,0.9292734439641346,False
4879,46.92241941061911,-52.94074684973669,103.4863316479885,0.9649889475263556,False
4880,57.21223683832875,-52.778615446399215,103.62204213751028,1.0614619246623807,False
4881,49.50474081904292,-52.614588673434476,103.77500872497531,0.9840454917533584,False
4882,23.70052575659747,-52.48355775687556,103.89059298474724,0.7333107004659993,False
4883,-70.62799649443934,-52.409880002722254,103.9404915446144,-0.17527448851728128,False
4884,-98.35985833937832,-52.551394128584604,103.94906540190983,-0.4406818284866666,False
4885,-142.391636898637,-52.986636470187996,103.98709616694651,-0.859770141911775,False
4886,-284.41460230296843,-53.76954910800671,104.16303491781048,-2.2142697107179288,False
4887,-331.0173933291078,-54.85906196038712,105.61116462510863,-2.6148592561118784,False
4888,-334.3924338432312,-56.17190396986774,107.65751115730292,-2.5843113674330045,False
4889,-308.2402803459763,-57.59829268888385,109.73919027677975,-2.283978832219678,False
4890,-276.9392411570907,-58.8207394564983,111.3781416761666,-1.9583600374189647,False
4891,-233.9842623150946,-60.09014660387051,112.6419654991599,-1.5437773563399073,False
4892,-193.55826437391033,-61.181134106326745,113.43526642254847,-1.166983905820579,False
4893,-195.36957984439732,-62.1893257961268,113.85636697180948,-1.1697216202344272,False
4894,-178.78350921256538,-63.08656779403858,114.31021925272854,-1.0121312177936808,False
4895,-101.68970078380107,-63.5677408183215,114.62753153276358,-0.3325724584288314,False
4896,-27.959096177011816,-63.78788103341354,114.66523785142651,0.31246422654113903,False
4897,2.7884080198109586,-63.97533481730585,114.58023310108034,0.5826811573879345,False
4898,16.965900281792756,-64.10370297177562,114.49272893654516,0.7080764342554823,False
4899,30.77351476237186,-64.2964306715812,114.32774915064486,0.8315561719725926,False
4900,40.47673739224069,-64.39800291733913,114.23507186351793,0.9180607899024098,False
4901,50.2352984427273,-64.62012129966618,113.99296312605905,1.0075658759337687,False
4902,64.68397912291289,-64.8536751759774,113.71521804552701,1.1391408865524806,False
4903,60.23670016461608,-64.96218043117577,113.58199608988797,1.102277516735226,False
4904,51.25483721930982,-65.08088258199885,113.43973554070111,1.0255288347315348,False
4905,34.26711068033876,-65.33623130176174,113.12700914090263,0.8804558941184589,False
4906,2.92449228304622,-65.51349738976354,112.94624306910168,0.6059341843795432,False
4907,-79.05014222630552,-65.39149679765707,113.00939025077417,-0.12086292473872441,False
4908,-107.8203533872603,-65.75541831213033,112.95400378021269,-0.3724076497277639,False
4909,-170.28114538868658,-66.40942831336112,112.87709755207926,-0.9202195957191502,False
4910,-255.26082954134358,-67.0641944878657,113.16001818639555,-1.6631018452425759,False
4911,-292.4668702534318,-67.74881716557913,113.95057750366631,-1.972065943067489,False
4912,-287.62091340926895,-68.55909295425693,115.06285726823795,-1.903844782372548,False
4913,-281.8541071517229,-69.46531838041513,116.18629858762108,-1.8280020222103581,False
4914,-248.12790314539097,-70.42483719359521,117.27213079735937,-1.515305168786079,False
4915,-205.71809067871573,-71.33048729979078,118.05553552198339,-1.1383422453231795,False
4916,-197.7029160565137,-71.95852263687414,118.489927952899,-1.0612243216961383,False
4917,-159.5495630078317,-72.37167955805565,118.80811726244075,-0.7337704313351316,False
4918,-151.99232512518188,-72.41732998541796,118.84031935951481,-0.6695959382188654,False
4919,-86.8816219413759,-72.37817412162755,118.8128438999049,-0.12206969670692272,False
4920,24.681463346046257,-72.30723878579843,118.80053228281136,0.8163995587238416,False
4921,44.79758238408567,-72.05931178330695,118.96006230090687,0.9823203847338754,False
4922,80.02305046725883,-71.77404956685999,119.1836008465193,1.2736408277309736,False
4923,98.03276605347992,-71.42208703368478,119.54565511844663,1.4174906893878132,False
4924,74.54944736745347,-70.96458559862866,120.04815281953455,1.2121305455222608,False
4925,96.36409403232335,-70.431048584861,120.49633654480519,1.3842341385637353,False
4926,103.79934613219484,-69.82046267531813,121.08215922014082,1.4339008316811799,False
4927,88.49668957961796,-69.31227294870276,121.63265518545036,1.2974226558461066,False
4928,91.05183183186648,-68.99481794532976,121.97607901368305,1.3121150562582236,False
4929,84.89611107465328,-68.65019724880713,122.34763572087604,1.2550002083715048,False
4930,61.29585793307126,-68.22345523721322,122.75918436692838,1.0550682121115273,False
4931,-21.8181901332199,-67.92843771238276,123.01178334235053,0.3748441517251625,False
4932,-53.24098892605309,-67.70864439458487,123.06127147735603,0.11756465128993815,False
4933,-70.83212288929235,-67.48235135238858,123.05266165615956,-0.02722225989929326,False
4934,-125.83233076179022,-67.38293678087427,123.04311133983533,-0.47503182701129315,False
4935,-159.62450359379068,-67.35804050508116,123.0307851674267,-0.7499461452932167,False
4936,-165.2788235794544,-67.29205193364211,122.97798096596279,-0.7967830572282087,False
4937,-136.11268637507555,-67.29360422049918,122.97922353617338,-0.5595992573032776,False
4938,-128.69130657683013,-66.99457157265337,122.74885783526433,-0.5026257359313041,False
4939,-107.75295209566366,-66.67105506636678,122.51256785799994,-0.335328021831307,False
4940,-94.2512067873538,-66.29939567790315,122.29115098121795,-0.22856773270327316,False
4941,-98.71793712510475,-65.99150929562468,122.15438780188205,-0.26791037488197256,False
4942,-86.13854908905023,-65.75564561288002,122.05206271725525,-0.16700171240357542,False
4943,-44.024201568424814,-65.49939307532871,121.96324536923075,0.17607920682899214,False
4944,39.708935654407696,-65.24877705784809,121.96386166465412,0.8605640333104767,False
4945,72.45284499830609,-65.21419637893989,121.99296181731631,1.1284834741810885,False
4946,90.99272376406793,-64.98154183274184,122.21915400851398,1.2761851189539763,False
4947,69.89099277407536,-64.66683822304347,122.55383747566215,1.0979487363979161,False
4948,66.67834866051089,-64.40336007962766,122.79646333081686,1.0674713683487855,False
4949,52.67169680877328,-64.03061826390206,123.1001826067364,0.9480271483065131,False
4950,75.32358211255075,-63.750779402953036,123.31280612217412,1.1278176686508428,False
4951,86.29642191299195,-63.43332664341764,123.60316662708921,1.2113746972854205,False
4952,100.90278693476023,-63.093944410174096,123.937083122652,1.3232256820393138,False
4953,104.1757454032213,-62.79369223658848,124.27447129625077,1.3435537958699573,False
4954,96.4477801997424,-62.46471490271587,124.64453714587783,1.274925469990513,False
4955,18.271102921754164,-62.201408188493296,124.93462371175657,0.6441169686948428,False
4956,-0.6879983070105027,-62.01732913636306,125.03080956945611,0.49051374649608565,False
4957,-42.13474131187502,-61.90696059841521,125.0769807369498,0.15808040112611346,False
4958,-46.06998909357196,-62.01404999208309,125.05215408562468,0.12749929031685484,False
4959,-64.89986681697064,-62.01197107653949,125.05241779492387,-0.023093481848284428,False
4960,-63.531974944388935,-61.914552847344815,125.04370313262986,-0.01293485442708436,False
4961,-51.02662277897002,-61.91441462694818,125.04370132107569,0.0870718935296188,False
4962,-56.6639793523193,-61.8660747358292,125.04634699958883,0.04160133829041007,False
4963,-44.619881215971645,-61.879684059687776,125.0456515338508,0.13802801322558403,False
4964,-44.09265836123245,-61.768187320190734,125.05268221865,0.14134466086903494,False
4965,-47.31661141633981,-61.60027646432697,125.05739231748245,0.11421687901283997,False
4966,-96.41754762935034,-61.45594609788312,125.05981622055482,-0.27955903493260476,False
4967,-60.034722468656355,-61.41894207435854,125.04847820984716,0.01106946382329651,False
4968,6.898228162461464,-61.25950664190678,125.0329727983848,0.5451180858850115,False
4969,36.01505838171238,-61.223472404996265,125.05184912361537,0.7775857091932091,False
4970,79.19893020054087,-61.06373584953756,125.15941074370686,1.1206721509523483,False
4971,97.3948663575054,-60.73218101940492,125.45818183922937,1.2603964528957152,False
4972,104.66048433423043,-60.297291184689705,125.88073889509484,1.310429037570163,False
4973,110.9626558844268,-59.77989005592696,126.3810443747446,1.3510138864976349,False
4974,87.27728410949703,-59.217164753790065,126.9316564089648,1.1541206741310643,False
4975,95.74918918415301,-58.72654584632975,127.33942432591532,1.2131021939844346,False
4976,100.58941616460083,-58.17269290247769,127.80968509392326,1.242175887925937,False
4977,87.60972929439254,-57.656329548608525,128.27675071983234,1.1324426135510315,False
4978,65.98171786145565,-57.15126257079187,128.68244954052264,0.9568747010327343,False
4979,-20.81663257369098,-56.7301303776011,128.97035452372486,0.27846320138093145,False
4980,-82.33226093741655,-56.35679506682825,128.9830699333905,-0.20138663069504054,False
4981,-173.8753531899156,-56.23038982149774,128.94692565784115,-0.9123518282288258,False
4982,-272.8391467041672,-56.54800189350329,129.17173714627526,-1.6744463579191,False
4983,-296.78929849709266,-56.992136787929994,129.78858642522283,-1.8475982234949513,False
4984,-316.2443722054661,-57.41016777316308,130.4494284690213,-1.9841727746148774,False
4985,-301.82381309325115,-57.99943902050232,131.39593625839143,-1.8556462324166991,False
4986,-269.17052606758466,-58.525431803465175,132.1964098269561,-1.5934252264479192,False
4987,-236.54973340061906,-58.97948401135064,132.79033736937825,-1.3372226692619016,False
4988,-185.0874901934087,-59.48190393394144,133.3036248428367,-0.94225184354555,False
4989,-167.07121542109257,-59.867583268545864,133.5740786258796,-0.8025781143720823,False
4990,-137.72375818730598,-60.13091646005221,133.7424530346904,-0.5801661324929307,False
4991,-64.00099444665307,-60.2373398827181,133.79735604116783,-0.02812951373102569,False
4992,24.343476779794628,-60.206145154759994,133.79585503539175,0.6319300542770141,False
4993,41.50004581600433,-60.224992044362615,133.7836475692128,0.7603697440506667,False
4994,72.03418798238044,-60.12460544239663,133.85401385654092,0.9873353037169231,False
4995,90.05076432647093,-59.92291091874292,134.02839796974595,1.1189693939270036,False
4996,91.94795235974198,-59.632001411804744,134.30191237234163,1.1286507473646619,False
4997,103.39991431689259,-59.31394012351012,134.59868336938422,1.2088814716995484,False
4998,115.55423693681348,-59.12973092879863,134.80112122177928,1.2958643539634678,False
4999,123.3978172193348,-58.958296350355624,135.0059185818915,1.350726808758961,False
5000,120.97717597850556,-58.800255238593344,135.20479406040025,1.3296675792190227,False
5001,135.1846369355768,-58.64462692541067,135.39760192016467,1.431556106697342,False
5002,87.88382034092547,-58.444493663964444,135.66041794784795,1.0786367624279547,False
5003,-3.930950383910499,-58.43487680036136,135.67079481667213,0.4017366190719261,False
5004,-60.856920215311675,-58.4394952913094,135.66891491160098,-0.017818561647503554,False
5005,-125.79124160751712,-58.5663908151572,135.66110000458252,-0.4955352034598652,False
5006,-254.36923259008518,-58.708173079613665,135.719170231296,-1.4416611829929482,False
5007,-312.06699998533145,-59.03241210160997,136.1229639769238,-1.8588677508272378,False
5008,-334.8263956267119,-59.43669554258785,136.77534210215185,-2.013445522062353,False
5009,-294.9696144098641,-59.9407076923451,137.63563544711678,-1.7076166790236769,False
5010,-258.3133390426576,-60.25135713625377,138.10886667724785,-1.434100406958395,False
5011,-205.82793819757103,-60.438586985152824,138.35718131463238,-1.0508262009313,False
5012,-179.21958199846745,-60.42099754214561,138.3383958256186,-0.8587535206499899,False
5013,-170.97943483250128,-60.172837629310436,138.08593952583362,-0.8024466327540954,False
5014,-183.79804467866416,-59.858248006562526,137.7707026283971,-0.8996092369972086,False
5015,-75.60623025818472,-59.80031167076269,137.71618861453058,-0.11477168186568834,False
5016,15.09095316689013,-59.43231961048518,137.5900553635347,0.5416326970759117,False
5017,35.22192461482291,-59.1712325004242,137.6901643827029,0.6855475664397209,False
5018,56.58624922744616,-59.00582352349308,137.78731348297526,0.8389166595168543,False
5019,55.24493336749083,-58.85782358502551,137.89865821903538,0.8274392109840392,False
5020,75.60705958056451,-58.863484787309886,137.89392603102783,0.9751738037947869,False
5021,70.266901990968,-58.79541079319818,137.95783599084697,0.9355199859233007,False
5022,59.33658381072871,-58.81946742495849,137.9348372577895,0.8566077546810217,False
5023,70.36600601535747,-58.88422727092353,137.87643436575698,0.9374352758746829,False
5024,60.59293182322381,-58.88631157167737,137.87446607624335,0.8665799171895268,False
5025,77.24372729715401,-59.055755866162286,137.70894855104822,0.9897648961627977,False
5026,67.43887497928438,-59.15948847876896,137.59897665351366,0.9200530885984651,False
5027,-20.53481375043691,-59.11515944737384,137.6387862009766,0.28030140894008543,False
5028,-99.66061279566588,-59.188653655610835,137.61472429660714,-0.29409613939874657,False
5029,-173.70963949983718,-59.403912401987206,137.64978326749474,-0.830409786230609,False
5030,-265.9184514445067,-59.482621288824625,137.7116955613815,-1.4990435584584645,False
5031,-326.24094877896323,-59.3838785222901,137.55668375106399,-1.939978945258696,False
5032,-343.43167081863294,-59.3409417921306,137.47172311280906,-2.0665393769261042,False
5033,-316.76918248600964,-59.3680783153913,137.52767087335639,-1.871631378151154,False
5034,-278.1167281505584,-59.301900812825686,137.40030337841915,-1.5925352561637864,False
5035,-254.21098280142542,-59.240084881802034,137.2988683189343,-1.4200473777156093,False
5036,-230.576425870496,-59.214326074832485,137.26165471172976,-1.2484338772947903,False
5037,-227.42266364589932,-59.31621156032045,137.38313118437227,-1.223632411318206,False
5038,-208.95222178121207,-59.49833129345159,137.58663998508788,-1.086252927638605,False
5039,-118.42112901093356,-59.66893475444468,137.75498274586027,-0.4264977795023132,False
5040,-16.981280442291563,-59.71898041091307,137.77490795548937,0.31019944489767814,False
5041,5.537008565390124,-59.83488629130935,137.73044277277108,0.4746364967732704,False
5042,21.25553259497883,-59.96573702770835,137.65737747007478,0.5900248218831846,False
5043,37.21365539939393,-60.00778968585039,137.63132228067226,0.7063904020843461,False
5044,38.68344083527904,-60.10072405435349,137.55992832387048,0.7181173041691004,False
5045,65.97787282133095,-60.11818021340681,137.54712879320712,0.9167479840623552,False
5046,49.9346313835681,-60.063798116377654,137.59544579477648,0.7994336503259588,False
5047,65.05314067135157,-60.02224000004436,137.62779690593334,0.9087944694550564,False
5048,81.38457163610462,-59.91431904015905,137.71923804980153,1.0259923934894826,False
5049,64.29035256426926,-59.77043609493419,137.8548996949405,0.8999374627506015,False
5050,34.13215731125774,-59.68242650121262,137.929780505322,0.6801619162212076,False
5051,-45.08494258869587,-59.620333456244396,137.9698847242637,0.10535190992293626,False
5052,-91.36633349618023,-59.4682914687102,137.9717558420583,-0.23119254975623402,False
5053,-167.5013321644485,-59.42666334464355,137.96100602163312,-0.7833711273666575,False
5054,-269.58737365286356,-59.57612581646386,138.06498811956862,-1.5211043052748707,False
5055,-320.315364982152,-59.48786850307037,137.92506888769773,-1.89108113979957,False
5056,-343.537974869138,-59.424165953386115,137.8013242929926,-2.061763995182443,False
5057,-302.17469185286177,-59.478603697587936,137.91236133604434,-1.759784879354709,False
5058,-260.25252094552525,-59.44249900417655,137.8476257137454,-1.4567535777391707,False
5059,-234.49127986094368,-59.34317328863151,137.69589891299935,-1.271992179541791,False
5060,-221.26343711680784,-59.34619125021395,137.69975504666004,-1.1758717058844996,False
5061,-201.13555677956333,-59.511102992731196,137.87792720208049,-1.0271727800147485,False
5062,-181.56060829083322,-59.545424284011936,137.91266158118194,-0.884727932938901,False
5063,-95.06899404680735,-59.56195463566831,137.9272048260906,-0.2574331833658856,False
5064,-25.05337673692702,-59.522545666995725,137.91604127707384,0.24992864217165292,False
5065,0.5045295787094801,-59.5052497179476,137.92020546789033,0.43510506015471506,False
5066,19.315973727393157,-59.51884423247797,137.91414096644576,0.5716224413785927,False
5067,40.078662649923444,-59.50485570006367,137.9220641686176,0.7220274649329536,False
5068,69.75686872737424,-59.449467915018715,137.96039902115987,0.936546556541749,False
5069,86.11849456604727,-59.27518141897626,138.1058108055449,1.0527701559910472,False
5070,77.85980073595033,-59.061590965861264,138.30379675508695,0.9900045762610308,False
5071,76.67500062695149,-58.983163456259845,138.3781047917162,0.9803441396122683,False
5072,78.72335151218181,-58.88531642969832,138.4686919386301,0.9937890364622558,False
5073,46.80412788207832,-58.72181336843124,138.61566291600226,0.7612843962262456,False
5074,24.88155621841554,-58.64718826603993,138.66938848670492,0.602358930085452,False
5075,-73.31756436516343,-58.51649145690083,138.7380980111506,-0.10668355066445424,False
5076,-102.54823792928175,-58.48236896963212,138.7337224324505,-0.317629111271813,False
5077,-166.809375727898,-58.45098733000129,138.7230911971775,-0.7811128447525642,False
5078,-246.83363248225442,-58.430322034401364,138.70658994155352,-1.3582866576652206,False
5079,-293.114194067359,-58.38016014714487,138.63648795927537,-1.6931620050067016,False
5080,-288.43289541206354,-58.38401326508492,138.64304171959833,-1.6592890583881306,False
5081,-277.5031803753734,-58.38884649129203,138.65109490461845,-1.5803289114652546,False
5082,-253.6930332787515,-58.36294811762328,138.60950442343415,-1.4092113378056674,False
5083,-214.76132348012948,-58.39607389222662,138.65578448366358,-1.1277225120479977,False
5084,-189.07359051557773,-58.449902658901706,138.71506282228194,-0.9416690963405153,False
5085,-165.25688423286078,-58.39853762591995,138.6647783924389,-0.7706235703526542,False
5086,-162.95845495364074,-58.43250977606892,138.69040502409905,-0.7536638541030235,False
5087,-77.80408535061474,-58.497784358381175,138.7372752712339,-0.1391572737354788,False
5088,25.522094667416695,-58.44375140248379,138.7279220031586,0.6052555596413297,False
5089,44.461405248481014,-58.43874764461849,138.73095331548407,0.7417245426051188,False
5090,73.17714500766988,-58.44074869899708,138.72945773512276,0.9487378950040015,False
5091,83.26818893952372,-58.48149813625655,138.689542481635,1.0220647104272518,False
5092,89.13602174152129,-58.56938252383962,138.5944144495441,1.0657385065047749,False
5093,87.92460792342422,-58.48255767637494,138.6828491823462,1.0556977049649212,False
5094,91.85273107194905,-58.532792712737425,138.62794091544902,1.0848139472576352,False
5095,90.98902950983052,-58.60390351666746,138.54721271729147,1.0797253159595894,False
5096,90.27272115249036,-58.58906815994,138.56319078758267,1.0743242015885404,False
5097,74.91679948524529,-58.593705723507725,138.5581654217139,0.9635700992604954,False
5098,43.74494610525369,-58.65310638773039,138.49840838573516,0.7393446154831821,False
5099,-41.400414041009526,-58.75757610099121,138.41398240072627,0.12540035160414983,False
5100,-79.92255167341227,-58.87413695758519,138.39093216960757,-0.15209388639734578,False
5101,-108.94502762372201,-59.03295578346234,138.39973853644943,-0.3606370385382965,False
5102,-159.37932574113609,-59.259818311643464,138.45042308347752,-0.7231433837448543,False
5103,-174.9603330415605,-59.459502805568135,138.5711538062638,-0.8335127987566154,False
5104,-154.33297445282938,-59.55078750466201,138.64256619475066,-0.6836442050201754,False
5105,-154.24529245939857,-59.48563364081304,138.5951465499785,-0.6837155641984509,False
5106,-142.60153085367688,-59.59356581988639,138.6622220961898,-0.598634319996747,False
5107,-100.99585952365987,-59.67636477391524,138.707874857944,-0.29788860071615614,False
5108,-106.79885439414375,-59.63614398479618,138.69482978401996,-0.3400466367981478,False
5109,-108.71489066331992,-59.710832363408024,138.71695866150097,-0.3532665275591305,False
5110,-87.05035134919876,-59.77033803923074,138.73593471832666,-0.1966326414663526,False
5111,-35.72630340764522,-59.77576543363638,138.73699025905432,0.17334570961273707,False
5112,81.12084711931925,-59.72637318267936,138.74410850853303,1.0151582061110453,False
5113,90.11748708157552,-59.479873709673925,138.95844956159968,1.0765618158752814,False
5114,95.17484573965089,-59.37472703060685,139.06551978350674,1.111343581146902,False
5115,91.00320338323127,-59.34983344741886,139.0929692633926,1.0809535350844006,False
5116,84.44514818238622,-59.22416552712626,139.2199144731005,1.0319595027281223,False
5117,90.32609935657388,-59.118410768067484,139.32283570244044,1.0726490698468005,False
5118,92.83472416260838,-58.89427741956867,139.53388122005003,1.0873989905211254,False
5119,91.82464720045027,-58.79004443117546,139.64124264787125,1.0785831519089661,False
5120,101.52142373363972,-58.757138328273925,139.6762835895328,1.1475001907476636,False
5121,99.13433235272169,-58.75345596637584,139.68052608615312,1.130349324584548,False
5122,86.64092996886666,-58.78346437739072,139.64585065718128,1.041379988462829,False
5123,5.225070261159544,-58.84183848590783,139.58260844421255,0.4589891925731794,False
5124,-23.889083508592876,-58.9194934422209,139.5430741742461,0.25103653578597446,False
5125,-52.140855092740026,-59.057595139849354,139.49657204671615,0.04958358435354938,False
5126,-74.42406890221241,-59.11715534092594,139.49143934585723,-0.10973371292939542,False
5127,-101.76547069213984,-59.285929625501176,139.49271187572685,-0.30452874917568035,False
5128,-96.32809390174452,-59.50536774380576,139.53058790907147,-0.26390432886253723,False
5129,-73.66799076711243,-59.70058273759954,139.55919453203626,-0.10008232045439776,False
5130,-74.85101914193626,-59.83535278514802,139.56170025045824,-0.10759159805190853,False
5131,-50.50852247040871,-59.94360897437191,139.56627917655604,0.06760290923875317,False
5132,-55.26845596590056,-59.978660410410235,139.56314706481447,0.03374962906448515,False
5133,-71.25349405118811,-60.045183015199925,139.5581930568876,-0.08031281281651007,False
5134,-91.8080230563819,-60.18766445945498,139.55733918643926,-0.2265761068623144,False
5135,-21.42629761227954,-60.16022681318731,139.55062653002796,0.2775618437841492,False
5136,40.47100752852566,-59.930414760470775,139.58262096884383,0.7192974425620435,False
5137,64.74157933183915,-59.730576788053725,139.70285227087956,0.8909779156015023,False
5138,75.99902749444846,-59.55958559192202,139.83825765488461,0.9693957530629699,False
5139,102.83039602078179,-59.57863263183925,139.81946117292193,1.1615623983256624,False
5140,110.8534115091204,-59.54627828860545,139.85662643670022,1.218388389161164,False
5141,98.58901519151323,-59.509415626850156,139.90097546095674,1.1300738275587303,False
5142,84.29277904332889,-59.58306825002226,139.81392093667364,1.0290523742518978,False
5143,88.99993747828591,-59.6008331611304,139.7953373324751,1.0629880328984025,False
5144,97.24249721844797,-59.64100727842723,139.75138869426902,1.1225899503588168,False
5145,109.53169781450629,-59.66092941501148,139.72864711955515,1.2108657080516392,False
5146,61.83717926826773,-59.53044150715365,139.87715897225854,0.8676729043338084,False
5147,-38.74861803503927,-59.55511137973216,139.85525384185217,0.14877162475584077,False
5148,-78.45864688712936,-59.66184938843065,139.83235246549788,-0.13442380942090362,False
5149,-131.02954333028197,-59.63879216194085,139.828911234847,-0.5105578705997227,False
5150,-217.7808108721374,-59.383757579443035,139.65827623023162,-1.1341759154435733,False
5151,-262.6998512883961,-59.05602938996666,139.21828113898158,-1.4627663855088961,False
5152,-274.6190233171644,-58.85311601372442,138.89417112272432,-1.5534554514371466,False
5153,-249.83819207142596,-58.60534607986548,138.46874338458767,-1.3810542460143806,False
5154,-221.3681579154968,-58.29590785949748,137.97918583235554,-1.1818612283604268,False
5155,-163.88020908234716,-58.01136995383029,137.590461440958,-0.7694489721145872,False
5156,-130.13244269413963,-57.578813261459615,137.13930127759704,-0.5290505986013239,False
5157,-113.8492255168319,-57.25169988348778,136.89866829000331,-0.4134264148826421,False
5158,-122.25410626460916,-56.934902324533844,136.70445572042775,-0.4778132767936888,False
5159,-56.14482354254733,-56.842821063089225,136.65491322257827,0.005107738200418928,False
5160,30.29492035626754,-56.79605814104099,136.6537932233954,0.6373110942843434,False
5161,50.09846025005595,-56.7606328816572,136.67572292012147,0.7818439943000389,False
5162,74.43959984859839,-56.709451843359275,136.71434345810647,0.9592925539092817,False
5163,93.33126208929411,-56.69513391558418,136.72803263384307,1.097261425582332,False
5164,115.66197345324758,-56.67560714318641,136.74934818863284,1.260244256219127,False
5165,125.49834002155058,-56.53445225572508,136.91581613691787,1.3295234795609014,False
5166,148.21385696974403,-56.40291400748306,137.0809046345069,1.49267158341848,False
5167,141.04926553747066,-56.20851150728705,137.34912330791764,1.4361779113983364,False
5168,152.0317556346954,-56.10344336253624,137.49401472325033,1.5137764317680937,False
5169,143.38410960845943,-55.918594674106544,137.75413872880745,1.4468001188329258,False
5170,117.50321992235183,-55.86978828914891,137.8236871535677,1.2579333189535324,False
5171,22.385031979832092,-55.69348233925947,138.02747399834402,0.5656737173935988,False
5172,-47.67872372455008,-55.53683958709433,138.10148204017418,0.05690102485835955,False
5173,-140.70411664157518,-55.45839794131598,138.10218474578306,-0.6172655331787731,False
5174,-228.38724096658234,-55.54716505461395,138.1524464525112,-1.2510822670909472,False
5175,-256.49501202841407,-55.39251034256929,137.94292627860065,-1.457867446422602,False
5176,-275.51469148737806,-55.06172469996859,137.3892573561028,-1.6045866396672608,False
5177,-270.70989919043177,-54.70867884199637,136.74072327008219,-1.5796407623338555,False
5178,-236.36215575689062,-54.56427577521403,136.4980741397733,-1.331871391793532,False
5179,-204.824382725036,-54.433613969941604,136.31224873523905,-1.103281400978134,False
5180,-185.20985294090497,-54.42764042546223,136.3055963558141,-0.9594779378980666,False
5181,-177.95803187286265,-54.4632968001196,136.3392156889051,-0.9057902706036521,False
5182,-161.05387841189508,-54.50483606821699,136.37598606310095,-0.7812888868453572,False
5183,-79.89533482076536,-54.36945412615288,136.25810494938165,-0.18733476958376202,False
5184,6.819970286983107,-54.394984510453966,136.2625096136376,0.44924282527165843,False
5185,36.29393688016535,-54.44421655140578,136.23874590306576,0.6660231113411127,False
5186,60.36893938772664,-54.43783552601684,136.24299579010594,0.8426618502327503,False
5187,96.74143571514492,-54.41531951315803,136.26176518144672,1.109311588815997,False
5188,92.39322308476585,-54.16831652299342,136.4991414603055,1.0737176662051018,False
5189,106.28226194445483,-54.06839888308747,136.6008120160551,1.173863159822914,False
5190,128.8291248777689,-53.85402174050719,136.82518490311483,1.3351573158671997,False
5191,124.17609857633101,-53.44037566272718,137.2737373630418,1.2938853246875894,False
5192,155.4080778288602,-53.12007749272139,137.62666554282296,1.5151726193402355,False
5193,136.06760139479047,-52.555701623640225,138.28858518024128,1.3639831716593573,False
5194,112.86904185681942,-52.20555951591619,138.6930794525381,1.1902151284284197,False
5195,29.197726847755916,-51.93514185593087,138.9717626574962,0.5838083014291425,False
5196,-52.061767894881996,-51.63911482856067,139.09196599865064,-0.0030386590863589074,False
5197,-169.70514329942466,-51.35578837081791,139.0420316034495,-0.8511768244737775,False
5198,-250.42693556815993,-51.3319520839107,139.02127230770455,-1.432118841809905,False
5199,-309.99158303334116,-51.23974067988481,138.88315603333422,-1.8630901668979334,False
5200,-324.97464889791013,-51.143018264732305,138.6960222838745,-1.974329372422203,False
5201,-298.29904219309674,-51.03315503901372,138.47023588037658,-1.7856970169942818,False
5202,-267.6178083937168,-50.92321372774638,138.26516639036313,-1.567239242703965,False
5203,-235.9424432397543,-50.86072015776517,138.1641995844625,-1.3395780067386056,False
5204,-205.1908678239763,-50.75197885085047,138.01029897729563,-1.1190388696899563,False
5205,-186.91064235604426,-50.60087433866881,137.82600810038053,-0.9889988826934553,False
5206,-183.4750613081933,-50.359731354800616,137.54994867357962,-0.9677599391133853,False
5207,-89.23893310956373,-50.20808159008026,137.38800139630317,-0.28409214140103,False
5208,-14.628342064833532,-50.03437804304831,137.3196722238019,0.2578365896512661,False
5209,28.026195896834224,-50.0203724574682,137.32318352686926,0.5683422591133819,False
5210,57.430122445392726,-49.88650824716198,137.38861156855552,0.7811173682252753,False
5211,86.62830165081027,-49.67118330757619,137.52905383356654,0.9910595700260685,False
5212,83.53967892950186,-49.37704850846062,137.7686211831336,0.9647823016336822,False
5213,96.06719662034504,-49.11004709123309,137.98360698610065,1.0521339953535358,False
5214,99.061728948015,-48.93094397338183,138.15330961188062,1.0712206123556383,False
5215,97.82694331739538,-48.638520773593456,138.415570909336,1.0581574249831012,False
5216,109.86297440877559,-48.44343861498605,138.59973991000905,1.142184055515168,False
5217,137.25662350863217,-48.27392431276777,138.7767789442917,1.3368990780213765,False
5218,174.9407308762194,-47.83960127143227,139.24456659105564,1.5999211861668572,False
5219,138.04334887531388,-47.00145500021226,140.1616886310098,1.3202238477782313,False
5220,98.490099649483,-45.91140564625982,140.88690869278153,1.0249462255618458,False
5221,35.078150271338245,-44.78130782991659,141.28101486159224,0.5652525796158117,False
5222,-36.73453324268462,-43.57547757732262,141.09170912253612,0.04848579960638751,False
5223,-52.55770267801881,-42.18944876535727,139.99764828193176,-0.07406020058123848,False
5224,-78.23020626795869,-40.5956531564041,138.3265415237744,-0.27207036839771115,False
5225,-69.09114903520344,-39.016440248063745,136.3475677331903,-0.22057385611741123,False
5226,-49.62438942056883,-37.62903820748244,134.83120814062724,-0.08896568812596706,False
5227,-40.50553749670394,-36.37529932935771,133.72345074713323,-0.030886416288765806,False
5228,-50.454767301607035,-35.22062229147533,132.83709035728268,-0.11468291701630536,False
5229,-76.29969455360788,-34.2039040187658,132.05599306623895,-0.31877228406988645,False
5230,-69.54689937939042,-33.460833410277964,131.46093572707701,-0.2745002975182673,False
5231,8.556118992680467,-32.79408514294795,130.98850886212134,0.3156781040934949,False
5232,78.920277880919,-32.177268993903375,130.93747642338712,0.8484778377398062,False
5233,93.10576179492477,-31.55837819260667,131.2167736787251,0.9500625300600873,False
5234,104.8012429599703,-31.00718038179587,131.54634526668787,1.0323998212678405,False
5235,106.2323518157782,-30.498339493506723,131.90700881546778,1.0365688111430476,False
5236,119.81589846791621,-30.104567534186156,132.21733532540827,1.1338941722968763,False
5237,135.06080402567977,-29.806597119063884,132.49984050552567,1.2442837705745629,False
5238,120.37403242954008,-29.51527384847083,132.80968930231975,1.1286021905887618,False
5239,101.77851367138635,-29.262212945532795,133.05578735048226,0.9848555198260166,False
5240,109.50221917355054,-29.112787272649264,133.1894992608116,1.0407352472642304,False
5241,108.84532045578362,-28.929579727045876,133.35978039236335,1.0331068315910257,False
5242,95.51728048957602,-28.560286914107152,133.6563248250316,0.9283329282479682,False
5243,16.558175242692187,-28.13983617439786,133.93625510279605,0.33372600557469917,False
5244,-9.071505155271325,-27.604861533874914,133.93421648810536,0.1383765617522355,False
5245,-58.007971661773354,-27.048452410220087,133.8151258457798,-0.23136038662201547,False
5246,-101.08670802072288,-26.400825005064586,133.397303870133,-0.5598755060924443,False
5247,-128.41657469027632,-25.533283788031657,132.42553687947265,-0.7769142819929369,False
5248,-109.19491753535272,-24.55294081554902,131.03510702094894,-0.6459488502289066,False
5249,-94.7794097503604,-23.48604809009241,129.59549422272593,-0.5501222252198175,False
5250,-51.384136117619164,-22.398406598276857,128.2102265597278,-0.22607969970195055,False
5251,-16.312921997094236,-21.194186972317738,126.96886153041348,0.03844458331269095,False
5252,3.3819766649364738,-20.01294648729967,126.07723859799756,0.18556024396149579,False
5253,-7.673719980543865,-18.867377635034707,125.40446790820388,0.08926043737679748,False
5254,-58.402766811042966,-17.929382609723294,124.89124498925463,-0.3240690266543657,False
5255,4.015051212519438,-17.307027323160213,124.42384693881208,0.17136649493055148,False
5256,96.33981750447765,-16.820008653141556,124.34573530277291,0.9100418754377316,False
5257,104.34134600388415,-16.398474588635242,124.60989127879623,0.9689425081222636,False
5258,113.07094415983556,-16.04204636985308,124.87038099100431,1.0339761079049639,False
5259,109.59472631537324,-15.804583279661616,125.07882159328862,1.0025622883047967,False
5260,98.00464448550929,-15.647877700043463,125.22010050333944,0.9076220329540609,False
5261,56.21999030733696,-15.5950882789483,125.26639991472715,0.5732988146475997,False
5262,58.3917594412743,-15.78380624094882,125.13332154884267,0.5927722908983163,False
5263,40.501466277748364,-15.982978691131404,124.98751719478183,0.4519206896545823,False
5264,29.290686347240126,-16.28349990084618,124.78931174256255,0.3652090520549131,False
5265,36.01837567123175,-16.646488203258382,124.56599676229607,0.4227868378477975,False
5266,9.770699314409512,-16.878026440246558,124.43086160762131,0.21416492187195346,False
5267,-38.491113436102864,-17.08025409971587,124.35933317235099,-0.17216929996491254,False
5268,-64.61382598887383,-17.062936834210475,124.35612878765873,-0.3823767241569389,False
5269,-75.15718988597996,-16.971813467040604,124.31539402502766,-0.46804643041412275,False
5270,-68.59446032263043,-16.77069538526833,124.19297909799951,-0.41728417591519773,False
5271,-90.26269389098877,-16.230309281586745,123.76552255732007,-0.5981664608987942,False
5272,-92.038989339164,-15.726156667595248,123.28665144344548,-0.6189869850311838,False
5273,-79.88116094736449,-15.355359137156762,122.96052715703617,-0.5247684220465328,False
5274,-56.93886202476017,-14.912715497204179,122.59084095033657,-0.3428163654133136,False
5275,-50.8284147301913,-14.402818658936818,122.23419089778687,-0.2979984225666764,False
5276,-41.32076139607443,-14.104202916118554,122.08256405236254,-0.22293567219216007,False
5277,-60.72185375681511,-13.714452362558617,121.88922970047706,-0.38565672709368604,False
5278,-76.19437061136966,-13.428779523829421,121.72136836146112,-0.5156497329306463,False
5279,-5.41864164390563,-13.364160590866152,121.68492654650639,0.0652958355028784,False
5280,78.06758368856913,-13.183757842272463,121.67404093059501,0.7499655705763314,False
5281,88.38156455470903,-13.201932029360265,121.66009773968875,0.8349779300804397,False
5282,98.1343203485369,-13.21226490154399,121.65134344070098,0.9152926889324231,False
5283,88.87350351183409,-13.194648981253005,121.66734581855233,0.8389116389972512,False
5284,72.28675434350953,-13.2073257662018,121.65653467717364,0.7027495920098121,False
5285,62.463958505058145,-13.279697158099875,121.60169908742893,0.6228832017281273,False
5286,74.08012629341476,-13.445543234596991,121.47848796459972,0.7205034487547934,False
5287,43.67317202292679,-13.557177745723141,121.3888195707324,0.47146310484798987,False
5288,33.35161416595281,-13.843793669398876,121.19520020306739,0.3894164765293832,False
5289,31.149461675736347,-14.249566345397014,120.92044189862051,0.37544543592716795,False
5290,24.026788720115974,-14.654238194664783,120.65218103336133,0.3205994834364837,False
5291,-34.6831666397095,-15.026941416383538,120.43391165728809,-0.16321171464778592,False
5292,-32.75838478907349,-15.264490445555376,120.43308487979107,-0.1452582100755739,False
5293,-26.110084234714463,-15.317283905558238,120.43883207646356,-0.08961229649175069,False
5294,-23.13873523720804,-15.162338840927134,120.40791510226762,-0.06624478456840821,False
5295,-40.065581974205315,-14.857068997683061,120.32175027997073,-0.20950919445458374,False
5296,-35.325552215829475,-14.489807755314402,120.14892900278879,-0.17341598159423838,False
5297,-49.28851385673886,-14.126697388136336,119.99219662699174,-0.29303419269760267,False
5298,-62.59770558704133,-13.981581454146019,119.9344856302973,-0.4053556729526185,False
5299,-54.672022388917185,-13.908645063938309,119.90096827347924,-0.33997538061579846,False
5300,-81.07221867068404,-13.93342780154848,119.9090085397124,-0.5599144858820179,False
5301,-102.34249058614068,-14.087021627172188,119.97877842108703,-0.7355923282467514,False
5302,-95.04400128599707,-14.272075177975477,120.0914019026866,-0.6725870864050144,False
5303,-32.22015456456552,-14.29133695315176,120.10417139973923,-0.14927722661473428,False
5304,7.583173055255429,-14.355586101677272,120.11089794033019,0.18265419319262471,False
5305,5.3194999230443045,-14.551347021161023,120.04778886014222,0.1655244726527634,False
5306,17.035111004036708,-14.905049874784801,119.90021358934179,0.2663895244441895,False
5307,26.9470966947913,-15.25602556818011,119.71868600935501,0.3525190901249416,False
5308,30.0456712846576,-15.707711873691958,119.41325055979026,0.38315164308705274,False
5309,6.113236833483029,-16.188710327408998,119.06264043645625,0.1873127210948642,False
5310,-11.863192768129807,-16.73916138906394,118.74215786894936,0.041063500179233166,False
5311,-13.33885885361724,-17.311518364132148,118.4837136232028,0.03352916100476562,False
5312,0.7825787547826621,-17.920677866107763,118.19659132441964,0.1582385448794774,False
5313,11.936927066990734,-18.494844047439102,117.86764073733357,0.2581859696525751,False
5314,19.323098360565268,-19.075765301888598,117.47271271388382,0.32687475053017645,False
5315,-57.14374234904949,-19.328825307291588,117.3430865709585,-0.3222594372348545,False
5316,-110.67156372910733,-19.438320094874985,117.36989534735943,-0.7773138364333124,False
5317,-186.61483814174835,-19.630063647505807,117.49314029927233,-1.4212299889926148,False
5318,-310.5891475044788,-19.960928497574056,117.88633083245647,-2.4653258520697716,False
5319,-359.5425397268235,-20.513359072766566,119.0307919247247,-2.8482477111339364,False
5320,-367.3402810996233,-21.089803646804825,120.43687138243241,-2.8749541023308622,False
5321,-363.28971981065865,-21.641715895509936,121.81026848676699,-2.8047553638900653,False
5322,-331.63734950450066,-22.317022608243466,123.38722321092882,-2.5069072700297195,False
5323,-300.7533840797246,-22.973386843892296,124.73831956993571,-2.226901871001175,False
5324,-260.0009346926629,-23.78810812363859,126.10367273893884,-1.8731637345569991,False
5325,-235.846543415469,-24.56113486172504,127.15316212454864,-1.661660669883981,False
5326,-195.9166687397809,-25.28730937302645,128.01160870785682,-1.3329209834098579,False
5327,-125.52231497762205,-25.72577700680723,128.47106055713175,-0.7768016978923807,False
5328,-58.57601979548326,-26.138738265349346,128.6807593780173,-0.2520756147766036,False
5329,-41.97637843379971,-26.667731956728815,128.63003685164762,-0.11901299923226141,False
5330,-19.84900183879131,-27.21579647270415,128.49708095604154,0.05733044345523302,False
5331,-3.0742226690770167,-27.7770381494148,128.25610607131722,0.19260537558033847,False
5332,17.20768545198439,-28.350880320595582,127.9262438960473,0.356131505038175,False
5333,41.47380907162426,-28.93691774917453,127.48732167757314,0.552295913776225,False
5334,75.29003225263955,-29.437063766733612,127.04186842406656,0.8243510373272648,False
5335,63.22855604278743,-29.87113415195447,126.55489279021018,0.735646707465298,False
5336,85.85526010339561,-30.334352660851398,126.06702071218106,0.9216495488500136,False
5337,96.07812859717012,-30.728260372347233,125.59629774010513,1.0096347683107367,False
5338,82.37301082344345,-31.009843592652526,125.25617422572805,0.9052077082584784,False
5339,-17.708784651759174,-31.218951980146027,125.03588536292135,0.10805031922774078,False
5340,-85.11067939219777,-31.457605650572162,124.97120621531552,-0.42932348471683623,False
5341,-173.55546093013277,-31.68041491049864,125.03365260558071,-1.1346948846418146,False
5342,-273.29252217063026,-31.875958626501955,125.23071218169163,-1.9277744200150186,False
5343,-315.3733575278163,-32.14325196700224,125.69970376310303,-2.2532281070017235,False
5344,-327.02903121863005,-32.493718309260586,126.40904847186654,-2.33001764090425,False
5345,-294.81634055548307,-32.80035128385138,127.06286811116098,-2.062097237112631,False
5346,-263.32139071560505,-32.94384200626239,127.34644072449892,-1.809061544230679,False
5347,-223.133483690375,-33.10431364292141,127.62099682181942,-1.4890117988403317,False
5348,-225.74351200557953,-33.213296386762714,127.77623949896639,-1.506776348824808,False
5349,-202.0838492244245,-33.45456816690958,128.10281479929398,-1.3163589053192633,False
5350,-170.29577161974896,-33.59817422257364,128.27917773240804,-1.0656257688393374,False
5351,-104.58147252931599,-33.65318549166801,128.33613216128512,-0.5526758976069933,False
5352,-64.33596529515967,-33.800126787552244,128.40350995865495,-0.23781155606602775,False
5353,-37.17641128524542,-34.223674023160235,128.38607466384295,-0.02299889041561887,False
5354,-24.881556218415653,-34.660997524144825,128.26950974827415,0.07624135560291057,False
5355,-2.607012597459743,-35.16844095037186,128.05977037424094,0.254267427293949,False
5356,10.584867712569121,-35.75980076175641,127.67579591451153,0.36298711233691267,False
5357,23.448977200207082,-36.24675525801948,127.33966022009761,0.46879135969930114,False
5358,60.607181089568144,-36.7398105243543,126.94423765654723,0.7668484478775529,False
5359,66.84798278365736,-37.14589352309359,126.51983472878156,0.8219570988982152,False
5360,82.00871211986839,-37.48713230757379,126.15892058059406,0.9471850573666306,False
5361,95.38651142886579,-37.92403329393683,125.61281776749225,1.061281381089299,False
5362,77.64270675479474,-38.166182638972096,125.314254542893,0.9241477740597129,False
5363,0.27443031477923796,-38.37586320505558,125.08929248944798,0.3089816302470109,False
5364,-64.41079279170333,-38.54802568441853,125.01561503810468,-0.20687629380859215,False
5365,-146.24632732007512,-38.62153178499485,125.02723828561173,-0.860810788199789,False
5366,-245.6959529630185,-38.48189597559396,124.89298964522395,-1.6591328110252237,False
5367,-260.53780784418586,-38.45373536484907,124.84543887263187,-1.7788721356965904,False
5368,-276.25339154897347,-38.159367655389815,124.25827933853975,-1.9161220094228102,False
5369,-226.2855872702121,-37.86936017116995,123.64018847653033,-1.5239076340845903,False
5370,-217.80199628929495,-37.440708653771836,122.85422580199257,-1.4680918499801239,False
5371,-183.10571127739559,-37.14418596267408,122.35444189723127,-1.1929401421921277,False
5372,-173.51045134279138,-36.82968160575528,121.90747401535982,-1.1211844953806105,False
5373,-166.9480233512163,-36.641107698129176,121.66975402828618,-1.0709885681431799,False
5374,-174.53662469841242,-36.5222825850052,121.53178874272267,-1.135623391552126,False
5375,-107.62199455259429,-36.46907760518508,121.46900991170163,-0.5857701235823998,False
5376,-3.1670313826739402,-36.57850058996502,121.52509831754536,0.27493472270219305,False
5377,10.593839472860054,-36.51027850257122,121.54071063168165,0.38755835580208287,False
5378,35.87249032532577,-36.61404252890439,121.49271527589933,0.5966327502815258,False
5379,44.091753645908966,-36.742361767714314,121.40414428537872,0.6658266559962773,False
5380,64.75763802883034,-36.99555550583873,121.18947473440201,0.8396207158886582,False
5381,67.74387713270187,-37.10735336834273,121.08623386282797,0.8659219727638475,False
5382,61.68153053616288,-37.27594455576917,120.91930406357858,0.8183761547279569,False
5383,76.51972885956468,-37.4984457367921,120.70112406204858,0.9446322516246302,False
5384,78.06743290268173,-37.62527439427919,120.56919960692821,0.9595544108622658,False
5385,71.83590454065802,-37.8145335699107,120.36107422915525,0.9110124582454743,False
5386,50.66718692025847,-38.203942611386736,119.89619913719385,0.7412339187662861,False
5387,-59.00493025174137,-38.94366608731508,118.95294089263983,-0.16864874473790814,False
5388,-124.35941651874487,-40.11657251069041,118.16622540988512,-0.7129181262737294,False
5389,-196.530216514966,-41.443057725977475,117.85135595629963,-1.315955658978555,False
5390,-263.63200964332214,-42.82167895684833,118.30465498101334,-1.8664551341780384,False
5391,-291.29956130735263,-44.1722591735188,119.5236119711591,-2.067602359552733,False
5392,-279.39471393787267,-45.59334166536007,121.03363672699263,-1.931705752177657,False
5393,-262.9700595983327,-46.79074944910956,122.34641170738819,-1.7669444255239126,False
5394,-257.34551982539915,-47.9447905834139,123.4672752713261,-1.696001865934238,False
5395,-225.978964168507,-49.18122588344264,124.51979803447296,-1.4198363720130545,False
5396,-212.47669110959168,-50.28523437553672,125.26241881087913,-1.2948133867583316,False
5397,-204.02951492044326,-51.24965058867948,125.88589712612637,-1.213637649805141,False
5398,-197.9692793263257,-52.009947138482076,126.42266667945512,-1.154534515222051,False
5399,-136.8908923391284,-52.77436606673764,126.91662952784617,-0.662769934762057,False
5400,-33.98057979810824,-53.64012208656984,126.99181905936798,0.15480951792076364,False
5401,-5.229329962474139,-54.312151001325944,126.58419737908282,0.3877484082145186,False
5402,42.81776368460646,-54.89747892845332,126.12497084959121,0.7747493771839116,False
5403,78.00048396874672,-55.2664282098543,125.74509905803723,1.059817942622894,False
5404,69.18772739598148,-55.4344750422771,125.54668643169038,0.9926363329872924,False
5405,72.36011167765264,-55.735833203419574,125.18374069076965,1.0232634380010766,False
5406,57.15294028817118,-56.109051610253076,124.70404785605147,0.9082463147400394,False
5407,58.21880802860858,-56.48536763490407,124.26290060325438,0.9230765989419419,False
5408,56.35215413750416,-56.744651597063466,123.97580726265411,0.9122489962494188,False
5409,35.62863184918456,-57.06102103180184,123.61632214243161,0.7498172674494289,False
5410,6.038673212242088,-57.496834654460166,123.15611849934388,0.5158940427879817,False
5411,-64.73362537628714,-58.02944541206334,122.68299333449438,-0.05464636769943243,False
5412,-128.75550366832329,-58.51332517765251,122.54728555673411,-0.573184286959597,False
5413,-170.53325939215426,-59.22572993070638,122.60600982074881,-0.9078472549932959,False
5414,-246.5933551709354,-59.89552331005389,122.90631096824731,-1.5190255926655767,False
5415,-274.00193207362895,-60.76163430499564,123.70838984418148,-1.7237335158692382,False
5416,-280.3096827016532,-61.62821381322988,124.69116212278911,-1.7537848325856296,False
5417,-278.93157508521085,-62.646754082076896,125.776192578863,-1.7196006379945163,False
5418,-253.35172942298072,-63.74289792335577,126.85572012039897,-1.4946809755182258,False
5419,-227.8501416362285,-64.94508597874483,127.6921442731212,-1.2757641167732718,False
5420,-201.69353995530014,-66.20423609564443,128.2514603361357,-1.0564347844815978,False
5421,-188.16917676390403,-67.42492369457442,128.5607517192826,-0.9391999615324231,False
5422,-182.55798154199124,-68.499301413523,128.81237381996783,-0.8854636922372084,False
5423,-128.11658616760974,-69.23832054882625,129.10990784737666,-0.4560321248806454,False
5424,-2.685572044712444,-70.02481839037463,129.06344304622647,0.521753060016719,False
5425,38.11799375812416,-70.61425523292935,128.52409993434978,0.8460066948268382,False
5426,54.959344897055644,-71.00844185343983,128.08509819236303,0.983469494330342,False
5427,51.273987026989516,-71.35434423000399,127.66277361936727,0.9605645230818485,False
5428,74.7904032152652,-71.70149148767294,127.2463964855377,1.1512459193261932,False
5429,102.23433940851692,-71.83967149523393,127.07349186207082,1.369868792876926,False
5430,101.18147695085406,-71.56577656010784,127.40033467499615,1.355940343105438,False
5431,88.61264392690669,-71.31107586064607,127.70411429317039,1.2522988838121205,False
5432,94.28494512962402,-71.0246998032106,128.0099333841678,1.2913813839487556,False
5433,65.27294879847773,-70.63782921522022,128.41250070102092,1.0583921134760474,False
5434,25.0673244314969,-70.46369485136756,128.577727499061,0.742982638914365,False
5435,-80.20927103800182,-70.3726435113849,128.6402859746833,-0.07646615095797278,False
5436,-124.99249106632772,-70.62096587806288,128.61863830773706,-0.42273441783898996,False
5437,-181.6684202002109,-70.98036269400009,128.68609198575288,-0.860140018227186,False
5438,-215.71146305210902,-71.61435811253718,128.96885591048502,-1.117301568059091,False
5439,-231.02746415570675,-72.4900545573555,129.4468034861497,-1.2247302005824665,False
5440,-231.34400142949823,-73.32794009464548,130.01684857521045,-1.2153506492925468,False
5441,-211.7617775217085,-74.15713659518319,130.57989211624576,-1.0537965585392421,False
5442,-171.847471488878,-74.94214026526859,131.01021168709798,-0.7396776936370124,False
5443,-138.7987861703932,-75.62612008350737,131.21545452633137,-0.4814422684807208,False
5444,-135.21117525173122,-76.14975324684191,131.2914102324989,-0.4498498561352926,False
5445,-116.55330652920304,-76.70862475788748,131.3420880858269,-0.30336567928841385,False
5446,-131.17916062689721,-77.0409548339136,131.3720258528507,-0.4120984314699052,False
5447,-77.53244457474943,-77.3682452506727,131.4383798416787,-0.0012492494526676016,False
5448,68.70574030741454,-77.797494077642,131.31970158042344,1.1156226569349483,False
5449,77.00899136719113,-77.85321933586317,131.25513495279836,1.1798563976849017,False
5450,73.12135422939059,-77.92091322388411,131.17179338588804,1.151484351585639,False
5451,81.19563691939106,-78.06979992697427,130.9848273350506,1.2159075221664781,False
5452,77.44619504724744,-78.11550151383405,130.92755769039667,1.1881509080688495,False
5453,84.74475974033476,-78.08479055726418,130.96364810800713,1.2433186815574322,False
5454,72.31174710431992,-77.95216674038753,131.1180214487907,1.1460202967095132,False
5455,83.20987249763311,-77.96269280698928,131.10581372824228,1.2293319473894793,False
5456,95.80283126353913,-77.72735530416364,131.36069672165414,1.3210206012792653,False
5457,90.51869063105289,-77.35562186905898,131.76466102340527,1.2740465553984348,False
5458,80.98823093149065,-77.00223360146781,132.13649891393285,1.1956610462024244,False
5459,14.475068210452719,-76.66317739782866,132.46994656467163,0.6879918651117432,False
5460,-25.6114353056073,-76.37056885705388,132.61743999900048,0.3827485551811975,False
5461,-57.08580287187692,-76.32802749108087,132.6326592362245,0.14507908331184644,False
5462,-82.31597606159448,-76.51240676868304,132.58395224346054,-0.04377278844618013,False
5463,-86.82436100069583,-76.86465224978058,132.51989617278858,-0.07515632775571375,False
5464,-88.04874240509571,-77.14297831541444,132.49124547450194,-0.08231309208863988,False
5465,-55.166185437878994,-77.45680682844579,132.4540373064874,0.16828948247902925,False
5466,-46.9572132541,-77.49179296880973,132.4473285262275,0.23054130313140453,False
5467,-34.69455097419632,-77.39869480016125,132.4633563125293,0.32238458253473745,False
5468,-41.345000227448395,-77.27978127983553,132.49284410733043,0.2712205424715385,False
5469,-80.69634715026314,-77.04330974148294,132.52148410329374,-0.0275656240457799,False
5470,-68.11401878940774,-76.91446364960272,132.50726142531218,0.06641481203017212,False
5471,-43.07832169775952,-76.75416613474206,132.50148714719325,0.25415446393875357,False
5472,48.88945900615454,-76.81879808196346,132.48228096630635,0.9488684537375142,False
5473,59.74694760285615,-76.57292733225574,132.6780436094386,1.0274486360108963,False
5474,58.50658289440889,-76.24895442939972,132.94538677466343,1.0136157454806107,False
5475,67.24869627900125,-76.00210043005225,133.15796683485618,1.0757959145374647,False
5476,81.3573547834576,-75.76220995633672,133.38066176019876,1.1779785964945582,False
5477,68.31633575361377,-75.45678326884386,133.68280747734332,1.0754795005844298,False
5478,55.842158570382026,-75.08652672765261,133.99585622288043,0.9771099568949052,False
5479,44.54196260873971,-74.683518683971,134.28864231281275,0.8878299701249952,False
5480,51.36864286770515,-74.33898998479029,134.52101755403635,0.9344832141341733,False
5481,49.033421831998226,-74.03788246030861,134.7466001120439,0.9133536889982465,False
5482,18.514923701423413,-73.81706999146928,134.91861838624877,0.6843532404739137,False
5483,-81.07097468711436,-73.82188055491656,134.91529192683322,-0.05373070782909546,False
5484,-103.51537861004772,-73.96430455692885,134.91020949505364,-0.21904253327990222,False
5485,-140.71874287263745,-73.92170821693445,134.8996795319485,-0.49516081051833305,False
5486,-209.42026117520936,-73.64851717366594,134.71644193960398,-1.0078335060423624,False
5487,-228.6500607680441,-73.046321421706,133.87443789702505,-1.1623110564693988,False
5488,-253.27430086988215,-72.26719952314183,132.57164902282815,-1.3653530199022557,False
5489,-235.92351961090571,-71.58823535510766,131.33773794832797,-1.2512419265242125,False
5490,-196.39537623530032,-70.83010321106151,130.0046798921457,-0.96585194570234,False
5491,-140.45939114658245,-70.02509146541149,128.79312082430744,-0.5468793614936437,False
5492,-116.35709639343008,-69.07096055509518,127.66237882128061,-0.3703999273312347,False
5493,-94.48183380188948,-68.21593770807593,126.85443494824025,-0.20705540255278176,False
5494,-92.38945343758473,-67.37448110323321,126.20302257043092,-0.1982121491614138,False
5495,-42.290993187528784,-66.75824767881538,125.82379427105015,0.1944564987332931,False
5496,31.755357067143905,-66.26282314435052,125.75486893809621,0.779438450687302,False
5497,56.518697149962236,-65.72513637731109,125.98084271277659,0.9703366868721202,False
5498,73.47592724323863,-65.13885616550299,126.3207506536359,1.0973239368155376,False
5499,89.74353808121691,-64.5833506352528,126.72566192988747,1.21780297980888,False
5500,100.27570612619525,-64.03086396412009,127.19688241325919,1.2917499782462263,False
5501,108.27240947720998,-63.53641146010694,127.67512818074069,1.345671810833033,False
5502,86.28564072205438,-63.138800743407025,128.10739483587759,1.1663998136633233,False
5503,95.33528192367555,-63.07335069299383,128.1813290929672,1.2358167428719589,False
5504,104.95659012030069,-62.882239229417124,128.39452344499895,1.3072117474045988,False
5505,98.57717849936478,-62.76854083645935,128.5354052391978,1.2552628517844404,False
5506,75.03844599977731,-62.75366553942248,128.55404176842194,1.071861371635591,False
5507,-22.203334985706192,-62.79732366337287,128.50569665094787,0.31589252255430855,False
5508,-65.76654640036236,-62.82407693917017,128.4967211143939,-0.022899179338379094,False
5509,-126.54245689775348,-62.70893329040924,128.48529735845847,-0.4968157829705325,False
5510,-218.05222546917207,-62.429093980692706,128.29348309526537,-1.2130244478039476,False
5511,-260.96536122745874,-62.10028269080307,127.81972670793627,-1.55582462628054,False
5512,-276.810997759992,-61.776425569967614,127.24178577931094,-1.6899682040220803,False
5513,-261.6275374512793,-61.477508704142394,126.6726353551046,-1.5800573516612428,False
5514,-219.7515824183822,-61.2799563047126,126.33197428849088,-1.2544063132567282,False
5515,-213.6887080712379,-61.02061220770533,125.9588951582795,-1.212046959221819,False
5516,-182.9354740107001,-60.96439330521046,125.88819436939347,-0.9688841858164249,False
5517,-154.18904932345754,-60.70958355524094,125.59565236402052,-0.7442890260029075,False
5518,-136.66772922601103,-60.424495460592325,125.32689737584288,-0.6083549131258938,False
5519,-67.73957973491542,-60.22432854158199,125.1771299137787,-0.06003693484991944,False
5520,25.554438240229956,-60.00503156066293,125.13121871912301,0.6837579836327237,False
5521,43.505271937483485,-59.469969634857044,125.30465451356052,0.821799014347041,False
5522,52.015250448667985,-58.989721520436035,125.54499101338824,0.884184793619256,False
5523,58.4666246342897,-58.53200243313196,125.80998684865872,0.929962954436705,False
5524,67.93296263530237,-58.16846887818108,126.06054025114715,1.0003243779715274,False
5525,85.31231781991119,-57.82711117030766,126.32519961216265,1.133102733497975,False
5526,92.6880848872662,-57.45887699995228,126.65327451607837,1.185496091284696,False
5527,104.39110534667373,-57.2679192392517,126.85637276414742,1.2743468937621558,False
5528,112.76062680389293,-57.0444482716147,127.10914161270287,1.335899785972104,False
5529,112.17244875423614,-56.86140116040027,127.3325344088759,1.3274992970127646,False
5530,82.44847916000776,-56.76148486679686,127.4592396890258,1.0921920165728918,False
5531,-9.988170260283368,-56.73287907867061,127.49012030519766,0.3666535783830576,False
5532,-64.99531428359455,-56.793965986855504,127.46509788969982,-0.06434191345332801,False
5533,-130.23618338456163,-56.79744528145009,127.46531502138664,-0.5761468372065742,False
5534,-216.12849911974672,-56.702146805643466,127.4040089779143,-1.2513448642086302,False
5535,-298.08387073200356,-56.52615005657636,127.16155998413987,-1.899612750154648,False
5536,-275.34219243237385,-56.749638526146704,127.55464709308038,-1.7137168961528602,False
5537,-277.1995729914129,-56.744214721881235,127.54527662125878,-1.7284478430680432,False
5538,-298.72290132213243,-57.047274160697896,128.0101758511749,-1.8879407481043344,False
5539,-212.015512473464,-57.528946214464796,128.76867589728178,-1.1997216340271488,False
5540,-221.14853827072966,-57.7010283644414,128.95667717945446,-1.2674606191879214,False
5541,-209.12117736786604,-57.984588405679126,129.26485979223708,-1.1692008888193088,False
5542,-169.46690159758327,-58.23561908434966,129.518433612537,-0.8588065761047528,False
5543,-94.78197311044346,-58.205442161130435,129.49176186090247,-0.282462223261761,False
5544,8.482158514988441,-58.12901346207001,129.4662072461471,0.5145062437058517,False
5545,31.94964468285434,-58.059673046012506,129.4989358780332,0.6950583579593341,False
5546,51.30648138569018,-57.93255515785778,129.57718855375325,0.8430421879251663,False
5547,68.23340351563093,-57.84068616345084,129.6495447582428,0.9724221547724816,False
5548,69.3089592493236,-57.69698586660725,129.77651745908437,0.9786512044135641,False
5549,88.43577208117256,-57.66989466886623,129.80270567003282,1.1255980065735238,False
5550,100.47489428324104,-57.54672862750629,129.9321721679902,1.2161854933544873,False
5551,97.77627925928243,-57.315815748059386,130.17956694329055,1.191370494225901,False
5552,102.62736282361152,-57.18928866234678,130.32067994766427,1.2263337756535597,False
5553,87.84397517022194,-57.04309860329363,130.48698487014306,1.1103565150018837,False
5554,39.420218376812386,-56.94781246859384,130.58746648214785,0.7379577339344459,False
5555,-69.6444201519638,-57.014758709923875,130.53483912190302,-0.09675318502706715,False
5556,-96.39937792993771,-57.07808900694902,130.53839133521376,-0.301223942786412,False
5557,-159.74912812959565,-56.911660205825164,130.4699036725796,-0.7882083532601203,False
5558,-224.60206283916227,-56.69272515591224,130.2649130271507,-1.2889836087193582,False
5559,-261.2235066664159,-56.46040404398272,129.92800526605802,-1.5759735724652493,False
5560,-252.2359138573945,-56.28137990921524,129.62285154503707,-1.5117283072583498,False
5561,-231.931990996796,-56.11972038492668,129.3595971455281,-1.3590972335363913,False
5562,-238.57486325921423,-55.93496997658419,129.08427722755715,-1.4148887626388609,False
5563,-195.60555975793022,-55.82323987797596,128.916915604745,-1.0842822233547864,False
5564,-197.1732806275786,-55.64244580410348,128.69797102701378,-1.0997130233993178,False
5565,-204.07331822068704,-55.55135407504387,128.59167182203535,-1.1549889821106796,False
5566,-196.42116062201876,-55.551614808973895,128.59197472481756,-1.0954769620304912,False
5567,-130.6662247349741,-55.54239981668635,128.58176292566455,-0.5842494550468886,False
5568,-34.005384076559494,-55.50534822380448,128.55907634845462,0.1672380103989712,False
5569,-13.963979445648192,-55.50549586831907,128.55905149440852,0.3231317899422871,False
5570,30.381848420262486,-55.55748782952845,128.5403618903267,0.668578608197137,False
5571,25.60706251487727,-55.63151113467335,128.4869403854296,0.6322710573218933,False
5572,47.91628688989863,-55.943376738565426,128.22396034072906,0.8099863968674665,False
5573,59.68791492800119,-56.06999245586354,128.11011057624765,0.9035813556258605,False
5574,56.40933968524041,-56.14542219842098,128.03774980704893,0.8790748201470256,False
5575,57.135863786441064,-56.14984839248605,128.0338224850716,0.8848108256092715,False
5576,58.499495957708405,-56.15629448916562,128.02805703809827,0.8955520617856056,False
5577,46.04586335161332,-56.143512692616795,128.03946336311395,0.7981084375090343,False
5578,15.733828797143701,-56.08150536224519,128.08668691416875,0.5606775839827332,False
5579,-81.03504994947912,-56.023796102811254,128.11702313489798,-0.19522194033756793,False
5580,-112.69213231461356,-56.12082839193739,128.12983170287967,-0.4415154782522418,False
5581,-134.61138668875697,-56.02521308626055,128.0812887564718,-0.613564825631297,False
5582,-206.37498939648253,-55.811392415407,127.9188640118423,-1.1770241875126162,False
5583,-241.6248094004452,-55.57199738103524,127.59691361849728,-1.4581294072338638,False
5584,-262.00020477159615,-55.37927641274249,127.28910367469831,-1.623241286126869,False
5585,-254.63695293288242,-55.27029142506359,127.10306729631102,-1.5685432755374988,False
5586,-218.10650838857896,-55.125680578918775,126.86066346811411,-1.284723123418196,False
5587,-213.64068276615149,-54.915887596571146,126.55967456716655,-1.2541498365290393,False
5588,-238.82169975662828,-54.83130748424925,126.44810910279095,-1.4550663792276355,False
5589,-230.46529667159916,-55.05230843544763,126.73843830250213,-1.384055150004862,False
5590,-195.49269652132978,-55.304071053945826,127.0460916022991,-1.1034469750256137,False
5591,-107.04388146091105,-55.38106340501331,127.12756489958785,-0.4063856496952789,False
5592,-22.68128855178975,-55.25563063890201,127.06575017219079,0.2563581613689743,False
5593,11.145414248388988,-55.37465276096795,127.02557169892829,0.5236746122821675,False
5594,29.561497800725647,-55.53520382947826,126.92370105187206,0.670455564445178,False
5595,45.33724507452257,-55.686381490765946,126.80637527080947,0.796676242417158,False
5596,57.70862397912731,-55.72171924048301,126.7772134755526,0.8947218519003334,False
5597,75.11896566356427,-55.823396497840974,126.67872564970774,1.0336570840117805,False
5598,71.6147016440749,-55.98479753203713,126.49327689791598,1.0087453049310187,False
5599,63.27484731017057,-56.160790242196526,126.29370982436403,0.9456974359092435,False
5600,65.54357176960411,-56.31161046015328,126.13481508796457,0.9660709626028101,False
5601,84.55582502362131,-56.48269006348673,125.94868832645771,1.119809320455467,False
5602,25.584256149432008,-56.36791103833707,126.06903947104749,0.6500578376072254,False
5603,-66.80644127172229,-56.36483406382555,126.07104525986115,-0.08282319850981018,False
5604,-130.4348437910021,-56.28505531521676,126.06010619314037,-0.5882097890840919,False
5605,-158.96500381946862,-56.31745027191124,126.07856631084866,-0.8141554631457202,False
5606,-191.30657871973517,-56.182310888692534,125.95550972733821,-1.07279362469774,False
5607,-187.9227926241516,-56.03704372004745,125.78437671473593,-1.0485065979474177,False
5608,-177.76314111360318,-55.78046829426438,125.46886003391833,-0.9722147215361876,False
5609,-153.91944415706996,-55.46153460190788,125.0874364264515,-0.7871126978691664,False
5610,-133.00559238258006,-55.11723499854692,124.73375301221597,-0.6244368946102747,False
5611,-98.89413043434615,-54.88603333719991,124.55195617094495,-0.35333123983011594,False
5612,-81.40319369317876,-54.648505624485345,124.42896100695069,-0.2150197819878837,False
5613,-74.88668000426878,-54.32822001997016,124.289521335316,-0.16540782974644122,False
5614,-59.36138808918008,-54.08020438589316,124.20615393813452,-0.042519501134520354,False
5615,-2.881669091069625,-53.65271764459724,124.06271616639886,0.4092369579062823,False
5616,93.38803297584059,-53.20836779052771,124.11035259050703,1.181177860722484,False
5617,107.33904483518609,-53.06144938178708,124.27004170328996,1.2907414531971357,False
5618,115.02151039719001,-52.880913349239485,124.48198649390896,1.3488090002053843,False
5619,99.48807604418994,-52.63150765776449,124.77757338447691,1.2191259981729938,False
5620,94.09258003397576,-52.52262409154545,124.90297125826717,1.173832797158674,False
5621,90.43624844720364,-52.423538466624436,125.01324712995702,1.1427571892866584,False
5622,94.6808711730481,-52.38966055765499,125.05140693470413,1.1760805842632087,False
5623,80.89670389793514,-52.256511009626855,125.19680322108707,1.0635512367869695,False
5624,93.9664476392984,-52.27027987033934,125.181942040404,1.1681934720459763,False
5625,92.78157213735585,-52.28121072524552,125.16901441987592,1.15893524875088,False
5626,67.95565591133243,-52.26774119246992,125.18459402821051,0.9603689498462554,False
5627,-10.192447441023546,-52.345316043780386,125.10553607847805,0.3369384754989145,False
5628,-17.442421381947383,-52.49214649408679,125.04110150462576,0.2803056330309341,False
5629,-48.48833084962075,-52.44352141120786,125.0532050437031,0.03162806231319593,False
5630,-79.45319290290183,-52.392345982503954,125.05305307897333,-0.2163949320238383,False
5631,-91.21701777133944,-52.37530560655936,125.0491461016667,-0.31061157453407345,False
5632,-77.01144163785875,-52.401452373051285,125.05685124991689,-0.19679041187136737,False
5633,-69.10392813914723,-52.33575415419868,125.04091011006967,-0.1341015030215954,False
5634,-45.590565365087855,-52.41871690837289,125.04742287486633,0.05460449632870803,False
5635,-49.82105191400365,-52.41058209950973,125.04782474604258,0.020708318523453857,False
5636,-71.86802193464041,-52.500620795580005,125.0404377956193,-0.15488910212164123,False
5637,-103.16069250678424,-52.68230544859902,125.04630648487559,-0.4036775533573286,False
5638,-116.70718352713277,-52.81602179000687,125.08844609879202,-0.5107678904785987,False
5639,-68.58812731536614,-53.105266818207625,125.18017978223357,-0.1236846002625405,False
5640,28.210908608704813,-53.2571108992648,125.18341593377953,0.6507892351416995,False
5641,56.91081584973335,-53.38019750877342,125.09251198305033,0.8816755824157635,False
5642,53.870444612342226,-53.397079245399155,125.07734405587672,0.8576095428587048,False
5643,66.01293054011467,-53.424675306601934,125.05301576280456,0.9550957657291604,False
5644,59.59601092972741,-53.432031055047695,125.04591126849577,0.9038923451250145,False
5645,62.593935939860444,-53.56156286370085,124.91665457161227,0.9298639897290207,False
5646,57.21540334196095,-53.59562476735414,124.88399818003094,0.8873116630168385,False
5647,68.79790818099082,-53.58745069133283,124.8912488734301,0.9799354236288723,False
5648,61.71809611381889,-53.44307006292657,125.0193256381888,0.921146915397918,False
5649,57.03547808201017,-53.38146617455685,125.07381938187959,0.8828142036619054,False
5650,28.72380680415631,-53.3338348873544,125.11457217244015,0.6558599871037734,False
5651,-65.66974186075333,-53.273067726028614,125.15215105188148,-0.099052825145496,False
5652,-94.98583562999374,-53.18139372110979,125.1373069695068,-0.33406857572115384,False
5653,-147.711212214625,-53.130622631942806,125.11849192814364,-0.7559281455933823,False
5654,-212.4079327450097,-53.17224447326416,125.14896275692334,-1.2723692211578996,False
5655,-234.13497280939214,-53.19002823260821,125.1715089107357,-1.445576123124171,False
5656,-242.25682844681728,-53.222676518568626,125.21825449599517,-1.5096373343416514,False
5657,-242.46250039701454,-53.15709632557419,125.11569773562432,-1.5130427875761208,False
5658,-224.14910203388922,-53.1960188302534,125.1738989631957,-1.3657246807810977,False
5659,-183.3808201286672,-53.361219579054534,125.38216186181072,-1.0369864310755232,False
5660,-149.8061559390128,-53.61670427537646,125.60423271222861,-0.7658137754323585,False
5661,-146.1557803947867,-53.81580582029065,125.7307283601068,-0.734426466615417,False
5662,-123.63869767420306,-54.123388835724555,125.89390866859686,-0.5521737276540568,False
5663,-85.28977532976864,-54.3093962418949,125.97384496924604,-0.24592707395282706,False
5664,-21.813063413053897,-54.565341373693954,125.99296013209447,0.259953238072204,False
5665,5.582319724506078,-54.88420101940942,125.84088685634721,0.4804997982328322,False
5666,30.29718214457648,-55.18739374217998,125.63206094844395,0.6804359909516812,False
5667,27.68918943884978,-55.44441008205298,125.41124032023453,0.6628879461571638,False
5668,39.00996767410061,-55.81378120492421,125.07198550394556,0.7581533826056793,False
5669,64.96964298629166,-56.17845821952001,124.7029172249937,0.9714937220532837,False
5670,57.37357773767701,-56.43621278196594,124.40536759682956,0.9148302257220561,False
5671,75.85193586144453,-56.6083083949682,124.22662099170957,1.0662790567671694,False
5672,89.60553129791913,-56.72428069295767,124.09294647103422,1.1791952415686504,False
5673,96.60169489414398,-56.81565604309088,123.97877983744876,1.237448466087371,False
5674,64.26061004801102,-56.82741487407435,123.96404607834812,0.9767995540058039,False
5675,-36.69461267903739,-56.89156865950153,123.89816567286287,0.16301255043429452,False
5676,-77.00318611053217,-56.97782626481897,123.87891409861975,-0.16165269118981015,False
5677,-130.18167428632364,-57.04471102499856,123.88672092270431,-0.5903535319734297,False
5678,-212.02078997951753,-57.066373033263865,123.89926313218415,-1.2506484141147618,False
5679,-262.91532432126405,-57.030471631539726,123.8532013683422,-1.662329680743723,False
5680,-253.44921249908225,-57.042078554717136,123.87251746628715,-1.5855585884723689,False
5681,-254.27642387648825,-56.903020309116485,123.63721881153693,-1.5963914868404847,False
5682,-226.96676251582517,-56.859263680695115,123.56561068539678,-1.3766572907427366,False
5683,-193.19811228223443,-56.90221118127512,123.62380610612317,-1.1025052972722582,False
5684,-161.69223046553134,-56.780243349197725,123.47821587059636,-0.8496396419128706,False
5685,-172.6309926554561,-56.65379547095267,123.35907259912398,-0.9401594446270751,False
5686,-163.4349383573233,-56.763568943166945,123.45455447483131,-0.8640537391911567,False
5687,-86.82447409011138,-56.92289756894857,123.57550853885331,-0.2419700867487142,False
5688,23.41184617547401,-57.03649813058664,123.5942824067284,0.6509066822469863,False
5689,36.41320851697333,-57.049251654781614,123.58581918467256,0.756255537960187,False
5690,56.33134568506489,-57.091466317998936,123.5524726789716,0.9180132905779407,False
5691,59.38038711097238,-57.06577527492515,123.57574232203449,0.942305991433517,False
5692,68.19932590511439,-57.060336212563946,123.58087781656424,1.013584498919048,False
5693,83.87012620139126,-57.058750716910296,123.58249273365442,1.1403627957402684,False
5694,89.01742864120604,-57.06733519083006,123.57259361353393,1.182177694585805,False
5695,83.04299021692873,-57.08918433515185,123.54627817761107,1.134248450209285,False
5696,97.97441191511757,-57.21625644901937,123.39007485988486,1.2577240798367544,False
5697,95.7390488332361,-57.30426963288113,123.27332387126508,1.2414958375417953,False
5698,74.18382928736503,-57.40208748955376,123.14449083256997,1.0685489532440877,False
5699,-21.17980038311191,-57.451281834033765,123.08992683825252,0.2946746527730473,False
5700,-61.257709103599154,-57.51789868000298,123.06711213065734,-0.030388382069335553,False
5701,-137.69231932981597,-57.49565103012207,123.06609012635428,-0.6516552871498108,False
5702,-223.44146386506554,-57.54003279170096,123.09382122703673,-1.3477640828727921,False
5703,-267.2774846462132,-57.58356234375643,123.15151805083343,-1.7027311203415385,False
5704,-281.62106756299136,-57.40019099800768,122.81374321394327,-1.8256985797948342,False
5705,-262.2219354187846,-57.437565254737535,122.88140046843151,-1.6665204773333993,False
5706,-239.13194171962732,-57.34841265013857,122.72633998752478,-1.4812103831008663,False
5707,-211.5905978432179,-56.993704557266504,122.10909709837584,-1.266055494304426,False
5708,-193.8219134977519,-56.991175303515035,122.10587125210866,-1.1205909821627347,False
5709,-188.56137085661885,-56.82851682272351,121.90392014811094,-1.0806285300246492,False
5710,-145.94475554559222,-56.70613702206133,121.76035297863935,-0.7329037436281595,False
5711,-47.96830802099703,-56.566124247942334,121.64338036354356,0.07068051053209687,False
5712,-6.40840020775795,-56.287471479552764,121.60892774431211,0.41015961736516304,False
5713,25.407422000169845,-56.376105757664355,121.56685712002177,0.6727452670516121,False
5714,56.493365120905764,-56.415047559346995,121.53943884962727,0.9289857987574459,False
5715,76.09266553042539,-56.3841732513993,121.56762242848158,1.0897378441349463,False
5716,82.96827580980062,-56.337391929882656,121.61736659331,1.1454422311701844,False
5717,86.45293766394855,-56.256086474165535,121.70640182772142,1.172567933937628,False
5718,72.80304522142421,-56.26788905998234,121.6923815212602,1.0606328240758218,False
5719,78.72184365330929,-56.43260244725506,121.49752747083436,1.1124049099106839,False
5720,90.60343229968248,-56.54602170681443,121.3615274417094,1.2124884805621254,False
5721,66.68434239952865,-56.61759272183781,121.27060679721441,1.016750376515793,False
5722,33.610739713177054,-56.74354291690146,121.13057955687634,0.7459246291119498,False
5723,-55.5568716717213,-56.77812314704215,121.10378871930462,0.01008433747809065,False
5724,-84.80137984099383,-56.694268691802606,121.09970368381072,-0.23209892587828637,False
5725,-132.0790131054821,-56.62523298889222,121.08023761464658,-0.6231717215218162,False
5726,-222.60746712273362,-56.4605299232725,120.95787795433256,-1.373593353400178,False
5727,-259.45727617621424,-56.44865732972234,120.94137199727425,-1.6785704965466017,False
5728,-258.0775853079558,-56.43814405299494,120.92354004678614,-1.6674953543118667,False
5729,-265.6267561456382,-56.472915906867335,120.98100554226886,-1.7288155219184038,False
5730,-231.232947623545,-56.67347998513425,121.30113224298384,-1.4390588480966748,False
5731,-220.30670066226116,-56.62977810635051,121.23651047333578,-1.3500629630206078,False
5732,-210.73835600852954,-56.776808706971515,121.42090180653607,-1.2679987136553312,False
5733,-200.75844127557275,-56.857553203286706,121.51929455396395,-1.184181397698807,False
5734,-158.93375344433775,-56.83782179289911,121.49551439876132,-0.8403267573842177,False
5735,-81.76108399654618,-56.61468246446055,121.27183867882081,-0.20735565491576283,False
5736,-9.27845878551011,-56.32358043625562,121.15165690811719,0.3883159574649901,False
5737,29.531943766826316,-56.176396357142224,121.1939457546707,0.7071998488890311,False
5738,61.413056263929775,-55.917492052306066,121.3310455250676,0.9670282474570351,False
5739,77.13866723021874,-55.732782481808044,121.48673137207285,1.0937116194614405,False
5740,92.22245806746491,-55.426046739454826,121.7580837580202,1.2126382105384779,False
5741,92.28262163647423,-55.16231953006455,122.0309406308771,1.208258662961017,False
5742,105.07522091708779,-54.96830341870459,122.24036494174375,1.30925267126014,False
5743,90.0968294150232,-54.67862555422931,122.56311809072066,1.1812318193642102,False
5744,88.45492188885203,-54.48242933024966,122.7693879589729,1.164275179630842,False
5745,70.53846737388972,-54.30412322351665,122.95607285342065,1.015343022107047,False
5746,45.900505756312555,-54.15833391386024,123.09021785238066,0.812890263872724,False
5747,-46.174973767563756,-53.97877036053186,123.21472735532068,0.06333493374102832,False
5748,-79.4029812024504,-53.77126990706808,123.19824228649635,-0.20805257298863097,False
5749,-69.85250467635694,-53.57312019806711,123.12965935318432,-0.13221334781406446,False
5750,-97.30186916154912,-53.18765066227901,122.97571271394608,-0.3587230155102596,False
5751,-112.03466814976935,-52.538405898975846,122.4489192436151,-0.48588638118090893,False
5752,-109.40360520329477,-51.767036010578956,121.65624467178554,-0.47376580913057614,False
5753,-79.63364591345794,-50.85872291791049,120.64263492184347,-0.23851371461000379,False
5754,-74.88004542523026,-49.81703656660439,119.62380918451562,-0.20951522133831268,False
5755,-61.04596802144033,-48.964498096584464,118.9255946096486,-0.10158847609306534,False
5756,-38.202961605584505,-48.05619622310404,118.24109445892705,0.08333172711744657,False
5757,-60.586900387734204,-46.86203706744307,117.31236158422553,-0.1169941780639821,False
5758,-51.81312196682097,-45.850856137181964,116.44926929370385,-0.05120054308457026,False
5759,19.37674043995139,-44.99562057435751,115.86984711634366,0.5555574864069105,False
5760,97.14493874940263,-44.24311687256667,115.87498083936248,1.2201775965596542,False
5761,100.37846670835029,-43.529865519583375,116.37619855190566,1.2365787336123395,False
5762,98.99078418806789,-42.998716397797885,116.82998285389286,1.2153515486126307,False
5763,123.29241788415311,-42.585446835968476,117.2103702116235,1.4152149201527888,False
5764,98.53804956162571,-42.12142795019686,117.71375337199828,1.1949281497066138,False
5765,74.11533479808577,-41.878395655062945,117.96298155444839,0.9833061942369545,False
5766,59.89833663364652,-41.884369648309836,117.95704624756443,0.8628794083936123,False
5767,52.41539849693481,-41.95410991622906,117.89298602855031,0.8004675391826133,False
5768,63.43509501183621,-42.01874949249831,117.83790873035565,0.8949059402067364,False
5769,56.53554747286148,-42.03129994938979,117.82649581735407,0.8365422966922679,False
5770,23.439628475198106,-42.19808731576337,117.66595695704896,0.557830977526668,False
5771,-52.602636872416724,-42.21085295668142,117.65867529151888,-0.08832144242647587,False
5772,-86.63414460394085,-42.12630650192365,117.64599827126204,-0.3783200343065927,False
5773,-127.63482525787344,-41.86558805438162,117.49756379401971,-0.7299660897978315,False
5774,-176.8009386706441,-41.67909889627689,117.33534490099157,-1.1515868461322034,False
5775,-196.14318683888905,-41.59275580074658,117.22986950081159,-1.3183536900301038,False
5776,-198.8977811234863,-41.641686718691446,117.29301091676027,-1.3407115494408728,False
5777,-173.12459025734074,-41.76748814732171,117.45110815060542,-1.1183981503314742,False
5778,-161.61035372875926,-41.88180449315665,117.57020631964365,-1.0183579070201763,False
5779,-142.15301823207756,-42.05207092974105,117.72357581376245,-0.8503050184331407,False
5780,-122.86720168213265,-42.30956430948945,117.89583272747042,-0.6832950368895677,False
5781,-145.35280784875454,-42.55637388085227,118.02149806472384,-0.8709975356483609,False
5782,-118.627781069398,-42.97581511802183,118.26205704128893,-0.639697700547892,False
5783,-23.685371774929763,-43.3285912667136,118.39954396437311,0.16590620904498216,False
5784,83.19611328542237,-43.45242283030801,118.36786291672013,1.0699571065571765,False
5785,108.29389646614186,-43.51308901894145,118.29990143004464,1.2832384782235235,False
5786,106.85570067363392,-43.507405378281,118.30721513149906,1.2709546572014696,False
5787,114.66520334563847,-43.556011388540256,118.24335441137251,1.338098158004905,False
5788,98.73791625516424,-43.46567134507926,118.35903828913884,1.2014594715855575,False
5789,113.65516407995233,-43.438020534238845,118.39190486888009,1.3268912666636543,False
5790,115.71060190188291,-43.29981270309154,118.5625518689321,1.3411520931225942,False
5791,122.14832996470932,-43.17463573446752,118.7200993995269,1.3925440303315284,False
5792,122.86094406781194,-42.929090341212905,119.02052886787357,1.3929532660123767,False
5793,137.00824145587387,-42.75709929104319,119.24020913767063,1.5075899484490687,False
5794,101.6841217059731,-42.49384530700439,119.58954733207217,1.2056067627100304,False
5795,-2.4420151403456885,-42.29308062965534,119.80419689548836,0.3326349704098754,False
5796,-34.877793523666355,-42.24694710405607,119.8181234822987,0.06150282917323767,False
5797,-82.52225115534065,-42.35072908109011,119.80406018695389,-0.3353101890834334,False
5798,-135.11674558984635,-42.55331194005272,119.84326915883499,-0.7723707330372817,False
5799,-143.0295365946114,-42.88464261080834,120.02270930725456,-0.8343828810549102,False
5800,-126.87045389897537,-43.19305046094687,120.21406249187325,-0.6960700079800173,False
5801,-142.03883561896396,-43.48983029583447,120.35950898174357,-0.8187886952752328,False
5802,-102.80351843638118,-43.923966649880995,120.58378121881576,-0.48828748934033833,False
5803,-92.49688838224415,-44.264519941972026,120.66927645883096,-0.39970711564453343,False
5804,-60.89668999307173,-44.51854277809251,120.72594913338388,-0.13566385133061867,False
5805,-64.31937884756326,-44.453237230821266,120.71403293525182,-0.1645719319757772,False
5806,-60.095036823552846,-44.222038935230664,120.63809147260739,-0.13157533988281284,False
5807,-25.85812101713418,-43.88506187151888,120.51340971784332,0.14958452255720728,False
5808,63.462161078595955,-43.63071659593417,120.50605227236504,0.8886929382806535,False
5809,72.28517109169366,-43.42088771218481,120.66248295798084,0.9589232375084773,False
5810,76.48327637132411,-43.32937369288743,120.74483524650758,0.9922797096837067,False
5811,85.49175302572849,-43.19477350384587,120.8663801144561,1.0647007580413417,False
5812,93.80133709276902,-43.0788281319077,120.98105727454961,1.1314181600682023,False
5813,99.38991443159568,-42.87522499998483,121.18350022473089,1.1739646005252729,False
5814,102.11265519751316,-42.6562013184864,121.40830719043014,1.1924131047221356,False
5815,92.66034028401384,-42.38895577172717,121.67857565021164,1.1098855762740523,False
5816,106.15869290986063,-42.24691748539965,121.82298580191139,1.2182069698781903,False
5817,103.36843776293097,-41.98239012351845,122.09802686957248,1.190443708330488,False
5818,78.75365947551722,-41.7065986968463,122.37503831268535,0.9843531804629201,False
5819,-17.77505504920191,-41.408801954754864,122.60810660287716,0.1927584362924854,False
5820,-61.73747210032934,-41.123714533257534,122.60703963356265,-0.16812866234011056,False
5821,-117.88787472070453,-40.92580760748573,122.5463961713918,-0.6280239119033795,False
5822,-199.5567531472027,-40.74828774145048,122.41230887337922,-1.2973243203019758,False
5823,-222.6496871711613,-40.671792624796865,122.3083681032441,-1.4878613570639052,False
5824,-245.86656719443204,-40.60342782933121,122.20274775854455,-1.6796933222047667,False
5825,-225.96999240821606,-40.624914369495585,122.23872822696002,-1.516254960494936,False
5826,-199.91577434472447,-40.526744679086065,122.08218452696565,-1.3055879552223477,False
5827,-184.30355436564105,-40.38249868093627,121.87807248192797,-1.1808609436783253,False
5828,-178.0482018334328,-40.38799114663255,121.88457594336862,-1.1294309359599488,False
5829,-167.24642862206701,-40.55609856267076,122.055748933182,-1.0379710187084379,False
5830,-157.72113333914285,-40.6816381354522,122.17580039529129,-0.9579597172682112,False
5831,-58.79367922371625,-40.88450977631493,122.34255753404048,-0.14638544271414544,False
5832,44.15779786452072,-40.72679491854082,122.30204249733637,0.6940570333067843,False
5833,62.551188140827435,-40.33411122046001,122.468928534261,0.8400930798745825,False
5834,80.64835954164846,-39.99501081322,122.67552182118135,0.9834347436542796,False
5835,100.20106711201083,-39.69530142395172,122.9095648732332,1.138205709866838,False
5836,105.4864894245386,-39.26368310446861,123.27439178296044,1.1742112083088392,False
5837,130.54642534756067,-38.86798952262077,123.6333114159054,1.3702974783249744,False
5838,133.55565929923648,-38.47765153237512,124.0658766829914,1.386628744591753,False
5839,126.64416197869775,-38.02418676117536,124.55656746872809,1.3220366624282236,False
5840,141.011418279773,-37.721852081906,124.8958144726076,1.4310589279265171,False
5841,139.7459477210998,-37.41586465939496,125.27203110468511,1.4142168113523068,False
5842,110.98135333444486,-37.15905363066308,125.59223006859935,1.179534807879378,False
5843,-9.49992555739584,-36.88095396824383,125.86956982023366,0.2175349327875947,False
5844,-70.92598710409993,-36.71908083061502,125.88729635909061,-0.2717264351750831,False
5845,-139.95018720536837,-36.6829070270053,125.8765240604094,-0.8203855401091634,False
5846,-229.0110421820998,-36.741052937237704,125.92222027543745,-1.5268948468689487,False
5847,-252.142803572023,-36.842185390824504,126.07057173576518,-1.7077785498780242,False
5848,-251.01371884835976,-36.778063243507596,125.95758657731821,-1.7008555135608687,False
5849,-234.78501076928956,-36.76356625749139,125.9326373453293,-1.5724394302073477,False
5850,-213.08669541642666,-36.64754594137711,125.73987633677565,-1.4032075950391696,False
5851,-207.36248617202637,-36.56492649435688,125.61857671378786,-1.3596520844748816,False
5852,-174.46236264894605,-36.64923824370088,125.72903893071003,-1.0961121279324717,False
5853,-170.9069068207382,-36.72525093526883,125.8089244129825,-1.0665511728325598,False
5854,-155.08886410557034,-36.71498851958598,125.79784183187934,-0.9409849474538949,False
5855,-74.9629022702693,-36.665309506182695,125.74913755983125,-0.3045555103379112,False
5856,-20.632636094784857,-36.594704912016965,125.72413344622284,0.12696105655848258,False
5857,4.071068169629598,-36.856874449339934,125.64415094626202,0.32574490981656923,False
5858,34.85159447575802,-37.049387189502696,125.5559602923797,0.5726608398185663,False
5859,53.39524288870098,-37.17724285146286,125.47120776028429,0.7218587224664699,False
5860,49.881253179484474,-37.212868709928756,125.44447420600146,0.6942842436119558,False
5861,82.85556335908768,-37.321904857105125,125.36023417410227,0.9586570175777467,False
5862,84.88220107655513,-37.32794392164264,125.35438524875985,0.9749171898189084,False
5863,91.88846732722527,-37.35255837143224,125.32983124226557,1.0312072107464303,False
5864,67.20398826343421,-37.29990672196618,125.38255976440972,0.8334803116299448,False
5865,88.79976921297316,-37.483064005607154,125.206119828545,1.008599526856273,False
5866,63.10453465053138,-37.52436924144205,125.16304417868785,0.8039825537345634,False
5867,-40.49339923278092,-37.59031742380416,125.10673904768544,-0.0232048395719932,False
5868,-102.53587348652786,-37.705279321718855,125.1004425289251,-0.518228336001443,False
5869,-176.55217965316774,-37.95098268114105,125.18748352434152,-1.1071489982069733,False
5870,-240.55739610466367,-38.18229137354196,125.408584358531,-1.6137260919280525,False
5871,-274.8992588886024,-38.28417192258718,125.56684062043728,-1.8843755707866692,False
5872,-255.48406804740443,-38.32953962641092,125.65142046688842,-1.7282297932972268,False
5873,-238.9429316099704,-38.17396224834196,125.3642340297375,-1.6014852315374437,False
5874,-219.82750311260838,-38.035396749479965,125.12775232563803,-1.4528520091212425,False
5875,-173.06359736595164,-37.92048937681914,124.950714031112,-1.0815713142342078,False
5876,-170.27368148726828,-37.69116199302589,124.66508988518949,-1.063509596923601,False
5877,-162.88954580317136,-37.55099394534444,124.50162316297698,-1.0067222311933586,False
5878,-145.68442371127003,-37.39818546288344,124.33080613626372,-0.8709525950447659,False
5879,-82.98244968320137,-37.39663586863152,124.32944678237293,-0.3666533954290294,False
5880,-0.2190165012179932,-37.6050533785256,124.37661326665435,0.3005873523598418,False
5881,29.397518148350855,-37.56821180884381,124.38682561313469,0.5383667412292528,False
5882,60.45451037873636,-37.54446123653321,124.39930257252833,0.7877775002647895,False
5883,67.86126394591929,-37.52088299095088,124.41760697413672,0.8470034868841069,False
5884,72.36983736737966,-37.5698794289539,124.37421054856277,0.8839430321723074,False
5885,95.60285148058551,-37.632965372063545,124.31537823871422,1.0717565174986279,False
5886,78.57090698018078,-37.57850159934547,124.37205841613435,0.933886678878498,False
5887,86.46108010185958,-37.54416908887668,124.40350347317711,0.9967986891741621,False
5888,103.08349013251666,-37.49810220525436,124.44823971647348,1.1296390584395057,False
5889,96.37525218797919,-37.42381614672558,124.52886310000717,1.074442221698056,False
5890,65.02558455045823,-37.247084540841946,124.69845155800218,0.8201598962416075,False
5891,-55.34026774469919,-37.06009141681051,124.82882966096693,-0.14644194275903527,False
5892,-92.22977118299605,-37.05880210772109,124.82863858929448,-0.44197365042805575,False
5893,-138.65795215170965,-37.103018722852056,124.84696545117416,-0.813435337109369,False
5894,-226.29003545388582,-37.142179074317696,124.87796260753385,-1.5146616138671443,False
5895,-266.5830402425231,-37.164099123907896,124.91103142331468,-1.836658768280686,False
5896,-265.96594899898787,-37.206514386207346,124.9881521459455,-1.8302489530820802,False
5897,-253.45350989686835,-37.2534689319873,125.07307694071946,-1.7285897673034205,False
5898,-243.48181299476641,-37.18100913288748,124.94343801552968,-1.651153571076194,False
5899,-206.80178885031933,-37.25391904581142,125.06087248840811,-1.3557227486976255,False
5900,-185.90241252100463,-37.173532665978435,124.94679391931633,-1.1903377044717691,False
5901,-195.97234642864464,-37.025699669028874,124.75475292731687,-1.2740728752211898,False
5902,-187.18763603090656,-36.99721100922574,124.71768043081912,-1.204243251661431,False
5903,-97.83712136478425,-37.16538888176484,124.90200614739746,-0.4857546676345647,False
5904,-2.682254755193071,-37.2610795803853,124.94252822733725,0.2767578447130097,False
5905,24.008053573626285,-37.22181646115722,124.9524104419012,0.49002552106230396,False
5906,56.755430992931224,-37.254696759926276,124.93546513784567,0.7524695061496977,False
5907,85.88937541038376,-37.28242071987269,124.9139539657226,0.9860531367380765,False
5908,85.7076784162582,-37.230333171181236,124.96376635843043,0.9837892628397532,False
5909,99.55804069586975,-37.26911162148603,124.92435894882566,1.095280003585258,False
5910,94.8327879544438,-37.2258055556563,124.97079046905247,1.056715677435063,False
5911,98.10257991927278,-37.28677241852918,124.90343360037942,1.0839522055972584,False
5912,88.10834052702785,-37.23911914171817,124.95384113761898,1.0031501114935195,False
5913,72.50569545178416,-37.24118212601474,124.95175634989886,0.8783140052107618,False
5914,27.59166866627629,-37.2294724350749,124.96200901832235,0.5187267843288826,False
5915,-69.58640528184765,-37.33845360822987,124.89704285174673,-0.2581962786092239,False
5916,-98.0382697383643,-37.47780736724347,124.92001975676682,-0.4847938904351664,False
5917,-126.54223071892261,-37.58873170376676,124.96573603234494,-0.7118231111937113,False
5918,-205.44283104155647,-37.926170549258224,125.12980852800362,-1.3387430418293065,False
5919,-267.5760407029509,-38.56986675092494,125.71386739533034,-1.8216460816679354,False
5920,-253.8601040418148,-39.49570825421768,126.82598791262761,-1.6902245298122658,False
5921,-232.4340326083659,-40.35556836635173,127.78883170247593,-1.5030927326201746,False
5922,-197.143349628961,-41.265094477630946,128.61118987563486,-1.212011608803729,False
5923,-177.9004316639364,-41.99285224074839,129.14734333143727,-1.0523451425121584,False
5924,-195.3056466282069,-42.688414524334675,129.56457779310935,-1.1779240491762624,False
5925,-219.29703836129306,-43.62354955423124,130.09785855609218,-1.3503180663909202,False
5926,-180.17797709777346,-44.568252756454804,130.79613664133046,-1.0368022162090922,False
5927,-83.55505909000044,-45.332329275091425,131.21298524091696,-0.2913029510358993,False
5928,-0.622217963701587,-45.9450185580078,131.14932249237273,0.34558166014881286,False
5929,52.89629238781936,-46.52696591939533,130.72681908288487,0.7605421672822718,False
5930,71.66099291145815,-46.8095979093985,130.45835968543182,0.9081103817840365,False
5931,76.83068705552819,-46.97227523842593,130.292396796224,0.9501932985973134,False
5932,92.37256541821375,-47.24883316002489,129.97775961515444,1.0741945313693484,False
5933,118.62220199156991,-47.28553247040234,129.9372141931973,1.2768300097252518,False
5934,119.49668474462635,-47.0206106418697,130.2312524816845,1.278627765711727,False
5935,116.45269464594128,-46.665858569780525,130.60488292838724,1.2489468200447171,False
5936,115.17727221871007,-46.28468418794121,130.98866972978627,1.2326406302142596,False
5937,87.06120793308025,-45.976695037900285,131.3086338762699,1.0131695003113055,False
5938,48.80268172804722,-45.794994678018035,131.47235431317466,0.7195252332724504,False
5939,-67.90174995664358,-45.64402412294155,131.56686125377502,-0.16917425574795641,False
5940,-126.33022576146118,-45.73509027225243,131.57700098714943,-0.612532090597506,False
5941,-154.43268162076777,-45.97137646961862,131.68648497093864,-0.8236327757938489,False
5942,-187.41193003817796,-46.13088751939775,131.8021749659509,-1.0719173834216167,False
5943,-217.8375063657403,-46.19404818229974,131.86769421625326,-1.301633877831806,False
5944,-224.74523403909825,-46.32318103662623,132.0259400436209,-1.351416645422271,False
5945,-216.43218189665095,-46.47703492302868,132.21972278730536,-1.2853993594209832,False
5946,-187.7465993149101,-46.73481820659601,132.51001962855793,-1.0641593858606893,False
5947,-187.87906471685187,-46.89039109698976,132.66095304042156,-1.0627744667031234,False
5948,-138.15968018732065,-47.16256994511342,132.90425722723995,-0.6846816809383329,False
5949,-117.55222533570532,-47.253596602882396,132.96164266493935,-0.5287135998309982,False
5950,-130.89670096362215,-47.08811694506663,132.85607848706076,-0.6308223528268441,False
5951,-46.2711374671519,-47.161146230151296,132.8990034996873,0.006696880635387815,False
5952,50.014849475580604,-47.295585311652616,132.886536641413,0.7322821201204158,False
5953,57.425674261718996,-47.49309283433025,132.71597615109613,0.7905511464316852,False
5954,80.98611992906922,-47.795879871261334,132.41611340280545,0.9725553521464563,False
5955,73.44365906336907,-47.949865470931364,132.2501311903701,0.9179085377205267,False
5956,78.59020757374765,-48.19523180594487,131.9845945735363,0.9606078632840211,False
5957,101.93706503182057,-48.31515864333426,131.85937952055804,1.1394883262872413,False
5958,105.30358614331476,-48.38490923290647,131.7762609924523,1.1662836251289903,False
5959,97.62179911780356,-48.4468557552789,131.70108431141907,1.109092272374083,False
5960,91.32422653716799,-48.59284701032001,131.5243216631914,1.0638114059678547,False
5961,84.24927731485968,-48.780565567050026,131.3004632507001,1.0131711616881929,False
5962,68.60667397949703,-49.09460702027036,130.91596782123065,0.8990597782578496,False
5963,-2.477223645016579,-49.29149659007081,130.7125632328668,0.3581466982760773,False
5964,-49.12340331020948,-49.29170616450337,130.71248769643918,0.001287580530826888,False
5965,-81.52842137253288,-49.37650146085184,130.7077017585365,-0.24598336195274123,False
5966,-117.36449690608981,-49.37058580738275,130.70621512523442,-0.5202041160289096,False
5967,-130.60783290013978,-49.26491766045563,130.64364023301383,-0.6226320324097083,False
5968,-112.56354964926834,-49.190978947988526,130.59376125890006,-0.4852649168718305,False
5969,-96.34803533533204,-49.105818803645036,130.54745973508292,-0.36187771579435246,False
5970,-77.17123698186288,-48.8338497543377,130.40020408292855,-0.21731091164170185,False
5971,-64.6670157105982,-48.68127665044177,130.3516657633019,-0.12263547969677677,False
5972,-55.05577247194651,-48.515622646443866,130.31332820988038,-0.05018788112731795,False
5973,-73.0495801470638,-48.4808552802467,130.310784331439,-0.18853945966841681,False
5974,-79.32800292001957,-48.53282076417229,130.3188787254493,-0.23630637753356792,False
5975,-34.60098833116308,-48.64730270522269,130.33754317808277,0.10776875205379507,False
5976,58.16052928318982,-48.69934358209191,130.33013468481516,0.8199168452001303,False
5977,77.48502241321194,-48.73090091420742,130.30345308999188,0.9686306873253041,False
5978,86.32657909044019,-48.69994941824601,130.33298486993505,1.0360119400582672,False
5979,77.66423144019836,-48.641358330632215,130.3917971246482,0.9686620827082288,False
5980,94.90433585793971,-48.687950721022276,130.34497094427138,1.1016327330369688,False
5981,64.81033769642113,-48.68138525218198,130.35221867626865,0.870654324883117,False
5982,59.688367285662935,-48.887216066081834,130.14414386502736,0.8342717553572647,False
5983,62.47157319236396,-49.13974158936664,129.89030792295202,0.8592736176123003,False
5984,66.36735276807542,-49.31943663157885,129.71372387591765,0.8918623715584533,False
5985,68.27811153119808,-49.55628984670852,129.46421457292993,0.9101696694072012,False
5986,38.00173783906098,-49.76516083618313,129.24413562866783,0.6790783833117795,False
5987,-51.242397383612456,-50.00773179830488,129.03956217746517,-0.009568116664946268,False
5988,-89.25853527490494,-50.206942169343044,129.0153346794209,-0.3026895461892018,False
5989,-130.5431080580413,-50.37075802157266,129.0475313882297,-0.621262175060724,False
5990,-197.40722493163344,-50.446086791437764,129.09086541348924,-1.1384317369743118,False
5991,-237.5408490374566,-50.433291980630806,129.07610352835817,-1.44959099277209,False
5992,-234.43722312036743,-50.52192984888255,129.2001278029786,-1.4234915738778768,False
5993,-241.18255439316636,-50.4538980389179,129.09962094174816,-1.4773758045370895,False
5994,-200.5076089521467,-50.54444900311403,129.22873627702734,-1.1604474691105622,False
5995,-170.47437750318636,-50.547971828158204,129.23284058119125,-0.9279870746142403,False
5996,-119.86761802724004,-50.46565529921502,129.15151181513443,-0.5373685662105602,False
5997,-117.19327953112725,-50.11934230036864,128.88508666390274,-0.5204165894357443,False
5998,-118.59981028731477,-49.821406889113035,128.6703836817782,-0.5345317347331565,False
5999,-68.21116259726296,-49.588541870947395,128.50923923928735,-0.14491269916896624,False
6000,2.4425805874227535,-49.64459831959946,128.5153324505699,0.40529933599211754,False
6001,23.028623843050127,-49.89290318434409,128.37323179875432,0.568043088154939,False
6002,40.583946158069466,-50.12815654325943,128.20203569955882,0.7075714687862874,False
6003,58.74806649282573,-50.36663519435216,127.99440670821667,0.8524958589473521,False
6004,65.84585977705115,-50.61337924565684,127.74211572467726,0.9116745746853976,False
6005,78.1891925066293,-50.84933537451093,127.48841134571346,1.0121588818863174,False
6006,83.62524992051135,-51.16098556999267,127.10574766899967,1.0604259678445491,False
6007,81.21011236456638,-51.45819038772317,126.72906464576646,1.0468656351494778,False
6008,95.72860691054461,-51.72863115923586,126.39475436222027,1.166640489265873,False
6009,91.86407770996391,-51.99817170310032,126.02902363201171,1.1415009437280352,False
6010,63.3666382190288,-52.28318283411898,125.64636391611874,0.9204390596639578,False
6011,-26.131081169512868,-52.56660375742502,125.32918430275147,0.21092870535288236,False
6012,-65.00130802261242,-52.66559873130667,125.30152836634565,-0.09844819494331848,False
6013,-112.50836201453808,-52.63033278439306,125.2971919013827,-0.47788803820338643,False
6014,-194.35350914322157,-52.466988586828585,125.2005254043227,-1.1332741623741953,False
6015,-222.76843105736384,-52.260693747311464,124.93616293186858,-1.3647588761232834,False
6016,-236.93220180360686,-52.085846291867064,124.67503573853043,-1.4826252458383185,False
6017,-214.75438732931616,-52.002027738029255,124.54516228590077,-1.3067738369289628,False
6018,-166.69500463242548,-51.88279783660084,124.37860872195262,-0.9230864372545475,False
6019,-156.97579869850892,-51.6066568200294,124.0696813330562,-0.8492738979124448,False
6020,-135.17834162478448,-51.30673606125846,123.7514023056317,-0.6777426679690173,False
6021,-124.74659698070877,-51.07290260278131,123.55425850133409,-0.5962861601984522,False
6022,-113.8407061142027,-50.79813885373352,123.33730809954947,-0.5111394778422237,False
6023,-34.54195565630789,-50.552614103784904,123.16939736114011,0.12998893223884822,False
6024,14.951853185910068,-50.31201323108274,123.1609075603942,0.5299073196987404,False
6025,26.39371248861562,-50.10020079488814,123.24282777418489,0.6206763887604224,False
6026,60.99831968107219,-49.96732791203702,123.3135947879975,0.8998654834763591,False
6027,66.34058827309013,-49.81169264295778,123.43772412585825,0.9409787950855119,False
6028,75.3133286722184,-49.73463701566975,123.50655788667635,1.0124803721161602,False
6029,50.93132609823351,-49.58325561392727,123.6448962519645,0.812929484022789,False
6030,94.69610054765951,-49.773280835718076,123.46453721506894,1.1701285619507023,False
6031,100.27849566510918,-49.714864767437696,123.53093349813985,1.2142170077165773,False
6032,116.2052550049782,-49.66492412256933,123.59020490939105,1.3420980995148737,False
6033,108.96832404330075,-49.37324991577444,123.9250365547238,1.277720615310478,False
6034,64.03292335827655,-49.25319899416534,124.06937652590702,0.9130868996410771,False
6035,-33.58310819934013,-49.24767287090495,124.07443154513658,0.1262513515193198,False
6036,-56.441645561581936,-49.20654018618209,124.07849647720096,-0.05831071120957108,False
6037,-109.09848996046185,-48.93216978186694,124.0108098719388,-0.48516996414043545,False
6038,-181.53112964987758,-48.53065972417227,123.70395791402072,-1.0751512899704152,False
6039,-228.2309513944565,-48.179312900036635,123.23824052254376,-1.4610046178116551,False
6040,-219.41073092027318,-47.90152535542862,122.77586732008712,-1.3969292932600956,False
6041,-202.52467176577466,-47.68680311062427,122.44174272509957,-1.2645839989617353,False
6042,-198.24129706690906,-47.47002775440882,122.13295701694261,-1.2344847205458624,False
6043,-209.4603702212155,-47.34153843270823,121.96177833149966,-1.329259330311323,False
6044,-220.2904157864391,-47.55818589018003,122.21849928261341,-1.4133067490612827,False
6045,-234.78704637876763,-47.85590454672272,122.57960437215493,-1.5249775261512266,False
6046,-216.60287152100818,-48.2838658596727,123.10799418919368,-1.367246755744075,False
6047,-134.4837464352072,-48.705999477587795,123.56471908180744,-0.694192869898642,False
6048,-61.04649577204577,-49.01255481539736,123.71406103025778,-0.09727221672648168,False
6049,-35.91207162072669,-49.374623144390384,123.65940253220548,0.10886799748330941,False
6050,1.6940794431566246,-49.76337070253965,123.51285393332381,0.41661615376060096,False
6051,19.137443236899344,-50.11313517239429,123.28185235473596,0.5617256480704829,False
6052,44.471809474700876,-50.403157914709894,123.05976537855285,0.7709665876377967,False
6053,56.79222274941799,-50.56921760454727,122.91183481841831,0.8734833428576984,False
6054,42.42926384612929,-50.8002332517566,122.6716940579664,0.759991926530597,False
6055,79.98083041883103,-51.015362079935464,122.47499090782141,1.0695750334642475,False
6056,76.05696697162091,-51.05393499471541,122.43244716341488,1.038212540150218,False
6057,54.956517661669864,-51.21480715638741,122.2463174453658,0.8685032566768913,False
6058,20.38327393375937,-51.461347242853535,121.98837651395225,0.5889464490774314,False
6059,-55.00797334569097,-51.727075282238644,121.78155987449894,-0.02694084446638252,False
6060,-91.20397479209316,-51.7250973393874,121.78150353711364,-0.3241779441545024,False
6061,-128.25704322157503,-51.718991408489174,121.77948623566178,-0.6284970825461779,False
6062,-192.74160800861137,-51.65708123628598,121.73766022833958,-1.1589226087284532,False
6063,-240.36348545367127,-51.4573882157784,121.47672081497937,-1.5550806440158593,False
6064,-239.555800848663,-51.30131943727332,121.21524190373005,-1.553059487031364,False
6065,-252.6373812821746,-51.14411617447378,120.9520174590543,-1.6658942061542052,False
6066,-219.423472327745,-51.139258266052984,120.94385937703802,-1.3914242106089254,False
6067,-231.67588116731645,-50.99605385732072,120.7288031330426,-1.4965759837019785,False
6068,-203.85995619024038,-51.14411393063617,120.93609987808506,-1.2627812738591382,False
6069,-170.92002519292828,-51.25100407152447,121.06378860802124,-0.9884790695660995,False
6070,-164.27843461055159,-51.10188311178807,120.89977796697937,-0.936118770455267,False
6071,-90.5433064271449,-50.9655188176193,120.75820300043014,-0.3277440921291668,False
6072,13.130887418639531,-50.9221032525143,120.74256073159377,0.5304922330870656,False
6073,31.162089993792733,-50.82797740624148,120.78654730217765,0.6788013171277727,False
6074,53.920807098680825,-50.785393856121445,120.81434677337808,0.8666702568959691,False
6075,82.20944583225833,-50.802266617396754,120.79943485883376,1.1010954861261775,False
6076,84.5848513069152,-50.82417096012368,120.77483152350736,1.1211692085091682,False
6077,48.81082416595814,-50.830854454822145,120.76726164774743,0.8250719380506779,False
6078,60.029595748490124,-51.132921219881155,120.451905412697,0.9228788584746911,False
6079,63.09054925948965,-51.34008307824992,120.22908224854659,0.9517716528949292,False
6080,57.431064857187835,-51.54848802265339,119.99861136606371,0.9081734500026161,False
6081,37.22975179285709,-51.731090854021495,119.80801147079282,0.7425283297400002,False
6082,-14.547106168082337,-51.94106670913415,119.61973433453507,0.3126069519304718,False
6083,-102.18744499758475,-52.19189274981485,119.49608225093503,-0.418386538755154,False
6084,-137.47160648736656,-52.385946557646626,119.55095732284988,-0.7117104022843105,False
6085,-153.64787877414824,-52.62066880020021,119.67976788128865,-0.8441461055820041,False
6086,-200.46486115311382,-52.78201194338608,119.79823229099935,-1.232763175094224,False
6087,-233.45500385087712,-52.75238117024058,119.7608570101101,-1.5088621373624753,False
6088,-228.60384489360467,-52.54927976040682,119.42281356360854,-1.4742121700174595,False
6089,-235.99612301561228,-52.39894488452462,119.18353400072625,-1.5404575780574599,False
6090,-251.6820772935571,-52.42014780361536,119.21606669495164,-1.6714351933771672,False
6091,-254.96265044932375,-52.74478308733319,119.68585100454898,-1.6895720393407632,False
6092,-249.02688860512376,-53.20348677057956,120.31441270874738,-1.627597204905003,False
6093,-225.3200298412621,-53.5232560680612,120.76489686753807,-1.422572106873387,False
6094,-204.2369209083438,-53.55910720782291,120.81528785881754,-1.247175058479355,False
6095,-126.90743413782138,-53.70231520669536,120.98042008217784,-0.6050988984944862,False
6096,-5.695936890542498,-53.96036505817049,121.09066176584986,0.39858092658669064,False
6097,30.50564363368744,-53.990565766068336,121.07791130334185,0.6978664274118809,False
6098,50.686374424409905,-54.12384343722389,120.97182692541314,0.8664018765811976,False
6099,55.038055130195744,-54.24869235678966,120.851997473074,0.9043023679549413,False
6100,75.0240459475458,-54.37841040396426,120.72208511940245,1.0719037550049118,False
6101,47.63198009950531,-54.481675400813465,120.60316481908777,0.8466913422503928,False
6102,74.64987076835632,-54.904236245409095,120.11640687353177,1.078571282524047,False
6103,85.32619012153748,-55.17118156669641,119.77585013926578,1.1730025002942979,False
6104,82.45179644952714,-55.356458379341674,119.53260907862658,1.1528925528448963,False
6105,68.88898285688458,-55.55125287796776,119.27943443008938,1.0432664803402278,False
6106,30.262802962285264,-55.65942088437369,119.1575099454162,0.7210810622512865,False
6107,-60.53578397195929,-55.76977730559847,119.06873637870841,-0.040027355721674304,False
6108,-91.0348684195518,-55.72593226997534,119.06559838986537,-0.29655027671352874,False
6109,-109.8987106640518,-55.51584085722588,118.97137308997208,-0.4571088690865061,False
6110,-132.44911706571565,-55.25075769676924,118.79914316578807,-0.6498225265919098,False
6111,-140.94929449422966,-54.923598095742676,118.50833142922404,-0.7259042074173794,False
6112,-135.32060810939674,-54.46593016793607,118.02287916057219,-0.6850763048362553,False
6113,-116.86660190641874,-53.93364072787831,117.45057920357759,-0.5358250389677386,False
6114,-93.21161348776809,-53.34098846603169,116.87550090019826,-0.3411375755795265,False
6115,-63.5488629637598,-52.77828021706062,116.45132147348728,-0.09249000020280014,False
6116,-42.42654970015883,-52.038219492339834,115.98171926879002,0.08287228239741612,False
6117,-45.47008744118216,-51.46837942991624,115.79107534900078,0.05180271424766454,False
6118,-40.30129801243538,-51.03931908530599,115.67823145973735,0.09282663589655635,False
6119,18.515677630859727,-50.50006073440607,115.51477960623032,0.5974624078453717,False
6120,94.32855994750867,-50.11442493025123,115.63705981342535,1.2491063428178775,False
6121,110.90573421199315,-49.85065284410881,115.91702739642038,1.3868228910523828,False
6122,113.3844280194105,-49.532319153928604,116.28624192690823,1.4009976113575027,False
6123,114.18374400767698,-49.339472081962285,116.53059519402625,1.4032642313151253,False
6124,97.03124619042273,-49.0969715763414,116.82964365572896,1.250780308783373,False
6125,106.52080521807079,-48.98720348933739,116.95892306725924,1.3295950802999497,False
6126,113.40976004846698,-48.95991932156209,116.9948706149228,1.3878358813221225,False
6127,112.91533312420256,-48.91166828641237,117.06052610224786,1.382421613834755,False
6128,120.95689527667173,-48.82063534589809,117.18104575618345,1.4488480583781695,False
6129,119.39678909432882,-48.644250412924855,117.41532764577273,1.4311678285667468,False
6130,101.68359395536777,-48.435039033285165,117.68454048973386,1.2756019810584078,False
6131,14.503114385479648,-48.238152604857355,117.9089788428748,0.5321161085954773,False
6132,0.2672302886635407,-48.13707916419964,117.95570937357787,0.41036003861043935,False
6133,-28.169555579128883,-47.84308729753969,118.01477196998553,0.166703976036274,False
6134,-66.94192239140864,-47.525475001150376,117.99537258786654,-0.16455261731386622,False
6135,-82.21506260655826,-47.225340629039174,117.88073755658829,-0.2968230662852986,False
6136,-92.18404536269009,-46.93728842491072,117.73480055968507,-0.38431081313839527,False
6137,-117.81334879593544,-46.81598185177632,117.67726329610316,-0.6033227231458753,False
6138,-179.62730703756813,-46.94375157475611,117.74300021782538,-1.126891239541599,False
6139,-192.2003997628301,-47.55360913461149,118.16508537692165,-1.2241076978603782,False
6140,-190.88452902134668,-48.31273642063668,118.68420099366477,-1.2012701893516589,False
6141,-186.9875808550089,-49.12124092390692,119.19197358712339,-1.1566746969780524,False
6142,-198.57864279313992,-49.79944330907326,119.65220622823138,-1.24343047382074,False
6143,-136.10213136296875,-50.50926854641326,120.18098361249035,-0.7121997194875668,False
6144,-70.74293303698892,-51.11344201684068,120.3555370228268,-0.16309587000077347,False
6145,-54.48022274034611,-51.88072453065127,120.0652677922538,-0.021650709297485502,False
6146,-35.2763583201172,-52.66623194227958,119.64478978636029,0.14534584960376484,False
6147,-20.723786163622208,-53.390058950675765,119.16575364155167,0.2741246691168764,False
6148,4.650236762523718,-53.97570191260326,118.75889807288254,0.4936551250176483,False
6149,-16.837807670581242,-54.51292869293312,118.28457309169603,0.31851255017968866,False
6150,-20.142355782419486,-54.9989295582129,117.95865535787377,0.29549822918922186,False
6151,-8.113939378345094,-55.47411243361815,117.65428603944441,0.4025367426002248,False
6152,5.778605253222622,-55.894264294158084,117.3562268698415,0.5255185105412549,False
6153,1.4587403696448291,-56.254911600794124,117.07100599288103,0.49297989268110043,False
6154,-25.822309368914375,-56.652645952946216,116.75847504386499,0.26405223751380097,False
6155,-118.31418412040773,-57.03255099585083,116.55229968416465,-0.5257865635480284,False
6156,-135.21539725657397,-57.43178782166509,116.64718221828446,-0.6668280189516338,False
6157,-163.83052513250118,-57.70534057155597,116.77608317205355,-0.908792123166045,False
6158,-225.87032293674952,-57.90347995890396,116.92855104452957,-1.4364912716132026,False
6159,-263.2072457989632,-58.07290316131536,117.15230154364802,-1.7510056561818368,False
6160,-244.97926764096042,-58.225679332514815,117.40420855500132,-1.590689044345081,False
6161,-230.17322440801263,-58.28842959751833,117.50173091345994,-1.4628277683593232,False
6162,-185.87044591290942,-58.22289787141622,117.40214629782152,-1.087267584680109,False
6163,-154.3472237191736,-58.135771900944576,117.30131023096808,-0.8202078188963721,False
6164,-123.19621648809311,-58.03977693794451,117.21539351924126,-0.5558693068709698,False
6165,-167.98769204374548,-58.059590024021006,117.2261877696958,-0.9377435546713399,False
6166,-166.40300776178242,-58.36193771754851,117.44491756021363,-0.919929719298765,False
6167,-99.5340657397985,-58.64648055965842,117.64946452000764,-0.347537367441113,False
6168,-62.50225812041754,-58.83292641169733,117.68952576428833,-0.031178065209211916,False
6169,-42.09542389177682,-59.21950283257733,117.59367160240294,0.14562075243894834,False
6170,-33.0169825856924,-59.607145973856056,117.42814320080763,0.22643774025016497,False
6171,-14.192872422480605,-60.04524674018797,117.1891640733347,0.3912680381354529,False
6172,21.92374025428876,-60.47941899563623,116.88112722307176,0.7050168081683166,False
6173,57.27322972971797,-60.74086018327172,116.64575500931036,1.011730687529693,False
6174,59.840887210607434,-60.865359961705714,116.50766294983526,1.0360369791666464,False
6175,64.1721741251439,-61.00693354926466,116.34537237418212,1.0759268299199385,False
6176,84.45381837090247,-61.10834984830884,116.22802851532046,1.2523843867834703,False
6177,93.2906629891545,-61.17546168485433,116.1401480825094,1.3299976556278499,False
6178,62.57569084750412,-61.16697010581154,116.15145616272326,1.0653560880025252,False
6179,-31.33281731462182,-61.171678125880135,116.14639407844417,0.2569073370552118,False
6180,-66.79724333260071,-61.20264084102959,116.13768991941397,-0.04817215234307765,False
6181,-119.8832243665695,-61.213330932160474,116.1381243220817,-0.5051734198126182,False
6182,-184.10029498963945,-61.25722892235114,116.15902086054365,-1.0575421965270289,False
6183,-215.79805184785732,-61.19619788572267,116.09134594007327,-1.3317259155729029,False
6184,-225.23951017747527,-61.15470753328513,116.0344868742547,-1.4141037467766546,False
6185,-235.64939086790082,-61.085108178367676,115.9318827267676,-1.5057487084976657,False
6186,-268.25012901186346,-61.20948319943068,116.1088040692486,-1.783160609327708,False
6187,-269.6733970015348,-61.813977987403526,116.92278853865481,-1.7777494157643419,False
6188,-279.4302240143179,-62.48479702492155,117.79208548689546,-1.8417657357253587,False
6189,-265.5159285185159,-63.34343918200209,118.8461995713773,-1.7011270874933782,False
6190,-240.5793354512573,-64.18135186972714,119.77432406380954,-1.4727529039325196,False
6191,-143.9126141432405,-64.93574847292389,120.48599192267243,-0.6554858735860658,False
6192,-116.0899791941822,-65.58676429725088,120.61619141171612,-0.4187100778579688,False
6193,-86.23950024055853,-66.36677520427523,120.51591323035869,-0.1648971036571562,False
6194,-59.950433157688394,-67.03721099432984,120.30990810059986,0.05890435749244922,False
6195,-51.186531212389355,-67.7571440469415,119.90033800969476,0.13820322035466073,False
6196,-40.25101091904037,-68.45671023435509,119.45528493597557,0.23611930883118418,False
6197,0.633866173490901,-69.14459320811258,118.95411519640504,0.5865997932597147,False
6198,8.128490216463774,-69.44398285052175,118.71314398516041,0.6534446857601748,False
6199,18.93278909144101,-69.9592662453503,118.18310864965734,0.752155332115213,False
6200,39.791754802975106,-70.44346687971738,117.646883391645,0.9370007815312948,False
6201,48.7127379463077,-70.89830914282453,117.0672332110942,1.0217295122491794,False
6202,29.621699066206816,-71.25697334578282,116.60425623758505,0.8651371370736759,False
6203,-55.93719137581593,-71.46180206180705,116.39521724115528,0.13337842442294007,False
6204,-100.36071167012756,-71.59486208071465,116.36442923397182,-0.24720483552215036,False
6205,-160.9048265623569,-71.85628509326551,116.37951539933347,-0.7651564896411434,False
6206,-211.36072475811852,-72.16465614446727,116.54730178226761,-1.1943311126472564,False
6207,-252.47370320157393,-72.34221325820678,116.73748395743777,-1.54304756139033,False
6208,-240.45358002129797,-72.48651535229678,116.94613283616401,-1.4362772038329399,False
6209,-249.61729074661753,-72.61177040646956,117.11558438105008,-1.5113746071935101,False
6210,-207.8859393795849,-72.89208361468884,117.48416708536648,-1.1490387097591344,False
6211,-172.04986384602785,-72.94949219988335,117.5481247153738,-0.843062123586421,False
6212,-140.6452347526074,-72.72681061431676,117.3231915865291,-0.5789002431646169,False
6213,-127.81554214373227,-72.25273215578206,116.88343805109646,-0.47536940146867107,False
6214,-139.86016803068537,-71.61599701152588,116.28253768262806,-0.5868823675436073,False
6215,-81.73673207575666,-71.15919520503587,115.85953161597857,-0.09129621640263914,False
6216,5.905830845582386,-70.8452248814677,115.7583253836144,0.6630283867074169,False
6217,20.597578376001138,-70.44669912779135,115.90741555598605,0.7854913947228503,False
6218,43.86911828339703,-70.11033216352511,116.09008869572502,0.981818962561611,False
6219,54.03201169052136,-69.85929026566654,116.29171985112887,1.0653492967064866,False
6220,51.17220655310143,-69.65158450106165,116.48263199709594,1.0372687239516993,False
6221,60.767240308874875,-69.61170118511879,116.52308157696925,1.1189108606595848,False
6222,50.320040111357,-69.5880403663125,116.54930309209132,1.0288185111061903,False
6223,64.83989173032046,-69.54107145997185,116.59629643718127,1.1525320039877331,False
6224,81.35769405170379,-69.63119609502252,116.48582882157734,1.2961996465509782,False
6225,69.64513638492815,-69.59964414811726,116.52623784247633,1.1949650405883752,False
6226,27.68832241999803,-69.51221189381215,116.62572288593391,0.8334399299619125,False
6227,-62.86214633679094,-69.46872946234643,116.66079650596356,0.056630704773370615,False
6228,-48.161540135497034,-69.51548049205537,116.65654043015813,0.1830496625205757,False
6229,-69.08526838560124,-69.25927552386135,116.6558878215985,0.0014916275681362721,False
6230,-140.4664780832827,-68.90706257840912,116.56598480631021,-0.6138962032858815,False
6231,-168.40001605240695,-68.59590109075836,116.30291600274255,-0.8581394034806067,False
6232,-164.83973507580777,-68.16754710622702,115.79792004017389,-0.834835271100225,False
6233,-163.63171394017354,-67.72280861948383,115.27804925785253,-0.8319789061156113,False
6234,-126.63428550308345,-67.19301298054336,114.62581005188794,-0.5185679603540657,False
6235,-87.93109171657557,-66.64069639230131,114.11029568913033,-0.18657733901834322,False
6236,-66.12760320736174,-65.78507264557072,113.40213347752712,-0.0030204948644894924,False
6237,-108.49142597842797,-64.96523721114882,112.89467969567666,-0.38554685557025414,False
6238,-127.54118722189673,-64.5936384063006,112.64630585273969,-0.5588070406666175,False
6239,-73.52855151788594,-64.37496431470147,112.48718007972901,-0.08137449260170415,False
6240,34.68957503991737,-64.27368601167015,112.47113672976282,0.8798991806170591,False
6241,71.86214128503798,-64.14536049011494,112.57223480726404,1.2081798145698415,False
6242,95.03951540585172,-63.903098280048006,112.82208755709722,1.4087898666603003,False
6243,110.07746733337649,-63.65834406393389,113.12342187719008,1.5358076030083565,False
6244,98.6787327944221,-63.4924629835701,113.35878681775206,1.4306010176230652,False
6245,94.73538027128575,-63.40857083185874,113.4741853313613,1.3936557521108517,False
6246,96.38972763315451,-63.13521037885084,113.80098753858032,1.4017886967626172,False
6247,103.64871103084101,-62.918781022394505,114.07088306590416,1.4602104198404564,False
6248,89.20440314138534,-62.67736339280312,114.38165888025445,1.3278507063199065,False
6249,74.55898457482158,-62.48823637920672,114.60748939906267,1.1957963800849924,False
6250,33.42331285533601,-62.26603856502835,114.83793229162653,0.8332556108496008,False
6251,-60.97257299082571,-61.98050035655563,115.01679189595744,0.008763306201773359,False
6252,-68.45159069446936,-61.735173737467775,114.974465538711,-0.05841659646367497,False
6253,-96.01653256223221,-61.324340310129095,114.82543578687294,-0.3021298548911686,False
6254,-143.7239056053579,-60.98129658267722,114.63389315727389,-0.7217988218297758,False
6255,-176.80142872477768,-60.64355279965486,114.30358596182519,-1.0162225003502245,False
6256,-167.5556904767991,-60.30632913818998,113.87345850438608,-0.9418293142864207,False
6257,-158.0656790914893,-59.942947266661385,113.42972891391221,-0.8650530400129796,False
6258,-161.17337622753394,-59.479075576636845,112.86338167420467,-0.9010389299201699,False
6259,-224.04822627532485,-58.9403333083867,112.15421494193795,-1.4721505834837705,False
6260,-273.2976865872681,-58.75631887877957,111.85563361928381,-1.9180202263098336,False
6261,-274.52930571425554,-58.90078791438757,112.11821779997972,-1.9232246287088857,False
6262,-244.75994956796762,-59.19370027077443,112.61875980337503,-1.647738348576913,False
6263,-172.04843138009915,-59.43490877470077,112.97411148221674,-0.9968082167490635,False
6264,-113.73138634595284,-59.70360518685718,113.18902535770945,-0.47732349482074377,False
6265,-77.38957494658825,-60.34667333837748,113.18724512904969,-0.1505726337696392,False
6266,-45.043287987345366,-60.988906782307694,112.97455820532933,0.14114344900540737,False
6267,-24.79930251692531,-61.55872620142528,112.64886968737059,0.32631861985403643,False
6268,-9.755469939798104,-62.03394856837243,112.3219745085475,0.4654341134698983,False
6269,8.331561110106122,-62.53858854389234,111.89213949896349,0.6333791629273025,False
6270,35.96107703408006,-62.77251960930543,111.70134817010977,0.8839069381062821,False
6271,41.075093489286246,-63.002810048199926,111.45594515495256,0.9338030680444278,False
6272,47.73839723942581,-63.26620943291571,111.15518874907974,0.9986452987176501,False
6273,52.77234638850689,-63.47283680916632,110.91469458650622,1.0480593543627312,False
6274,16.78167762405576,-63.56876916909714,110.80644362804757,0.7251423668362768,False
6275,-67.11717328885493,-63.64901396277707,110.742948198654,-0.031317202426799876,False
6276,-87.01736693636474,-63.68818889918715,110.74300438157739,-0.21066051230463548,False
6277,-79.22773030500423,-63.66427519988248,110.73749744498879,-0.14054367729280884,False
6278,-105.26800067392605,-63.481709840602434,110.68608809955978,-0.3775207124109196,False
6279,-103.45676059638276,-63.31991748112749,110.60450878299046,-0.3628861387016783,False
6280,-84.243849022919,-63.096747636497454,110.48469583885709,-0.19140299229555535,False
6281,-94.10705547915109,-62.792719308601754,110.35496194528257,-0.2837601102710357,False
6282,-70.42198527599567,-62.65724581796324,110.30213984515537,-0.07039518425420159,False
6283,-38.1656420984923,-62.52159326908366,110.27834933389872,0.2208588659306721,False
6284,-16.49951953255527,-62.37050266869516,110.29432087595423,0.4158961474338289,False
6285,-23.5979913532733,-62.21617510817371,110.34052354923813,0.34999094179272683,False
6286,-29.483541497022088,-62.0859840600314,110.3732992155003,0.29538341967430093,False
6287,23.348742281663363,-62.021592652201555,110.38923880004762,0.7733574020607168,False
6288,105.0920335435153,-61.992824410232494,110.41098070608055,1.5132992831440912,False
6289,128.20554984108207,-61.92875611501815,110.5053152121389,1.720589689202698,False
6290,125.74623202017551,-61.82578102198787,110.67526634790721,1.694796129539292,False
6291,127.94695204446316,-61.75219885531665,110.79649490157094,1.7121403620963296,False
6292,116.80364879849549,-61.67027499795483,110.9323673898868,1.60885346626724,False
6293,114.8435076573013,-61.55258212528772,111.11209191854343,1.587550794308737,False
6294,104.17397366904618,-61.50304222981612,111.18930555151454,1.4900445243099691,False
6295,104.6613890495538,-61.55801714874124,111.10455711581112,1.496062902487738,False
6296,110.8176752538443,-61.60714776823319,111.02874180693146,1.5529746641811724,False
6297,116.43761605721716,-61.66750026836908,110.93162347678147,1.6055396175001848,False
6298,86.53677461725465,-61.68511439358998,110.9029325005812,1.3365010795369892,False
6299,-3.737869055298006,-61.77527403250732,110.77540856666765,0.5239195750045988,False
6300,-30.631172884815896,-61.883851314892894,110.70911576042896,0.2822954389565066,False
6301,-30.15352089050714,-62.0677703814017,110.63088485891362,0.2884750450255773,False
6302,-54.11792194977693,-62.07957969873134,110.62735055221285,0.07196825838468165,False
6303,-65.74328767725524,-62.00324636276925,110.6283997273919,-0.03380724410460715,False
6304,-70.68111082322002,-61.905200083428156,110.61767807575713,-0.07933551754523031,False
6305,-46.66031584212192,-61.77720642545511,110.59487116775382,0.13668708524831513,False
6306,-26.291856621784063,-61.3536764673967,110.51520606800348,0.31725787873967315,False
6307,-29.69237995085132,-60.44096545301703,110.16519244278001,0.2791134370153856,False
6308,-38.561681231331704,-59.47365581127907,109.71387553393247,0.19060464757240012,False
6309,-26.423417308402122,-58.56697219348137,109.24980558480502,0.29422070559318164,False
6310,-32.55557777073386,-57.61123312475155,108.82111182709373,0.2302462723761609,False
6311,-1.3395064293085852,-56.62300059485628,108.28581738550959,0.5105331011976599,False
6312,107.11354454081652,-55.8208421131083,108.19263367014396,1.5059656200871927,False
6313,136.90755417966852,-54.7621726037166,108.91351106551951,1.7598342474523812,False
6314,133.23222357110376,-53.62295964585938,109.91283171975537,1.700030654231415,False
6315,122.02694732548002,-52.61993237269735,110.84617245526006,1.57557880285554,False
6316,126.06348552693134,-51.7702256257384,111.63646147169398,1.5929715865972733,False
6317,113.3218518762053,-51.04752771642645,112.394318602604,1.4624349489923736,False
6318,84.65639921041122,-50.272767838171774,113.07807652322339,1.1932389654759643,False
6319,75.03618421146882,-49.64896572511921,113.53343560028355,1.0982240542386672,False
6320,79.91670872028169,-49.15402451327509,113.89625284024461,1.1332307254620264,False
6321,75.65029743373088,-48.71272627835211,114.25343360176336,1.088483906274162,False
6322,41.11750202007295,-48.271109867256364,114.59140339859111,0.7800638550206319,False
6323,-55.23324746122955,-47.87265860898857,114.78614294997985,-0.06412436782938591,False
6324,-63.817111057162265,-47.49717684316013,114.65744013132019,-0.14233646063709848,False
6325,-78.76368673701882,-47.072187044354116,114.46251335610454,-0.2768723031100079,False
6326,-129.2205650410474,-46.565836815809575,114.13058890252488,-0.7242118788665014,False
6327,-163.13419590522062,-45.99054063785897,113.46299758490942,-1.0324392776569986,False
6328,-138.23680716864487,-45.39486772182479,112.57500978421751,-0.824711804376286,False
6329,-139.68683965330138,-44.75949593329909,111.73994225642156,-0.8495381490547256,False
6330,-116.30982501778021,-44.220886500235345,111.05685190253256,-0.6491174320411377,False
6331,-65.26880218657857,-43.806835185383385,110.65452205381199,-0.19395472144155207,False
6332,-54.209411286860586,-43.276606485784605,110.33462682799728,-0.09908770361021238,False
6333,-65.39222043528571,-42.86597074053917,110.16364917742231,-0.20447987936989312,False
6334,-89.07683828077916,-42.25528340953643,109.7494772740841,-0.4266221218923201,False
6335,-12.300509537601556,-41.79500859119713,109.38725049938678,0.2696337911314529,False
6336,-73.44931353414063,-41.27576123285072,109.3185510675411,-0.294310087236812,False
6337,16.887114655709183,-41.340922276980024,109.33454063116366,0.5325676277281807,False
6338,68.85079633094074,-40.98983573800689,109.42676449217238,1.003782142135847,False
6339,98.29513349727995,-40.38347991112217,109.75295703220384,1.2635524104167042,False
6340,74.49312883856896,-39.71390844731407,110.25567251008411,1.0358381993945711,False
6341,47.33749526172278,-39.40099542002669,110.50596544252822,0.7849213418877399,False
6342,54.217327545940975,-39.460136696621895,110.45656460313576,0.8480932263205971,False
6343,65.13128545741449,-39.49361026605444,110.42713967681955,0.9474563592760649,False
6344,82.0200964543551,-39.48790127002901,110.43255586838433,1.1002914563455337,False
6345,75.74182446728639,-39.50238771000846,110.41635839104286,1.043724080893467,False
6346,37.200725509563085,-39.606845082162444,110.29821738065449,0.6963627555888044,False
6347,-57.70142395301161,-39.757886542507336,110.17475661126869,-0.16286432539002324,False
6348,-85.07317140274654,-39.9148425344025,110.18146458574357,-0.40985413506825985,False
6349,-78.38053979753863,-40.02362782053432,110.2171816574875,-0.3480120921273672,False
6350,-149.1466938611627,-39.77658803143295,110.0835441006056,-0.9935191197130806,False
6351,-179.52944699674845,-39.568530881858685,109.84190574853986,-1.2742032757088273,False
6352,-169.0422885391115,-39.35264632917352,109.52866289645812,-1.1840703499917538,False
6353,-159.56268138002156,-39.01813905751659,109.04228850820637,-1.1054843398066885,False
6354,-129.75004968409553,-38.56524197723159,108.3766865169453,-0.8413692154410598,False
6355,-136.44614936470998,-37.740836743137734,107.13875031434618,-0.92128489768613,False
6356,-179.62579917869584,-36.947817411966156,105.89762450357425,-1.3473199463687122,False
6357,-198.9729101918042,-36.35374345461126,104.80347293830278,-1.5516581862981385,False
6358,-198.99311550069456,-35.95765405980941,104.05527594008177,-1.5668159059495068,False
6359,-121.84886919264795,-35.71011703629416,103.61411627794936,-0.8313418600732246,False
6360,-44.1776262086928,-35.57878522111206,103.4900561321486,-0.08308857207112445,False
6361,-11.998937763118647,-35.15073550096034,103.30360818788085,0.22411412480128415,False
6362,8.181265276998374,-34.70882739097557,103.24252764549392,0.4154304785644785,False
6363,10.042717054992863,-34.30328156695958,103.27659071855807,0.4293906132397512,False
6364,35.67790113784076,-33.93882175584421,103.32468033797704,0.6737666418707254,False
6365,56.633520603096486,-33.48686394598182,103.46287440225905,0.8710407967083367,False
6366,71.95879503875972,-33.15353266961512,103.66347494931017,1.0139765019431688,False
6367,84.11952605888837,-32.77359037900622,103.93231107415946,1.124704292917023,False
6368,92.47785166397989,-32.38557408753332,104.24770937927015,1.1977570202261205,False
6369,101.92179796073731,-32.071966368122574,104.54496398566798,1.2816854989517144,False
6370,78.26228596546957,-31.755245772798588,104.87125764731339,1.0490723026156692,False
6371,-18.494266034871316,-31.46571846982679,105.10859564781823,0.12341000614657842,False
6372,-41.2689664438069,-31.242843914225926,105.09609173949933,-0.09539957541363794,False
6373,-113.4791969495418,-30.89110733549783,104.96218132958899,-0.7868366355183806,False
6374,-216.01525891842857,-30.608811921135832,104.67379540993157,-1.7712785351022167,False
6375,-253.56773020645392,-30.63651748161387,104.72252881854827,-2.1287798837546297,False
6376,-303.19302434234623,-30.643029547119106,104.73643923637461,-2.6022461407163386,False
6377,-293.1791073918164,-31.016478620458678,105.59733504448474,-2.482663304532421,False
6378,-314.07629732576606,-31.27577514810867,106.18915335785587,-2.6631771064660796,False
6379,-343.18196938936126,-31.907860612074035,107.5539865672186,-2.8941196761939505,False
6380,-348.2433992663921,-32.92650409745102,109.67862939417225,-2.87491644371055,False
6381,-334.42979104679523,-34.162207457652116,112.04348442744822,-2.6799200785617843,False
6382,-290.25133551572264,-35.39205417731321,114.19099852424246,-2.231868401468645,False
6383,-177.81584078119386,-36.287239698057476,115.59571274705857,-1.2243412642199196,False
6384,-128.4334627096473,-36.85913915463746,116.05866087219515,-0.7890348110758603,False
6385,-95.00144196932297,-37.65877780675193,116.22492447808732,-0.4933766523839062,False
6386,-85.41734019037494,-38.346867213569325,116.22015445391466,-0.4050112753504445,False
6387,-54.784282481968376,-39.116429466389405,116.10047335445618,-0.13495081081835747,False
6388,-33.75409939547194,-39.76414550313041,115.88102490875461,0.05186393641574031,False
6389,-8.434510174620186,-40.26965922901478,115.66699470952982,0.27523105562084504,False
6390,11.902510188227893,-40.68157441046415,115.42800017495217,0.45555744289939426,False
6391,34.68169647730883,-40.91025018381611,115.28460189316282,0.6556985531439657,False
6392,56.881073333475,-41.08976325079832,115.14234152334932,0.8508671552801985,False
6393,48.1307421180278,-41.23545742174016,115.00187607002154,0.7770847102125125,False
6394,28.755245661646086,-41.36351929237647,114.88958815260072,0.6103143555609943,False
6395,-60.794381768578205,-41.35716855879523,114.89345739934012,-0.1691759796402002,False
6396,-94.5747179084301,-41.344860436365394,114.89125058847496,-0.46330645022506467,False
6397,-152.8161438201248,-41.62112935168047,114.96352033236226,-0.9672199854960678,False
6398,-228.2669892215074,-42.11952741974311,115.2644020956263,-1.6149605465122838,False
6399,-250.15793354532138,-42.64214950985159,115.91022820829583,-1.7903146878682241,False
6400,-240.15321453391311,-43.12880378064275,116.61090425018809,-1.6895882252191057,False
6401,-234.12667958559382,-43.57709830122671,117.22475736227376,-1.6255062972362468,False
6402,-229.11915566325183,-43.99671119197326,117.78191955704767,-1.5717390679951904,False
6403,-202.71111851534852,-44.606740181021884,118.47584427402327,-1.3344861925494818,False
6404,-193.24251872602713,-45.28995462625267,119.05670574675753,-1.2427066847833046,False
6405,-191.06185322474244,-46.0465910281495,119.59264535542455,-1.2125767580908793,False
6406,-173.8194116257489,-46.53808166652041,120.0197195305757,-1.0605034777372802,False
6407,-101.7726330217838,-46.813547287971915,120.25961710424123,-0.45700366471459214,False
6408,-29.84949884535672,-46.98166682073321,120.31691611778486,0.14239201375976812,False
6409,0.7091460276960788,-47.36582797481223,120.15751380840585,0.40009960658111693,False
6410,33.735024980735716,-47.789357708486875,119.85977475380432,0.6801646578818974,False
6411,54.96002343354826,-48.15426538958876,119.5151588454072,0.8627716334838771,False
6412,67.45074936790479,-48.482345412802026,119.1533007364802,0.9729742614273422,False
6413,63.839578154361334,-48.66822626653129,118.94653130287374,0.9458687293235465,False
6414,51.308818566942136,-48.8521298505606,118.7472039491663,0.8434804785835628,False
6415,70.2871449963302,-49.120468595002336,118.46763528586261,1.0079344734382665,False
6416,66.36482710446421,-49.31904934520776,118.23776139987672,0.9784004287634677,False
6417,46.94518807959264,-49.45499920257039,118.09057216769328,0.8163241612994385,False
6418,19.937286975771258,-49.619367038851514,117.93604247992046,0.589782839512063,False
6419,-67.71417231291537,-49.69964100242034,117.8837585426537,-0.15281605823568015,False
6420,-85.32438069089051,-49.739769569813745,117.88876625722934,-0.3018490416926778,False
6421,-131.98100227877512,-49.84020284360196,117.91198787467559,-0.6966280606046407,False
6422,-199.45791299811617,-50.05427706810521,118.0289145067643,-1.2658223330643998,False
6423,-246.1477074811935,-50.38602711210971,118.37160293060164,-1.6537892156774632,False
6424,-252.8359662956716,-50.798802580897906,118.9346379347886,-1.6987243348363317,False
6425,-253.2502505208672,-51.30642327029595,119.61598704136117,-1.688267866574913,False
6426,-235.57580735492706,-51.87299810023272,120.34787970365315,-1.526431622285723,False
6427,-199.0143009178521,-52.31586971408625,120.88819072439355,-1.2135050605415683,False
6428,-190.91106733750098,-52.166858253625094,120.6905064689922,-1.1495867665409296,False
6429,-206.0030006126583,-51.67646171047173,119.95173268155715,-1.2865719856826598,False
6430,-167.5495082554221,-51.268567037247934,119.30414948178448,-0.9746596553703951,False
6431,-78.33010191825633,-50.80898107705421,118.70150837966915,-0.23185148375010756,False
6432,6.242912696510757,-50.251133877876576,118.34801412169368,0.47735525596818396,False
6433,22.488734973782357,-49.53700114548096,118.32464009731473,0.6087129110219696,False
6434,40.924420691460455,-48.94248739595495,118.43472336387127,0.7587885168719823,False
6435,48.93446859349615,-48.430774844295385,118.63721544204903,0.8206973088082276,False
6436,66.11765133880374,-47.991883349590495,118.86133740070169,0.9600223014798469,False
6437,74.8378253768027,-47.540257627694054,119.15128067472494,1.0270815580957182,False
6438,86.11856995899086,-47.14438700705896,119.44813297839333,1.1156554199985311,False
6439,89.89372082490922,-46.845830501553536,119.7194713383462,1.1421663476947297,False
6440,83.04299021692873,-46.55524343407959,119.99308821132159,1.0800474892584726,False
6441,72.62798280633683,-46.34509704730874,120.18996879065769,0.9898752870205695,False
6442,20.764121388459216,-46.22690873529785,120.29773332197495,0.5568769109261325,False
6443,-65.90526941662426,-46.203203712890684,120.31061538322686,-0.1637599944192485,False
6444,-78.88310915971397,-46.1959899993655,120.30939021810674,-0.2716921688414393,False
6445,-80.4230100331664,-46.147571798314004,120.29449927107754,-0.28492938947785507,False
6446,-113.4743718011498,-46.15468655860069,120.29650282720414,-0.5596146493073719,False
6447,-119.40440378163476,-46.20353400578655,120.32231340431242,-0.6083731911792235,False
6448,-133.85572321484688,-46.29846045331781,120.37403264354207,-0.7273766678633111,False
6449,-127.81524057195793,-46.593769228269764,120.52843634579833,-0.6738780806104732,False
6450,-132.18086897231342,-46.79441318715551,120.6360144819032,-0.7078023602807838,False
6451,-133.7988769353567,-47.16202559010979,120.8024292812037,-0.7171780556132178,False
6452,-134.80280937261,-47.73127103556731,120.98496630493987,-0.7196889084349607,False
6453,-112.72368426151888,-48.435457284615254,121.14627643053727,-0.530666140727529,False
6454,-82.96563705677386,-48.965967361450055,121.2319739860385,-0.2804513411555876,False
6455,-12.77623901184802,-49.28431316835334,121.25072677317998,0.3010957140471402,False
6456,21.013144281238283,-49.49934281890995,121.1531391216397,0.5820112265465327,False
6457,18.753240796208274,-49.999812397852075,120.68346579802086,0.5696973710477237,False
6458,9.414241476970801,-50.651314237404904,120.00922723892444,0.5005078117434434,False
6459,14.028515805387542,-51.34376656206683,119.31895222808879,0.5478784480313692,False
6460,14.487809617924768,-52.02185249206133,118.61557165928367,0.5607161115492596,False
6461,29.30527488183077,-52.630875344326626,118.00465239670359,0.6943467783855465,False
6462,57.23323377312727,-53.140031491799675,117.46100576829508,0.9396587790389817,False
6463,55.52211552471226,-53.4194406578468,117.1399470386693,0.93001199792754,False
6464,71.91744200918379,-53.711936333589904,116.80372661439176,1.0755596759127246,False
6465,65.75531285176282,-53.9434853409986,116.51381153055007,1.0273357005523438,False
6466,44.62817443977008,-54.245165717221546,116.13501318581274,0.8513654706250997,False
6467,-15.878281677120981,-54.49462167065896,115.87552487747726,0.33325708802069764,False
6468,-47.039768527364686,-54.566886031503145,115.84746371509114,0.06497438323423495,False
6469,-71.78508969665768,-54.66455624366117,115.83407905360055,-0.14780221496882823,False
6470,-98.09040395887791,-54.91236320084063,115.82585941762733,-0.3727841172527151,False
6471,-113.33579957077507,-55.174104165180516,115.87372758207891,-0.501940315714758,False
6472,-111.4574974698811,-55.45739292645147,115.95786858670105,-0.4829349247788102,False
6473,-95.45764467117192,-55.70010951363398,116.0325762118616,-0.3426411483353213,False
6474,-92.42963787653446,-55.99056980428308,116.07088171009757,-0.3139380655629272,False
6475,-85.29426120991411,-56.3842470736566,116.0817086582045,-0.24904883353656757,False
6476,-82.93106939212373,-56.71521065257959,116.08441503511848,-0.2258344389435324,False
6477,-72.91455138503909,-56.97931415353669,116.09333867777494,-0.1372622875092924,False
6478,-84.51763849767735,-57.25604709446905,116.07547544539989,-0.23486090665234224,False
6479,-43.19699019101847,-57.565345074986574,116.07849350800802,0.1237813693970525,False
6480,36.387499523198585,-57.814496764044364,116.00198370252251,0.8120722877361837,False
6481,64.38187959782476,-58.23548512724447,115.52721740856266,1.0613720946072147,False
6482,70.52225789101112,-58.66718557118402,114.92759352062652,1.1240942188440497,False
6483,68.971575826621,-59.040459176422665,114.40122334454912,1.118974354124711,False
6484,75.05721884273896,-59.35626495915397,113.97081210468886,1.1793676057903868,False
6485,45.032921457597695,-59.65987368941702,113.54103952918793,0.922070077754585,False
6486,74.02399624688928,-60.066355418099214,113.0391788514664,1.1862289962419434,False
6487,72.59635546648803,-60.12964353097732,112.96061574147512,1.1749758809851554,False
6488,68.24327999124523,-60.14416632112601,112.9432895886652,1.1367425792178805,False
6489,49.31207415162021,-60.21365101594171,112.86016596427645,0.9704551134740491,False
6490,15.976028628525114,-60.3704261545257,112.68846866696353,0.6775001531761256,False
6491,-48.508347676152084,-60.52007778185633,112.56951574683727,0.10670499935984423,False
6492,-38.01033263463387,-60.48004861646897,112.57260260326957,0.1996019942882842,False
6493,-52.6937115483106,-60.3264368401444,112.58562838436787,0.06779484558877835,False
6494,-120.6960356917441,-60.17125841640208,112.57802994089664,-0.5376251237218973,False
6495,-141.12714644823063,-60.120517170275285,112.54863888575444,-0.7197477471067715,False
6496,-141.30718479759707,-59.989522828269386,112.44077947336505,-0.7232043601102054,False
6497,-137.89037659270753,-60.00779888558458,112.45382266980374,-0.6925738570560491,False
6498,-105.05803132594224,-59.99710565308105,112.44628578179628,-0.40073289535149786,False
6499,-87.78475401300784,-59.930130690629625,112.41589087793864,-0.2477819025837087,False
6500,-72.046552425134,-60.06415421340599,112.43571395752124,-0.10657110441131731,False
6501,-115.14432550234801,-60.17032767256239,112.43857399916203,-0.48892471573141194,False
6502,-119.91790512063494,-60.46647115510442,112.51790108135546,-0.5283731156924486,False
6503,-65.48397364767197,-60.65004893391309,112.58999580125146,-0.04293387418089905,False
6504,7.740216556817359,-60.966617172663504,112.52798846728896,0.6105755080608538,False
6505,6.751061136513954,-60.48334616021733,112.64833526720217,0.5968522050259428,False
6506,41.78314631929993,-60.543679812117304,112.60935571255274,0.908688496474638,False
6507,59.925251914519094,-60.7047967764723,112.44235451465686,1.0728168154400153,False
6508,69.99005910199298,-60.933188928750646,112.15606489990402,1.1673309699978218,False
6509,76.1758993401827,-60.95999291527788,112.12403930924539,1.223073063549119,False
6510,76.76008156382738,-60.7883357481442,112.31274738441851,1.224691057028261,False
6511,112.01046701486712,-60.65415268851391,112.46433441945545,1.5352833464465103,False
6512,116.51941740104553,-60.37510994114812,112.83584179669508,1.5677157588004524,False
6513,105.77087160787585,-60.16975684027497,113.12755864971471,1.4668453065619946,False
6514,69.69983396552504,-59.991012512057175,113.3670579829592,1.1439905805536275,False
6515,-36.002882421317736,-59.79756543791454,113.56145814056293,0.2095313269678562,False
6516,-53.7668547078074,-59.66840745260684,113.57619479476188,0.05196117685985043,False
6517,-85.67917988356953,-59.48206032942268,113.55994435051616,-0.23068978858677802,False
6518,-150.58112000648975,-59.52550461564905,113.56861335646308,-0.8017674311567071,False
6519,-150.52940044716593,-59.534042866514106,113.57544526773074,-0.8011886492379491,False
6520,-155.47480058396445,-59.36142354181419,113.41389958370917,-0.8474567702454351,False
6521,-177.87698445847036,-59.28066468493832,113.34013777470933,-1.0463752921252893,False
6522,-183.2764762946963,-59.38967839373862,113.44592761995607,-1.0920338922696153,False
6523,-187.9855949461878,-59.708288075944566,113.71954975024391,-1.1280145511653163,False
6524,-170.14272394419913,-60.01507049012004,113.9969867218808,-0.9660575829320669,False
6525,-186.17390251098277,-59.95862361372422,113.93973893905711,-1.107737125541136,False
6526,-188.90244853355875,-59.88243904419552,113.85047594971218,-1.1332408443013577,False
6527,-104.59006732488865,-59.82237555034352,113.77928608767557,-0.3934608250226515,False
6528,-63.44384059329627,-59.71964458684496,113.73072830674876,-0.032745732502535305,False
6529,-60.51949909613745,-59.83432443437236,113.72467608013402,-0.006024854810597949,False
6530,-27.616887605917555,-60.12313729944985,113.66406163304475,0.28598529057034844,False
6531,-15.435348133349407,-60.336221542800544,113.5687608406011,0.39536288920569934,False
6532,19.35201155444372,-60.48787669273115,113.49120158586076,0.7034896726049086,False
6533,60.586297244185175,-60.585054606918035,113.41532989613171,1.0683860106219736,False
6534,47.75683081414104,-60.561526174530606,113.44020022153434,0.9548498396259846,False
6535,52.24342719253593,-60.70558548539144,113.28616570491714,0.997023881734439,False
6536,58.0343591920406,-60.895324169119725,113.06863635932935,1.0518361872093753,False
6537,45.328612582477945,-61.10034495764317,112.81982183172379,0.9433533559276938,False
6538,21.604111869809117,-61.437209156323284,112.41390522787214,0.738710401153673,False
6539,-79.92635901706512,-61.77446019260698,112.0767695840343,-0.16195951125133018,False
6540,-86.50959546107947,-62.14012741273908,112.03492380406006,-0.21751671015513518,False
6541,-90.39048493042583,-62.40941687117523,112.03882764031742,-0.2497443845903074,False
6542,-139.51690395838023,-62.27198406153763,111.98995786678509,-0.6897486289683883,False
6543,-176.38654135603315,-61.816636710584966,111.5156150416222,-1.0273888961889868,False
6544,-144.1942067876637,-61.357224872189605,110.8780857633864,-0.7470996756946907,False
6545,-154.0908877108634,-60.41080333912602,109.47114473629662,-0.8557513909021588,False
6546,-133.65050362231136,-59.582897269596536,108.21901413349339,-0.6844232221645342,False
6547,-114.07186087934383,-58.50893421183788,106.56087173678753,-0.5214195957851216,False
6548,-116.43987784552587,-57.14518356594491,104.338741581975,-0.5682902954411747,False
6549,-145.0986959322811,-55.765400700344514,101.97203858874346,-0.8760567746636964,False
6550,-173.64683717780122,-54.63842989609146,99.89901385276234,-1.1912871077697733,False
6551,-88.84983012753719,-53.94435550122288,98.64948513769109,-0.35383331780794003,False
6552,6.034300421512171,-53.41479591399874,98.21839674819117,0.6052745545004607,False
6553,26.63037093864068,-52.614392562027554,98.15127314151295,0.8073737707550098,False
6554,58.725147037965144,-51.89039367567062,98.28524731710496,1.125454162584021,False
6555,72.82015941962618,-51.03240268026383,98.61940305557935,1.2558640415830735,False
6556,84.86169419589055,-50.27285243084957,99.0806491379403,1.3638843487854577,False
6557,102.83077298550006,-49.566806040424794,99.62022372558745,1.5297855528383195,False
6558,111.24967682079068,-48.90451268828122,100.26309775773375,1.5973393311271242,False
6559,107.10924714303019,-48.313160505944545,100.9147427596324,1.540135795809077,False
6560,110.02163885862524,-47.8820441329343,101.42484607293292,1.5568540560368573,False
6561,82.72125083002743,-47.565731242903645,101.83555939384244,1.2793859320697065,False
6562,51.26011472536322,-47.359835357713166,102.0649116534792,0.96624734676596,False
6563,-32.65683049401639,-47.22587780376247,102.18011243999118,0.1425820246410696,False
6564,-47.28720816832765,-47.05839237950913,102.18079926673069,-0.0022393227539865526,False
6565,-58.832883554398904,-46.77691910724661,102.1142330092534,-0.11806350683807029,False
6566,-125.72270942176579,-46.21749493899824,101.78674201533849,-0.7810959748646509,False
6567,-139.68269304140222,-45.607112321142644,100.99287908381902,-0.9315070683565875,False
6568,-117.7784041665675,-44.949521603857406,100.00788353396257,-0.7282314152561531,False
6569,-119.33964124306453,-44.22110011357559,99.01834779393761,-0.758632544402928,False
6570,-62.43425368527164,-43.537843932965295,98.09179318058476,-0.19264006844607773,False
6571,-42.09821343069075,-42.54567189738208,97.04080419823138,0.004611034197297855,False
6572,-49.521327266639446,-41.589642700449595,96.24130512926807,-0.08241455740377045,False
6573,-72.74823455141177,-40.73415941795323,95.52127071345414,-0.33515126939103174,False
6574,-122.18007039397366,-40.02991168775484,94.84003111729584,-0.8661970872259365,False
6575,-68.40394235410099,-39.72253465661332,94.48684622909194,-0.30354921179131106,False
6576,53.35490766386374,-39.523911497877116,94.39065172012661,0.9839832384792891,False
6577,78.89004531052706,-39.02864717341747,94.6596190102167,1.2457127306968925,False
6578,90.36213718362455,-38.56328467768633,95.04752681482978,1.3564311053824845,False
6579,96.06576415441646,-38.22621853362152,95.4051880609586,1.4075962263418307,False
6580,103.717469395423,-37.98154150552111,95.69786656548544,1.480691430085125,False
6581,94.42966188490391,-37.76566817202398,95.97761873583791,1.377355802301921,False
6582,89.0437407785297,-37.58358434029456,96.20029193277587,1.3162883664356297,False
6583,95.30474778150915,-37.35897170808273,96.45280576219612,1.3754262350508866,False
6584,72.23503478418593,-37.210057405789996,96.63912917443947,1.13251322859523,False
6585,49.83390641089079,-37.175115693410696,96.67785637193325,0.8999891533544725,False
6586,6.732401382967851,-37.15792094143869,96.69316295102713,0.4539133997161307,False
6587,-96.83786329003567,-37.23652145091965,96.65183134471707,-0.6166602433692405,False
6588,-84.00206385272759,-37.4098767543549,96.73290778426664,-0.48165808477795796,False
6589,-53.467997079294946,-37.40200582079441,96.72903946573567,-0.16609274057964357,False
6590,-117.10295878466968,-36.93466650413083,96.45863867950601,-0.8311157339355207,False
6591,-140.95909557690015,-36.44445844333651,95.83499096421967,-1.0905686543298632,False
6592,-155.67097302326556,-35.81833575343,94.79469442097759,-1.2643390856620849,False
6593,-154.0533420249401,-35.23997269823711,93.75338713699855,-1.2672968194000835,False
6594,-137.5043647213697,-34.649514909570875,92.67834605046279,-1.109804546531236,False
6595,-121.39854714040166,-34.06575632246637,91.70897598530465,-0.9522818227948527,False
6596,-102.90186853133446,-33.60375778807678,91.06629465681155,-0.7609633290166412,False
6597,-105.2002224176108,-33.07989350946865,90.40670671562323,-0.7977320657747066,False
6598,-140.0596577595054,-32.47987697259336,89.58292197628815,-1.2008960906118635,False
6599,-79.36788578719506,-32.31624691011767,89.3595573137127,-0.5265428823902317,False
6600,15.259305609995181,-32.32242419505183,89.36279303746124,0.5324557143720939,False
6601,53.97373294510248,-32.268755189614424,89.38879680603843,0.9648019798482288,False
6602,76.38217443392887,-32.08134448740418,89.5371699309965,1.2113797990814597,False
6603,95.75491904786827,-31.870286429413298,89.75182386077057,1.4219789636282254,False
6604,70.218801292938,-31.591593271946802,90.07634310700121,1.1302678489505815,False
6605,81.22888520752792,-31.567181665076955,90.10353349491399,1.251849539052448,False
6606,86.75119214891185,-31.529139642275016,90.15006421465726,1.3120382422529209,False
6607,86.61186598910092,-31.525374034001672,90.15502091432583,1.3103789320327286,False
6608,79.87980387437938,-31.544908884214824,90.12890597865423,1.236281651804179,False
6609,59.63419745567148,-31.563737374349042,90.1051517847232,1.0121278642081217,False
6610,27.832850692918896,-31.64108133476967,90.02071793882364,0.6606693813318164,False
6611,-64.19460352587112,-31.599005565100263,90.04700697959146,-0.3619842463854287,False
6612,-48.77693503780074,-31.588823030036263,90.04320103094452,-0.19088739417268782,False
6613,-31.43606795091023,-31.40961961264392,89.97844789292586,-0.00029394081455798055,False
6614,-40.690250208574525,-31.118030671678113,89.8980002655096,-0.10647867036669674,False
6615,-46.77815501300097,-30.68479185267468,89.67383188937605,-0.17946554553595384,False
6616,-84.25048360195751,-30.25249275286139,89.4182657441323,-0.6038809900832763,False
6617,-86.3554545878469,-29.95722346945133,89.1556228821424,-0.6325818753232217,False
6618,-46.63890424613351,-29.71043902906972,88.94024865052697,-0.1903352584900097,False
6619,-59.98549087647211,-29.201260667604362,88.59428670760683,-0.34747421479295654,False
6620,-39.33506204699279,-28.76189527439672,88.2548308077348,-0.11980269721019529,False
6621,-64.23735132490401,-28.193634873648996,87.87449193976107,-0.41017268669915474,False
6622,-57.05338390611996,-27.90502574902629,87.67459994363196,-0.3324606918746573,False
6623,41.144191122114535,-27.750786146939067,87.59991672613592,0.7864730908870647,False
6624,134.33235740441683,-27.429831205665476,87.75375380829584,1.843364888566055,False
6625,165.76880232004532,-26.75531207993227,88.5601492595183,2.173936200534186,False
6626,160.93038477024447,-25.88021945181419,89.73114066905313,2.0818926721443844,False
6627,136.1107261585414,-24.97833764649709,90.84256346919041,1.7732773895099565,False
6628,160.4698846706092,-24.251657822966408,91.64123782709386,2.0157032671481705,False
6629,164.67123184681532,-23.382716900033763,92.69678542492268,2.0286997859182336,False
6630,139.771958286649,-22.57696715619457,93.73996057291005,1.7319073365362696,False
6631,139.2767774329484,-22.085665224566462,94.3749068685418,1.7098024041738384,False
6632,123.83758425947428,-21.587125570350775,95.00643419761238,1.5306827485740933,False
6633,121.46609921788581,-21.27807710457524,95.39606565640423,1.4963319015334904,False
6634,89.44068462669259,-20.94646528096736,95.79640883052,1.1523098961147222,False
6635,1.7740336598664044,-20.679724148902345,96.0421661057081,0.23379062259024005,False
6636,-40.43236864491996,-20.574650843325042,96.05710544369607,-0.20672825513396853,False
6637,-48.351492656949176,-20.53532108212001,96.04755683875145,-0.2896083199859845,False
6638,-77.21119524198173,-20.39583538545508,95.9896817103351,-0.5918902828324453,False
6639,-101.64503046470588,-20.27155438118784,95.90196205310195,-0.8485068953903223,False
6640,-105.00374840653535,-20.20196646984219,95.83824920307796,-0.8848427704162364,False
6641,-81.25527273779517,-20.163551296846084,95.8027387655481,-0.6376824110472973,False
6642,-44.03837544182534,-20.079013368671223,95.74214720144455,-0.2502488483232243,False
6643,0.19813265583525208,-19.79097013989319,95.59585623403932,0.20910009683673733,False
6644,-37.449786098814,-19.282086843073255,95.47254639411993,-0.19029239233593626,False
6645,-60.41500447627914,-19.011364918708317,95.35539410047194,-0.43420343388173255,False
6646,-66.66666275424973,-18.936962853775224,95.31795281770086,-0.500741974513021,False
6647,-14.50914582096948,-18.83070704577863,95.25433738588222,0.04536865557420439,False
6648,53.9568449257315,-18.659946067385484,95.2361071465684,0.7624922224231584,False
6649,79.22539312375193,-18.55536663046564,95.30653756428036,1.0259606764989069,False
6650,103.91786383956673,-18.467012383287503,95.39072839977473,1.2829850266993377,False
6651,113.42536638779643,-18.2682290145461,95.61182239077746,1.377377735402787,False
6652,104.83675303641553,-18.003623118348628,95.9157344055256,1.2807114173301628,False
6653,55.14948590086715,-17.82636398624341,96.11605549851154,0.7592472403139834,False
6654,71.10617623935343,-17.76614634074776,96.1588328174369,0.9242242233620953,False
6655,68.94398200925593,-17.783514316983094,96.14241673208863,0.9020731876120265,False
6656,71.76639224663973,-17.8052546351809,96.12226793521795,0.9318511600474081,False
6657,53.51952815625964,-17.784283728898792,96.14153586429028,0.7416545954269773,False
6658,37.657832926735296,-17.759239359823557,96.15966507667828,0.5763026757879091,False
6659,-56.7993473825901,-17.63018100090564,96.2197442520262,-0.40708034183804886,False
6660,-46.40232118905192,-17.679532189634436,96.23780106106832,-0.298456414036219,False
6661,-72.84398358981025,-17.729484502458355,96.25059405445678,-0.5726146381618086,False
6662,-162.59438242889632,-17.84942659794347,96.30696397847508,-1.5029541982374588,False
6663,-156.64301424536689,-18.098821518997948,96.6286011916012,-1.4337803819767079,False
6664,-135.52643084548117,-18.191177874933285,96.75422745290145,-1.2127144834851271,False
6665,-121.25145550739762,-18.15676862521831,96.71119918643186,-1.066005672036409,False
6666,-108.88196142638321,-18.05772742828194,96.59629831605194,-0.9402454916122651,False
6667,-85.30952828099726,-18.080488916975042,96.6173696351659,-0.6958276717518173,False
6668,-101.7904257564785,-18.06575543047498,96.60686471975947,-0.8666534264296324,False
6669,-130.05516492692823,-18.242802295542504,96.7335572018881,-1.1558797780797758,False
6670,-162.7427557419419,-18.331557292117388,96.8297913303861,-1.491392230280547,False
6671,-96.3835454117775,-18.58646711724421,97.15464890904283,-0.8007550762431112,False
6672,-10.583209067809548,-18.770393139649602,97.27313958694276,0.0841669561258722,False
6673,3.1803005407512046,-18.87946114932,97.25350707063414,0.22682741583858199,False
6674,19.133221232056712,-18.90071567667573,97.24826208711971,0.391101456133579,False
6675,42.61985720760231,-19.035536659337893,97.17930472471356,0.6344498351948045,False
6676,39.82813189827198,-19.138544961164783,97.10424925837384,0.6072512512046607,False
6677,13.322762460154308,-19.31808024213931,96.96625835149163,0.3366206271873901,False
6678,45.33000735193491,-19.692206056901384,96.71653865020942,0.6722967376241551,False
6679,67.98324972869739,-19.87928983197217,96.55911912169435,0.9099351812637767,False
6680,86.82473796541399,-20.141356601532706,96.25829715896047,1.1112402538173247,False
6681,87.89339524476532,-20.318110645792416,96.03285090045964,1.1268175928955975,False
6682,58.24255680584906,-20.424524195572836,95.90211163408235,0.8202851810143528,False
6683,-26.651518659326484,-20.492722273904242,95.84169320085505,-0.06426009578644733,False
6684,-75.67581794514649,-20.437059394368582,95.8353466091002,-0.5763923281468325,False
6685,-97.88936867471352,-20.56746988982893,95.89586009432499,-0.8063111244722068,False
6686,-147.233371737957,-20.640149585014314,95.95011562652165,-1.319364977585821,False
6687,-166.06539816024883,-20.620222511987333,95.92331157260597,-1.5162651629074713,False
6688,-162.69337336387025,-20.712698688850917,96.05669833623348,-1.4780923884978348,False
6689,-152.40231195259094,-20.755666383969405,96.11893487143072,-1.3696223927648894,False
6690,-147.08854189326166,-20.60403142857727,95.88939979572635,-1.3190666615302105,False
6691,-155.5455945580245,-20.388627057140155,95.56187354795878,-1.4143398667571574,False
6692,-202.48132082319262,-20.195531816734423,95.25347112351578,-1.9136918251523565,False
6693,-200.0399465228677,-20.38802346482367,95.59038396621759,-1.879393256977966,False
6694,-230.80486648966667,-20.47055944108489,95.74025498656216,-2.1969265391877606,False
6695,-169.1468585519135,-20.719978595585534,96.23497848874081,-1.5423381631834985,False
6696,-90.23396917946934,-21.10424521003211,96.69964335090644,-0.7148911989114304,False
6697,-65.73736933118107,-21.263710261140282,96.79192809016645,-0.45947694138927975,False
6698,-46.356783851104865,-21.29476901253935,96.80543619624572,-0.2588905729194727,False
6699,-49.46056055408121,-21.4063160139988,96.82355978165782,-0.2897460556433393,False
6700,-20.18306797197465,-21.60884704031268,96.84657864255637,0.014722038592610754,False
6701,20.14680396609299,-21.8441748946366,96.79447090812474,0.4338158829401168,False
6702,16.611478053832116,-22.08488616414905,96.63841019435344,0.40042426339751797,False
6703,44.049533597481286,-22.2702751686747,96.53344235837864,0.6870138176565269,False
6704,71.88845342236164,-22.31904834483574,96.49763246691609,0.9762674933967538,False
6705,51.219025571090015,-22.23658349822669,96.57260257232542,0.7606257583697625,False
6706,36.73834058633736,-22.201521516151615,96.59834577998339,0.6101539485648437,False
6707,-45.54408561534581,-22.111436821410376,96.64648707589696,-0.24245732569186565,False
6708,-72.7969383929908,-21.906780432114424,96.55969100344544,-0.5270331484289911,False
6709,-127.68171966880573,-21.825157473375803,96.5105377559269,-1.0968394193713737,False
6710,-216.4490699160217,-22.047129108723304,96.7118549102374,-2.01011490253942,False
6711,-242.10159437590255,-22.505058667994977,97.45071771728173,-2.253411168761097,False
6712,-241.47108318840264,-22.896219697875154,98.20108602995487,-2.2257886580180415,False
6713,-253.92901319228417,-23.475248724070028,99.20227155439308,-2.3230694303391557,False
6714,-255.8864401875078,-24.069523280507056,100.28257396250358,-2.3116370845614598,False
6715,-262.30411372733124,-24.79711814101418,101.51821931532523,-2.339550449053857,False
6716,-262.7132712323605,-25.679452979395055,102.93310022097694,-2.3027949002225805,False
6717,-272.1996637563766,-26.550127940030972,104.3147724055221,-2.3548873294895065,False
6718,-250.73333249103428,-27.306681319936306,105.63229222175254,-2.1151358781655634,False
6719,-146.37080106999292,-27.7655295063246,106.43614120899719,-1.1143326901599704,False
6720,-90.81012205461866,-28.10791623812493,106.72593852163688,-0.5875067175331695,False
6721,-77.98427448586835,-28.68437113381619,106.80193721525457,-0.46160120909314967,False
6722,-57.24224322988994,-29.307077356581118,106.7824695464936,-0.2616081646355417,False
6723,-22.73202800284639,-29.997359441508827,106.58463364990115,0.06816490510749318,False
6724,-6.608568473070932,-30.56612246188069,106.2872180975444,0.22540390479335784,False
6725,3.5914559587865824,-31.1105883111007,105.92605677533683,0.32760630694946336,False
6726,-9.30563794168529,-31.7012985314978,105.45028482385005,0.2123812242633906,False
6727,11.602936326751092,-32.41888969079825,104.88032598156808,0.41973387864265266,False
6728,20.810337262898656,-32.98737963613325,104.3771360280892,0.5154166798038439,False
6729,17.42911452739827,-33.518399288488766,103.87092380912618,0.4904886945023083,False
6730,-1.7881321403234551,-33.90704295695679,103.55506531626412,0.31016262428631597,False
6731,-69.3113718235195,-34.22280633115731,103.37453671009415,-0.339431417146423,False
6732,-77.48200669546736,-34.44098812478531,103.40988718173558,-0.4162176339583516,False
6733,-97.3735301544607,-34.62071906839923,103.45857665814025,-0.6065501103249906,False
6734,-165.30581425327068,-34.85012767911388,103.55527084152642,-1.2597686772872898,False
6735,-179.119309383452,-35.085741398349036,103.80798867438499,-1.3874998429734897,False
6736,-178.47696150380375,-35.320483162289804,104.09013656702108,-1.3753126190716352,False
6737,-174.9259538592696,-35.68178409882097,104.48266849686047,-1.3327011241546984,False
6738,-147.77997057920697,-36.012655007250764,104.83659336691116,-1.0661097617011326,False
6739,-124.1947206334055,-36.520665226857524,105.1716379888826,-0.8336283154191795,False
6740,-119.02464952461719,-37.00933491258797,105.38821238998283,-0.7782209485491263,False
6741,-124.58118486240505,-37.42304516412355,105.57388038140833,-0.8255653707470446,False
6742,-151.57577911167732,-37.73157463026042,105.75331890873517,-1.076507155105592,False
6743,-97.63197716519244,-37.906549086913415,105.91807012841655,-0.5638832732305931,False
6744,-36.91698416624649,-38.08052548459848,105.99244201361057,0.010977587611412685,False
6745,-29.42481039394147,-38.61785817406342,105.75468268519612,0.0869280446662323,False
6746,-10.971030369794335,-39.26258945801859,105.3634544101353,0.268513966693776,False
6747,-10.686798972344377,-39.865763074407994,104.90600662606603,0.2781438836583596,False
6748,5.06339009356509,-40.50119499778157,104.39980514943007,0.4364432005033814,False
6749,7.194371645003571,-41.088421660292624,103.85980594524624,0.46488430115833607,False
6750,12.890647803792376,-41.60767934029203,103.3952442518582,0.5270873678806071,False
6751,18.732733915543577,-42.060971560379755,102.98514617734942,0.590315280722438,False
6752,14.508580373892187,-42.51675735720098,102.54205122451303,0.5561166082609148,False
6753,7.102316860842734,-42.8603672048813,102.25153173511792,0.4886252872490176,False
6754,-27.88230846393401,-43.114721904583966,102.07256199675126,0.1492312247549422,False
6755,-90.61658836834431,-43.32076184414886,102.0062543611271,-0.4636561436395522,False
6756,-94.29112735100102,-43.28373044580545,101.98783726898269,-0.500132155667432,False
6757,-91.12707398959992,-43.34497487139042,102.01552090730637,-0.4683806806380512,False
6758,-121.52716750221862,-43.56913604347557,102.07925235700796,-0.7637010426574805,False
6759,-148.074304631102,-43.595470619175266,102.09890512081647,-1.0233100334258631,False
6760,-155.7622738779903,-43.6378230540217,102.1410022015287,-1.0977418314610043,False
6761,-132.41549181286086,-43.638366511490304,102.14160210227604,-0.8691573607047655,False
6762,-116.24046350964909,-43.509569784037446,102.01510318024008,-0.7129424120378612,False
6763,-79.88477980865832,-43.38299894349149,101.91092280651775,-0.3581733916242425,False
6764,-82.53567109930509,-43.135893185564456,101.7708574226386,-0.38714204548871456,False
6765,-109.33876727178085,-43.01466581989761,101.71135161714001,-0.6520816054194148,False
6766,-151.18773163086166,-43.039300015458146,101.72700293351437,-1.0631241312209503,False
6767,-84.27227216266397,-43.1055385504067,101.79415587236846,-0.4044115623285185,False
6768,32.802866625809656,-43.13473132645115,101.80532018225732,0.7459099172451229,False
6769,54.27228900184036,-43.03030536802368,101.87455008644321,0.9551217088792073,False
6770,64.65827012913837,-43.02852824863834,101.87625496612496,1.0570353063487052,False
6771,67.03322324613328,-43.09831339330971,101.79795428413088,1.0818639472071514,False
6772,77.75425061488158,-43.26927586832004,101.5872637113342,1.191325782994772,False
6773,69.6226692877292,-43.22442200330847,101.63932242390811,1.1102700077080916,False
6774,69.39716899335986,-43.293506621878706,101.55813649087175,1.1096174024950471,False
6775,70.93887929745915,-43.39680437875698,101.43382172459849,1.127194871811567,False
6776,67.38372504102585,-43.490095966207235,101.32067737095726,1.0942862195966148,False
6777,59.54975735881624,-43.56447738783434,101.23411670280917,1.018571980524716,False
6778,30.55121866810623,-43.56498000745847,101.2336014695079,0.7321304151950861,False
6779,-79.60363952189675,-43.54879924570141,101.24529831015901,-0.35611372456766793,False
6780,-60.64144718244381,-43.640519698058704,101.27109023326517,-0.16787542669112793,False
6781,-67.30192369719748,-43.711141794157776,101.27883020074314,-0.23292905196753155,False
6782,-93.71908339127913,-43.924629030742814,101.29060085705736,-0.49159995043179683,False
6783,-98.56096901648652,-44.24027684730653,101.36306122806455,-0.5359022459568351,False
6784,-107.449570890534,-44.548507883041566,101.44952008682094,-0.620023268258553,False
6785,-107.65818316553236,-44.686597688330714,101.51964941540808,-0.6202896270802545,False
6786,-102.11484159287807,-44.81339964415027,101.58528982059197,-0.5640722396906765,False
6787,-98.15671205279227,-45.14361355692851,101.68137915838142,-0.521364864783052,False
6788,-101.15011348630787,-45.370823206787556,101.75736120147792,-0.548159755922505,False
6789,-98.92624782832854,-45.738769941545385,101.84712529538274,-0.5222285629812904,False
6790,-97.7694938943564,-45.94525146835148,101.91999078590197,-0.5084796616089714,False
6791,-27.002887473070587,-46.18760926590051,101.9949455355144,0.1880948285437326,False
6792,81.73243467797056,-46.593246638490896,101.7808311058473,1.260804022940319,False
6793,101.3940850518643,-46.90634141662451,101.30071180642648,1.463962333767932,False
6794,81.57772835766059,-47.289524257506535,100.61082744097975,1.2808487505061337,False
6795,60.226899081945476,-47.761861498057634,99.81053017635429,1.0819375509698104,False
6796,63.38895453034047,-48.213550944942135,99.14290994692843,1.1256730868099782,False
6797,57.842748025828655,-48.79141362434849,98.19771435532942,1.085912868239686,False
6798,71.99377736459974,-49.42729745661627,97.14741953370445,1.2498641281880887,False
6799,67.42323094348308,-49.83073900972371,96.49554306626047,1.215123167633682,False
6800,73.72721192432641,-50.25843869120862,95.8091357026146,1.2940900646508129,False
6801,89.18540411959293,-50.556714717013065,95.3407466243474,1.4657124449340078,False
6802,78.00964421139668,-50.74886171164577,95.02398339223748,1.3550106123372716,False
6803,-4.929152957448423,-50.816903618879664,94.92704274657261,0.48340019170235915,False
6804,-19.977396021777395,-50.856803539220834,94.90621171754496,0.3253676124945874,False
6805,-34.996009659263564,-50.73504774979737,94.93278256185945,0.1657913911906884,False
6806,-62.787318840247394,-50.655550827192094,94.94038215959507,-0.1277830122135148,False
6807,-79.44003683423989,-50.56969442003891,94.92274383581805,-0.3041456793973024,False
6808,-78.58191434994933,-50.437521838905184,94.86664231032317,-0.2966732228065959,False
6809,-51.77410611849723,-50.280249017139795,94.79751534149483,-0.015758399320657538,False
6810,-22.214003087228548,-50.10476588250111,94.76711495555234,0.2943084508624525,False
6811,-26.538617726254415,-49.97485890419995,94.79043615306892,0.247242676888841,False
6812,-33.33152194647778,-50.13400622790286,94.72811856141787,0.17737588940427473,False
6813,-48.094063450956355,-50.109492750805614,94.7319533821816,0.021275073804488308,False
6814,-54.21024060924037,-50.036153816131076,94.72869657263439,-0.04406359365357428,False
6815,-26.6952088701546,-49.96200844622031,94.72047625796542,0.2456364293682393,False
6816,76.1535830288708,-50.03454453579879,94.69782748357855,1.332534556682958,False
6817,92.33818623592265,-49.90242109470868,94.85913338880755,1.4994930087292397,False
6818,113.77322942966225,-49.82436875475527,94.97134742066643,1.7225995274109118,False
6819,108.69574085564022,-49.765705864338045,95.06987385158747,1.666789281401074,False
6820,121.22061979345676,-49.79385839726755,95.02194778135122,1.7997366101591026,False
6821,97.4986070479273,-49.69633538085658,95.18985792040375,1.5463300990728017,False
6822,86.02990785729287,-49.444257278790744,95.52465402845331,1.4182115236526354,False
6823,84.8765466057838,-49.355425542969684,95.64429352931778,1.4034498786653429,False
6824,89.38383834720253,-49.260588848942724,95.77011270060335,1.447679482528914,False
6825,69.78770444131499,-49.15572309834414,95.9129663750334,1.2401183284705566,False
6826,64.71485253332548,-49.058888715695005,96.02539507127314,1.1848297126460554,False
6827,-22.64389365175373,-48.89783502756053,96.19424871132654,0.27292631033060394,False
6828,-40.06501652712814,-48.694528755353176,96.21354068123543,0.08969124477827325,False
6829,-34.10475197625169,-48.6568067037941,96.21568705583904,0.15124409722394944,False
6830,-102.62276385405062,-48.42621603942769,96.20379343846085,-0.56335146336294,False
6831,-153.93942328712933,-48.06924211933932,95.88837247231929,-1.1040982179393255,False
6832,-201.525790655744,-48.05314931601648,95.8702667452231,-1.6008366989066978,False
6833,-226.90931309278608,-48.44600264822042,96.36480686136399,-1.8519552547987082,False
6834,-221.72582204003334,-49.074918467181064,97.18411015573452,-1.7765342842177034,False
6835,-201.61437736449852,-49.74660811369089,97.98659072422544,-1.549883184304534,False
6836,-178.11198426373585,-50.438898882045066,98.64797690082374,-1.294229130619147,False
6837,-199.52878236511947,-50.89319387315969,99.06075265908665,-1.5004488104737383,False
6838,-188.32162129590506,-51.306727310291784,99.53706181377376,-1.3765213829795144,False
6839,-127.81622068022489,-51.45898246239871,99.7279188674266,-0.7656555865698125,False
6840,-66.51753551176785,-51.64608171994899,99.84212637701305,-0.1489496901905202,False
6841,-35.093455038893126,-51.97902413925826,99.79762639321528,0.1691981033079269,False
6842,-7.77240934374322,-52.20684411294662,99.71460510955806,0.44561611331040785,False
6843,-14.42349943701629,-52.366996675897816,99.62090171929529,0.380878877665613,False
6844,2.518350495761524,-52.706540465449116,99.39216332463444,0.5556262094913382,False
6845,12.755807524126794,-52.92862249760692,99.22570874033767,0.6619698751018485,False
6846,18.80258547780818,-52.93199722936898,99.22345161011253,0.7229599610085143,False
6847,25.39720625630912,-53.089898550048304,99.0871578309243,0.7921016862778785,False
6848,39.0064619022221,-53.343386904050625,98.82970755010766,0.9344340997816918,False
6849,47.07852050038582,-53.62801949966485,98.49188341514177,1.0224856760589516,False
6850,13.79061337179246,-53.87096518266712,98.19058560816524,0.6890841737563997,False
6851,-56.06743268592061,-54.1355600840603,97.94625190178893,-0.01972380325280238,False
6852,-78.31713433195364,-54.31065481040908,97.92311565272733,-0.24515641032788088,False
6853,-89.78357173427935,-54.32637693175913,97.92677846448188,-0.36207864037292486,False
6854,-144.1101436555266,-54.278128140447016,97.90718124808444,-0.9175222324852411,False
6855,-161.83562784429773,-54.25953749709921,97.88972015191771,-1.0989518631808146,False
6856,-147.98089277395616,-54.23436029283761,97.86133135792265,-0.9579527600973009,False
6857,-140.39455321506853,-54.14678600361193,97.77023277596538,-0.8821475081182242,False
6858,-114.13270298484554,-54.07531124922192,97.7023386835708,-0.6146975860028477,False
6859,-81.66631506641511,-53.879145541433715,97.54743083348687,-0.28485803559925627,False
6860,-48.651895840805764,-53.43938792541224,97.25244272130278,0.049227473887993096,False
6861,-75.02954963243019,-52.52373658623136,96.56250031329279,-0.23306990781286432,False
6862,-128.47349636270997,-51.779627080931135,95.8983152821443,-0.7997415706014888,False
6863,-80.85259902591702,-51.170511782556396,95.07585655949914,-0.31219374000365024,False
6864,20.654273869603685,-50.64495071394928,94.66294109088146,0.7531904646307356,False
6865,41.86969741857661,-49.98490164818098,94.77177726226458,0.9692189143247341,False
6866,58.36868920052666,-49.34438339371813,95.02796290859003,1.133488178609668,False
6867,69.11557634893643,-48.721017482696524,95.39047679773165,1.2353077349796313,False
6868,79.15082950251099,-48.015207143988086,95.82267540375884,1.3270975383506223,False
6869,86.46447278432242,-47.42393394473519,96.30071895598249,1.390315754446816,False
6870,77.98729020361304,-47.029185916055255,96.71439145105603,1.292635710611228,False
6871,86.03458221979724,-46.663853700877986,97.07149163156548,1.367017583538653,False
6872,97.40892714149061,-46.41394269717373,97.36004858688506,1.4772267673050246,False
6873,90.25432527424687,-46.26203511551225,97.56542983050727,1.3992288111364672,False
6874,67.62603796182282,-46.0296821410887,97.84505277459695,1.1615888272321462,False
6875,-20.32823708491628,-45.845826799567945,98.0303532096783,0.2603029457628474,False
6876,-39.79933179380896,-45.6957324630773,98.05011998026885,0.060136598205641184,False
6877,-43.80571281781204,-45.499318138082174,98.02855375527544,0.01727665313208801,False
6878,-103.63672355280528,-45.000056192540534,97.82086165322825,-0.5994290621578229,False
6879,-153.32414147424106,-44.32855413085473,97.02081829452526,-1.1234247376940212,False
6880,-155.33954564310898,-43.800116911201975,96.17525460076727,-1.1597518425598965,False
6881,-139.9712218366385,-43.28742918771809,95.34116387837904,-1.0140823618668438,False
6882,-106.68297543979884,-42.60910900107734,94.2324856718947,-0.6799551766236794,False
6883,-87.43462918283353,-41.72099313948383,92.9041060189366,-0.4920518371279727,False
6884,-105.78602558954367,-40.68010335052848,91.3851060469962,-0.7124347178142296,False
6885,-135.9649915985226,-39.74601260265458,89.89182286446098,-1.0703863369301914,False
6886,-163.8846572660209,-38.935091935048305,88.38413254988879,-1.4137103768082386,False
6887,-113.91361109068384,-38.41813553489941,87.38626717145489,-0.8639283722654004,False
6888,-27.068253155189723,-38.22493797549877,87.18181107477007,0.12797032641063966,False
6889,0.7260340470670599,-37.84552208919264,87.09024405492003,0.4428918135989614,False
6890,22.634318747913767,-37.37700834792517,87.08473540357178,0.689114192260353,False
6891,41.09450717226878,-36.90155262186682,87.19361051983378,0.8945157716160171,False
6892,56.44074084625845,-36.52163276963398,87.39454056838524,1.0637091631959599,False
6893,26.73840902684924,-36.14633926178084,87.65873898555547,0.7173813930747088,False
6894,17.94891117719112,-36.00855977923284,87.73972515899264,0.6149719623425757,False
6895,61.221218918886734,-35.84633032019191,87.81455883343514,1.1053696622583322,False
6896,77.40661375184652,-35.550983400000625,88.05820331957334,1.2827606389141402,False
6897,63.36690209433141,-35.214100801852126,88.38277637535568,1.1153870351109665,False
6898,48.8722694150091,-34.940661590144195,88.61736953152447,0.9457844601823567,False
6899,-37.47379875135721,-34.639111580886265,88.81682748592172,-0.03191610475976826,False
6900,-62.06007850608239,-34.44960221736149,88.77636079328092,-0.3110115805829542,False
6901,-99.32726289544689,-34.357805025758005,88.7395633818869,-0.732136325599165,False
6902,-190.04110816106208,-34.36943438731149,88.74799869075039,-1.7540865830248318,False
6903,-244.57282428190115,-34.51666827961977,88.98672130400637,-2.3605337169875504,False
6904,-280.1132086905777,-34.90627253496769,89.76351067794324,-2.7316994879508703,False
6905,-272.62842342674753,-35.511250196793725,91.06991727324292,-2.6036827563872262,False
6906,-224.3889269875467,-36.092812515647765,92.26959185813784,-2.0407168892802674,False
6907,-164.07321501801607,-36.54881820855454,93.01119073315517,-1.3710650923212364,False
6908,-129.31458004174237,-36.786190198939124,93.28668801963235,-0.9918713141936231,False
6909,-148.72223158857832,-36.84743978535058,93.34436717399313,-1.1985167952844336,False
6910,-150.78890295910833,-36.991136492054,93.49868959044488,-1.2171054692373349,False
6911,-105.41765566701292,-36.98645270543157,93.49293467012652,-0.7319398327053152,False
6912,4.974727991866985,-37.03279602984716,93.52510003603727,0.44915775557072624,False
6913,3.0878687918723244,-36.783440600334586,93.58123938648747,0.42606092474945434,False
6914,36.897909751510724,-36.589912748038074,93.63015395146108,0.7848734558061894,False
6915,47.12858141495008,-36.304978580649355,93.78129897216898,0.8896609549027424,False
6916,63.097786982077196,-35.96083941167736,93.98173543519586,1.0540199745732448,False
6917,73.78654617095583,-35.61539657305527,94.23973118421415,1.160889800610305,False
6918,79.97080315732956,-35.21901458182936,94.56037297178143,1.2181616264725783,False
6919,91.1112414714396,-34.81972794282021,94.9057294981145,1.3269058683834436,False
6920,86.1106536999107,-34.388903493082736,95.31369077938092,1.2642418545296845,False
6921,72.51922848516404,-33.96270067566596,95.69298161268871,1.112745442417176,False
6922,37.044360544493884,-33.57331429694976,95.99370291896925,0.7356490341981478,False
6923,-49.202528204539476,-33.18684602904244,96.14732561948773,-0.16657439062715726,False
6924,-45.65374465184209,-32.94033376616265,96.05224348992935,-0.13235933304371367,False
6925,-50.81605028743729,-32.65082553581052,95.93945262190304,-0.18934050857279583,False
6926,-133.6176322988929,-32.41087896615479,95.8426871116141,-1.0559674022377654,False
6927,-187.88313593580733,-32.48284601851595,95.91451646501929,-1.6201957289120774,False
6928,-199.07333359270706,-32.719803347710624,96.25038169560621,-1.728341512152054,False
6929,-190.43232214550972,-32.97760727458394,96.63913954591936,-1.629305844513538,False
6930,-164.5752566295862,-33.32294555037351,97.09917298052501,-1.3517345931003728,False
6931,-129.14532288331384,-33.6106526522779,97.4174177159054,-0.9806733997983805,False
6932,-114.06982526986621,-33.903870170579424,97.63143240628976,-0.8211080501787478,False
6933,-125.4540089707018,-34.091573469213714,97.75572453272193,-0.9345993386904539,False
6934,-132.18380929711475,-34.18749752694539,97.83787607018441,-1.0016193697814055,False
6935,-78.40489171832814,-34.07437894162546,97.71269818707732,-0.45368220916209917,False
6936,9.569324761998587,-34.03945405802823,97.69569590083066,0.4463735932061264,False
6937,31.7195454189241,-34.17774895007472,97.61692204048954,0.6750601534195674,False
6938,33.4023913134813,-34.311991471401605,97.5100061169942,0.6944352224082316,False
6939,18.160199901688202,-34.49803836911385,97.3497283800166,0.5409181838211624,False
6940,21.901273157089918,-34.788949222354596,97.11725122552228,0.5837296841093707,False
6941,44.81107772099381,-35.12140742150812,96.8248385079437,0.8255369838385437,False
6942,66.736928977704,-35.26909546654821,96.68293318293276,1.055057196612433,False
6943,77.50149577139325,-35.284930228546166,96.6659046078906,1.1667653290727384,False
6944,81.59397553701103,-35.245867035248935,96.71040299126493,1.208141409387087,False
6945,46.71033906021421,-35.161282210868066,96.80686852318874,0.8457212026383342,False
6946,39.46243842523984,-35.23770731978832,96.73669292430912,0.7722007387980143,False
6947,-46.15759569405918,-35.18466434504347,96.77541789274697,-0.11338552276960095,False
6948,-70.11641767550111,-34.98558075083016,96.7178783018635,-0.36323002056584686,False
6949,-115.28270925036372,-35.0419793847174,96.73568937602127,-0.8294842408549198,False
6950,-142.24235887026794,-35.327579298724345,96.90218842983782,-1.1033267803745774,False
6951,-135.58802688041942,-35.61640831943261,97.14927355618674,-1.0290516326215013,False
6952,-155.73151355699292,-35.83680747338459,97.33475270127185,-1.23177696307068,False
6953,-152.99354341646426,-36.124199989256375,97.61833012091199,-1.1972069516293837,False
6954,-137.56384975388642,-36.394053324083345,97.8795730651451,-1.0336150154891677,False
6955,-121.91717519956819,-36.60505932504173,98.0601438705005,-0.8699978656689586,False
6956,-115.35512417271138,-36.74649065329635,98.16652794737232,-0.8007681962792614,False
6957,-129.35039168996218,-36.83104428833447,98.22843087245303,-0.9418795208259164,False
6958,-114.84478933734295,-37.01214038274895,98.37153753001677,-0.7912110647944727,False
6959,-44.388274093169,-37.11377904610006,98.44348355410376,-0.07389514048505744,False
6960,37.660735555064775,-37.217263490267314,98.44192907786191,0.7606311634355305,False
6961,52.58748289074879,-37.479595032665564,98.18142684904905,0.9173535241231495,False
6962,68.638866766423,-37.77011052171982,97.83965744381585,1.0875853418563723,False
6963,53.832144996982834,-37.847127555000995,97.75019880728901,0.9378934638560297,False
6964,53.50516580049998,-37.88519156741149,97.71301800299187,0.9352935692264994,False
6965,64.32948150200855,-37.94402364318435,97.65463470454513,1.047298015650995,False
6966,74.05841312565201,-37.905412134397565,97.69400891800805,1.146066442559623,False
6967,93.16181644850667,-37.89312263581987,97.708045413863,1.3412911754524999,False
6968,89.64141833908263,-37.73991676971854,97.89417164336423,1.3012146992045746,False
6969,91.45228145190777,-37.64518935058309,98.01030963777221,1.3171825625244016,False
6970,88.79739433524912,-37.63169603312883,98.02802971244196,1.289723875296162,False
6971,10.855943041357477,-37.56748323477257,98.1077344506596,0.4935739933988913,False
6972,-21.479110369285877,-37.473524330017774,98.14673076263222,0.16296430697640224,False
6973,-65.93719832824775,-37.482463105895796,98.14519612268126,-0.28992489033068514,False
6974,-73.43163388886148,-37.66663684797309,98.1695304729777,-0.3643187134396362,False
6975,-110.35208613051486,-37.7299958661196,98.18927350513344,-0.7396132761955766,False
6976,-98.29241935130949,-37.913996159549804,98.29680813360281,-0.6142460201728492,False
6977,-66.83000156660387,-38.03132059408171,98.35738323034506,-0.2927963313651601,False
6978,-62.67422942481642,-38.120939019368066,98.37683713628833,-0.24958405982734488,False
6979,-50.563408533364736,-38.36177369994894,98.38718690670368,-0.12401650272800338,False
6980,7.824882832503363,-38.50477840713412,98.3873590608421,0.4708903834992412,False
6981,42.306674919801935,-38.259799807259235,98.45153484494222,0.8183364012958315,False
6982,18.12484061113014,-37.72170017409996,98.6443222651334,0.5661404478519033,False
6983,53.93400086381439,-37.29113421445489,98.72974986058014,0.9239883136247343,False
6984,142.82997147284732,-36.811198442228886,98.97722960031633,1.8149747233832665,False
6985,158.57224427967662,-36.41431517768141,99.56484980492198,1.958387521694618,False
6986,176.24766755388396,-36.02006483218287,100.20679351255994,2.118296823453004,False
6987,156.02599839477557,-35.64819317668155,100.87967491908397,1.9000278472863819,False
6988,75.36301262206439,-35.36646545323432,101.35019214372562,1.0925433463241219,False
6989,28.825059527438953,-35.63942740068309,100.98704032617083,0.6383441550511115,False
6990,18.22624412029984,-36.04819851687647,100.58308177006195,0.539598128055476,False
6991,-0.17133046437800203,-36.45179175340619,100.22570320869693,0.3619875952726666,False
6992,3.2860391441793126,-36.95802911691906,99.82318638663108,0.403153512904574,False
6993,1.7169612015455868,-37.470516016937054,99.39074402998101,0.39427692790650426,False
6994,-4.241192346909656,-37.87569901241187,99.08916299388437,0.3394367824822386,False
6995,-71.91778127742998,-38.28615166050851,98.80406870556693,-0.3403870919237414,False
6996,-60.54596201934805,-38.579448610661345,98.83048758642994,-0.22226454553789787,False
6997,-58.98638358761059,-38.701359000495984,98.8449619246442,-0.20522062219599185,False
6998,-102.30701820616719,-38.849463950563596,98.85667340714646,-0.641914724302428,False
6999,-111.22638040121205,-38.84758451218334,98.85545669891854,-0.7321679379770699,False
7000,-116.84820602817535,-38.59334020929097,98.61230928170139,-0.7935608281450666,False
7001,-99.36450700959563,-38.08930696746021,97.9889667438979,-0.625327545317251,False
7002,-93.95951148848553,-37.3301116931555,97.00644165917552,-0.5837694778486253,False
7003,-61.771474317902175,-36.56959793987248,96.04825529635424,-0.2623876540002731,False
7004,-48.764080540913255,-35.73719970745227,95.21166451794684,-0.13682021944911482,False
7005,-55.996977980106976,-34.96727170910213,94.57431032102956,-0.22236171957924053,False
7006,-136.4703504996121,-34.11291573061991,93.72329190313967,-1.0921237687081635,False
7007,-87.84129872072344,-33.80427721397531,93.29683411149261,-0.5791945891987311,False
7008,20.89357107265596,-33.56633124993066,93.10641062882574,0.5849210806728902,False
7009,37.602909167307644,-33.04602704407099,93.16538757014543,0.7583174186678088,False
7010,71.0745112030329,-32.61331059046266,93.32450820762028,1.1110460026515208,False
7011,62.07839899138207,-32.143983682446134,93.6478800783278,1.0061347100972269,False
7012,24.728508542865484,-31.688615239419953,93.92016466710326,0.6006923431432851,False
7013,57.21600648550975,-31.556411917711,93.98421301331861,0.9445460631844703,False
7014,73.54129292535777,-31.291767876274196,94.17214447403218,1.1132066853435574,False
7015,87.05125606452225,-30.965942236705445,94.44081528656957,1.2496418835766967,False
7016,102.50756343619832,-30.598953844989893,94.78032957857528,1.404368584420669,False
7017,108.44193051094112,-30.220971097763844,95.1853327669182,1.4567675247640408,False
7018,84.03120322543691,-29.85571270484387,95.60056373165047,1.191278706786289,False
7019,-8.292281386479772,-29.437613955715033,95.9455615536305,0.22038885621004675,False
7020,-21.96053201077575,-29.153238055123126,95.93696072417708,0.07497325316596923,False
7021,-70.78914891142858,-28.817782088925636,95.86252361573919,-0.4378287284689413,False
7022,-138.0906202509641,-28.70472004831343,95.80137054924559,-1.14179890721315,False
7023,-176.82223717721718,-28.668889551857703,95.75906585291064,-1.5471469599852647,False
7024,-190.59713112026475,-28.758095559791748,95.89075242995192,-1.6877439321241767,False
7025,-175.42882479321952,-29.01176364518644,96.26367440743456,-1.5210001285461539,False
7026,-154.51580234110952,-29.22030097600877,96.5439489375939,-1.2978079179886446,False
7027,-185.38853421728618,-29.460676567415103,96.80654609632376,-1.6107160511100236,False
7028,-208.03634830210808,-30.078070729027427,97.46996346528476,-1.8257755645559761,False
7029,-206.0303682511926,-31.026787707963752,98.42285382074101,-1.7780787058051115,False
7030,-222.33077501964567,-31.80655448545639,99.28868487897357,-1.918891571244255,False
7031,-157.27556104234463,-32.36522876317624,100.0966334633194,-1.2478974362803321,False
7032,-103.6448659907162,-32.82012734660736,100.4911864477266,-0.7047855752101242,False
7033,-110.6618380393802,-33.560003179109266,100.5526818322898,-0.7667804921291691,False
7034,-87.75248583313828,-34.46792898540663,100.55615258651514,-0.5298985241294649,False
7035,-69.18802896775605,-35.337697884416535,100.38013572099885,-0.3372214117883311,False
7036,-61.24771953856953,-36.16093363034923,100.08505864713402,-0.25065465562315153,False
7037,-33.76518215818396,-36.99663927940328,99.70187234515639,0.03241119795656785,False
7038,-23.821154466390567,-37.712291987394394,99.24080472191997,0.13997405160032525,False
7039,-11.526487881919707,-38.31829463423965,98.84009971185247,0.2710621178087216,False
7040,15.293270131096165,-38.89901528960701,98.3906887342674,0.550786727055699,False
7041,18.37145092971332,-39.38779896228793,97.91228892859993,0.5899080751152772,False
7042,19.179738678270496,-39.81567321433873,97.49855272136693,0.6050901295038434,False
7043,-50.22621359302104,-40.104044043407484,97.25019854498588,-0.10408379315473848,False
7044,-60.29226476406461,-40.282008189289066,97.24114852974822,-0.20577972265160943,False
7045,-107.63262495764502,-40.40398993315963,97.25339207732624,-0.6912729066666574,False
7046,-155.50880280153774,-40.783912029230066,97.39133319700478,-1.17797844024006,False
7047,-190.32172069721832,-41.092674405710625,97.67360702581811,-1.527833883026987,False
7048,-169.94557139663107,-41.31289809156167,97.9694304756239,-1.3129878644856972,False
7049,-164.29713206056954,-41.399838721046926,98.07764774379416,-1.2530611833245042,False
7050,-136.1780520571947,-41.54463580571318,98.24186448746585,-0.963269750072336,False
7051,-114.56824802014216,-41.720201737959584,98.38521928727022,-0.7404368949920934,False
7052,-85.63793994340904,-41.881711373895946,98.48293648735309,-0.44430263891585065,False
7053,-113.57253341374417,-41.761782292668954,98.41689572899378,-0.7296587703682229,False
7054,-161.036764213693,-41.62849385109289,98.30364819896675,-1.2146880868644627,False
7055,-112.62982004671107,-41.61154210673379,98.28268309168733,-0.7225919735394765,False
7056,-10.168698663783061,-41.60390049337682,98.27707759291496,0.31986300976312304,False
7057,13.72686863796116,-41.50330790711845,98.30069083140859,0.5618493225017368,False
7058,33.27475105993153,-41.425921986934554,98.33924419912604,0.7596222002236007,False
7059,47.27906573041673,-41.362586080315396,98.38416584244112,0.900974776293664,False
7060,34.723275685715635,-41.325773231754994,98.41635572283485,0.772727747932913,False
7061,60.81933683291686,-41.455043857710606,98.30136555403155,1.0404166830664436,False
7062,55.663288811641905,-41.2521811921983,98.47794526901417,0.9841337544065757,False
7063,59.66326143543722,-41.02769084913609,98.65653312178125,1.0206212310367808,False
7064,70.1276889205725,-41.036964405585195,98.64693709143637,1.126894119612843,False
7065,64.63678314020638,-41.08029133910469,98.59618916719674,1.072222723537914,False
7066,24.016874548029932,-41.07273252335543,98.6042928392413,0.6601092629659001,False
7067,-48.967113738083754,-41.22068130232554,98.48710584093645,-0.07865428037117107,False
7068,-56.74661001852746,-41.28909389153224,98.48847935987028,-0.15694745443793987,False
7069,-67.0360881779909,-41.25746610291584,98.48262218131491,-0.26175807979213245,False
7070,-118.11759701991696,-41.065256729597664,98.40008510308864,-0.7830515614859029,False
7071,-139.26418681136352,-40.63714059185275,97.90325128349933,-1.0073929611787409,False
7072,-138.8569895228684,-40.01030346405192,96.92191758156912,-1.0198589599264527,False
7073,-124.87174926711918,-39.169492635672704,95.42771024741904,-0.8980856441933166,False
7074,-92.53239845868939,-38.28998862281777,93.93234437199798,-0.5774625364513071,False
7075,-89.9061606606067,-37.505128333955525,92.91340967659148,-0.5639770675626495,False
7076,-92.11743569700116,-37.063657772304275,92.48363598810211,-0.5952812877272632,False
7077,-122.23819835350514,-36.84224619882367,92.30581424968912,-0.9251416375969954,False
7078,-158.13504059962042,-36.684603143853,92.13605667731136,-1.3181640482088788,False
7079,-105.61654225228426,-36.72833015361796,92.1922599685679,-0.7472233799470054,False
7080,24.801790484064668,-36.72951400233982,92.19314856847865,0.6674173237580735,False
7081,57.18637705866695,-36.61149577321959,92.25952126359662,1.0166741767919503,False
7082,73.01791511074316,-36.28948084306009,92.49302928666403,1.1817906365140922,False
7083,79.62030136243698,-36.0744808111599,92.70590756880465,1.2479763718156829,False
7084,88.73794699920404,-35.881077716234394,92.91418337456838,1.3412271430407685,False
7085,64.8073973716198,-35.72845771613244,93.09861381404166,1.0798856284645224,False
7086,61.69299026359306,-35.7819050304142,93.03792313151503,1.0476899313005976,False
